region,year,manufacturer,model,fuel,odometer,title_status,transmission,state,lat,long,price_category
chattanooga,2020.0,ram,2500 crew cab big horn,diesel,27442.0,clean,other,tn,35.06,-85.25,high
north jersey,2016.0,ford,explorer 4wd 4dr xlt,,60023.0,clean,automatic,nj,40.821805,-74.061962,medium
reno / tahoe,2017.0,volkswagen,golf r hatchback,gas,14048.0,clean,other,ca,33.779214,-84.411811,high
fayetteville,2013.0,toyota,rav4,gas,117291.0,clean,automatic,nc,35.715954,-78.655304,medium
new york city,2021.0,nissan,altima,gas,8000.0,clean,automatic,ny,40.6548,-73.6097,medium
knoxville,2012.0,bmw,1 series 128i coupe 2d,other,80465.0,clean,other,tn,35.97,-83.94,medium
des moines,2015.0,ford,fusion se,gas,149000.0,clean,automatic,ia,41.373,-93.7358,low
roanoke,2003.0,honda,accord,gas,145087.0,clean,automatic,va,37.3029,-79.9322,low
grand rapids,2014.0,dodge,charger,gas,94535.0,clean,automatic,mi,42.914352,-85.730042,medium
omaha / council bluffs,2016.0,nissan,altima,gas,87000.0,clean,automatic,ia,41.086731,-95.909271,medium
rhode island,2009.0,mitsubishi,galant,gas,130000.0,clean,automatic,ri,41.811684,-71.407074,low
cincinnati,2012.0,fiat,500 pop,gas,59242.0,,manual,oh,39.297045,-84.563243,low
jacksonville,2007.0,lincoln,town car,gas,196000.0,clean,automatic,fl,30.1637,-81.7291,low
seattle-tacoma,1994.0,ford,"e-series van universal by glaval designer luxury series conversion leather 16"" dvd limo lighting bed",gas,156925.0,clean,automatic,wa,45.391373,-122.613533,medium
redding,2016.0,dodge,g. caravan se,gas,73562.0,clean,automatic,ca,40.586329,-122.393067,medium
hawaii,2004.0,chevrolet,silverado 2500hd 4x4,diesel,113000.0,clean,automatic,hi,21.6312,-158.0693,high
salina,2014.0,ford,mustang,gas,72349.0,clean,automatic,ks,39.0299,-96.8396,high
billings,2017.0,nissan,maxima sv,gas,73135.0,clean,automatic,mt,47.696062,-116.781406,medium
fresno / madera,2013.0,honda,civic,gas,136142.0,clean,manual,ca,36.774617,-119.791164,medium
charleston,2010.0,ford,explorer,gas,0.0,clean,automatic,sc,32.853069,-79.971987,low
inland empire,2005.0,saturn,vue v6,gas,108000.0,clean,automatic,ca,33.9605,-117.0452,low
madison,1970.0,other,oldsmobile 442,gas,111111.0,clean,automatic,wi,43.0984,-89.2734,high
modesto,2018.0,chevrolet,tahoe,gas,33000.0,clean,automatic,ca,37.8134,-121.2132,high
south jersey,2000.0,ford,f-350,diesel,200000.0,clean,automatic,nj,39.9723,-75.0607,high
phoenix,2008.0,ford,f150,gas,110310.0,clean,automatic,az,33.624243,-112.010365,medium
new haven,2012.0,mini,clubman,gas,67200.0,clean,manual,ct,41.512139,-73.021803,low
ft myers / SW florida,2013.0,cadillac,xts sedan 4d,gas,37938.0,clean,other,fl,26.63,-81.85,medium
tyler / east TX,2003.0,dodge,3500,diesel,283466.0,clean,automatic,tx,31.27,-94.6469,medium
charlotte,2008.0,ram,2500 4x4,gas,94000.0,rebuilt,manual,nc,35.378,-80.524,medium
corpus christi,2017.0,nissan,rogue,gas,86496.0,clean,automatic,tx,30.1237,-95.2686,medium
appleton-oshkosh-FDL,2012.0,chevrolet,silverado 1500,gas,114590.0,clean,automatic,wi,44.227258,-88.467902,medium
las vegas,2016.0,jeep,compass 4x4,gas,84116.0,rebuilt,automatic,nv,40.74621,-111.939955,low
eugene,2001.0,toyota,camry solara 2dr cpe se v6 auto (natl),,193242.0,clean,automatic,or,44.076513,-123.150156,low
kennewick-pasco-richland,2019.0,ford,f450 deisel power stroke,diesel,41759.0,clean,automatic,wa,46.234838,-119.128015,high
syracuse,2014.0,chevrolet,silverado,gas,133000.0,clean,automatic,ny,43.163323,-76.094254,medium
chattanooga,2018.0,jeep,renegade,gas,55098.0,clean,automatic,tn,36.006832,-84.014656,medium
stockton,2017.0,kia,forte5,gas,39601.0,clean,automatic,ca,38.64104,-121.428661,medium
chattanooga,2001.0,ford,f-150,gas,126000.0,clean,automatic,tn,35.025,-85.1459,low
danville,2018.0,jeep,wrangler unlimited all new,other,5933.0,clean,other,va,36.58,-79.4,high
greenville / upstate,2018.0,mazda,mazda3 touring sedan 4d,gas,18553.0,clean,other,sc,34.83,-82.37,medium
philadelphia,2014.0,bmw,535i,gas,112336.0,clean,automatic,pa,40.81603,-73.46397,medium
charlotte,1999.0,buick,park avenue,gas,132758.0,clean,automatic,nc,35.319047,-80.778351,low
anchorage / mat-su,2009.0,ford,focus,gas,181600.0,clean,manual,ak,61.6303,-148.9872,low
maine,2012.0,toyota,camry,gas,134513.0,clean,automatic,me,42.765709,-71.235073,medium
port huron,2011.0,chevrolet,silverado 1500,gas,217885.0,clean,automatic,mi,43.1824,-84.1122,low
springfield,2018.0,lexus,gx,gas,58693.0,clean,automatic,mo,38.382623,-93.77344,high
inland empire,1998.0,ford,f150 lariat,gas,212000.0,clean,automatic,ca,33.4983,-117.0958,low
olympic peninsula,2004.0,nissan,titan,gas,193972.0,clean,automatic,wa,48.07799,-123.15959,medium
san angelo,2015.0,chevrolet,silverado 1500,gas,158855.0,clean,automatic,tx,31.453312,-100.464064,high
richmond,2006.0,toyota,corolla,gas,180000.0,clean,automatic,va,37.5921,-77.4952,low
albuquerque,2017.0,ford,explorer,gas,44000.0,clean,automatic,nm,35.120207,-106.589413,medium
dallas / fort worth,2016.0,chevrolet,colorado extended cab,gas,25700.0,rebuilt,manual,tx,32.932064,-96.745906,medium
SF bay area,2020.0,volkswagen,tiguan 2.0t s,gas,10501.0,clean,automatic,ca,37.816154,-122.264576,medium
yakima,2017.0,toyota,rav4,gas,106740.0,clean,automatic,wa,47.81247,-122.32164,medium
fort collins / north CO,2008.0,subaru,impreza,gas,155919.0,clean,automatic,co,40.599231,-105.076657,low
boise,2003.0,honda,accord,gas,240000.0,salvage,automatic,id,43.7318,-116.2797,low
st cloud,2016.0,ford,explorer,gas,67696.0,clean,automatic,mn,45.833119,-95.387931,high
inland empire,1948.0,ford,coe,gas,1.0,clean,automatic,ca,33.6801,-117.9085,high
albany,2017.0,volkswagen,jetta s,gas,88698.0,clean,manual,ny,42.691158,-73.686783,medium
nashville,2011.0,ford,super duty f-250 srw,diesel,177117.0,clean,automatic,tn,35.501561,-86.45741,high
colorado springs,2012.0,honda,civic,gas,131350.0,clean,automatic,co,39.7436,-105.0643,low
yuba-sutter,2015.0,nissan,altima 2.5 s,gas,117572.0,clean,automatic,ca,38.610767,-121.422557,medium
san luis obispo,2010.0,audi,q5,gas,165714.0,clean,automatic,ca,35.122159,-120.626169,medium
cleveland,2019.0,lexus,es 350 f sport sedan 4d,other,25381.0,clean,other,oh,41.47,-81.67,high
charlotte,1997.0,lexus,lx450,gas,197000.0,clean,automatic,nc,36.195472,-81.763467,high
prescott,2017.0,honda,pilot,gas,47675.0,clean,automatic,az,34.605818,-112.451775,low
hudson valley,1990.0,other,Diahatsu,gas,30000.0,clean,manual,ny,41.5644,-74.4304,low
ventura county,2005.0,rover,,gas,165206.0,clean,automatic,ca,34.219565,-119.001986,low
colorado springs,2017.0,toyota,sequoia,gas,61520.0,clean,automatic,co,40.624962,-103.219833,high
inland empire,2018.0,ford,f-150,gas,58849.0,clean,automatic,ca,33.7399,-117.0151,high
holland,2019.0,ram,1500 classic,gas,25291.0,clean,automatic,mi,42.449125,-85.669529,high
ocala,2016.0,honda,civic,gas,46125.0,clean,automatic,fl,28.567037,-81.291542,medium
redding,2019.0,hyundai,tucson se awd,gas,30139.0,clean,automatic,ca,40.57109,-122.360944,medium
baton rouge,2007.0,chevrolet,silverado 1500,gas,146816.0,clean,automatic,la,30.439468,-90.354738,low
central NJ,2017.0,gmc,sierra 1500,gas,49307.0,clean,automatic,nj,40.2043,-74.1779,high
fayetteville,2007.0,mazda,mazda3,gas,157884.0,clean,automatic,nc,35.0743,-78.8836,low
st cloud,2017.0,jeep,grand cherokee laredo sport,other,31315.0,clean,other,mn,45.55,-94.22,high
pittsburgh,2019.0,lincoln,nautilus reserve sport,gas,29315.0,clean,other,pa,40.43,-79.97,high
eugene,2009.0,ford,"f-150 4wd supercrew 145"" platinum",,79522.0,clean,automatic,or,44.076513,-123.150156,high
charlotte,2013.0,hyundai,elantra,gas,80435.0,clean,automatic,nc,35.057835,-80.958914,medium
tucson,2013.0,bmw,x1,gas,70110.0,clean,automatic,az,32.260949,-110.96056,medium
ames,2015.0,ford,f-150,gas,153092.0,clean,automatic,ia,42.035934,-93.864974,high
erie,2015.0,ford,fusion,gas,139619.0,clean,automatic,pa,41.412711,-80.358594,medium
las vegas,1996.0,chevrolet,camaro,gas,11953.0,clean,manual,nv,36.144406,-115.099986,low
stockton,2019.0,honda,accord sedan sport 1.5t,gas,56977.0,clean,automatic,ca,38.610767,-121.422557,high
vermont,2016.0,ford,explorer,gas,84797.0,clean,automatic,vt,42.905975,-73.218064,high
killeen / temple / ft hood,2003.0,mercedes-benz,benz s500,gas,151000.0,clean,automatic,tx,31.109,-97.67,low
chattanooga,2013.0,toyota,tacoma double cab,other,64919.0,clean,other,tn,35.06,-85.25,high
SF bay area,2014.0,acura,tsx sedan 4d,gas,75239.0,clean,other,ca,37.6,-122.45,medium
springfield,2007.0,chrysler,sebring,gas,127000.0,clean,automatic,mo,37.2593,-93.2912,low
austin,2012.0,gmc,yukon denali sport utility,other,63659.0,clean,other,tx,30.26,-97.74,high
jersey shore,2012.0,mini,cooper s,gas,113000.0,clean,automatic,nj,39.7999,-74.1994,low
kennewick-pasco-richland,2017.0,ford,f-150,gas,61000.0,clean,automatic,wa,46.256166,-119.905153,high
western KY,2015.0,buick,enclave premium sport,gas,79136.0,clean,other,ky,36.97,-86.44,high
philadelphia,2016.0,bmw,x4,gas,54117.0,clean,automatic,pa,40.81603,-73.46397,high
kenai peninsula,2001.0,toyota,sequioa,gas,55955.0,clean,automatic,ak,60.400851,-151.165223,low
wenatchee,2020.0,jeep,wrangler,gas,17799.0,clean,automatic,wa,46.9996,-120.5163,high
detroit metro,2017.0,cadillac,xts,gas,106000.0,clean,automatic,mi,42.851055,-83.45119,medium
tucson,2005.0,volvo,xc90,gas,200000.0,clean,automatic,az,32.2138,-110.824,low
bellingham,2018.0,lexus,is300 rwd gas sedan auto,gas,14402.0,clean,automatic,wa,47.839605,-122.302203,high
battle creek,2008.0,ford,f350 super duty,diesel,205033.0,rebuilt,automatic,mi,43.1824,-84.1122,medium
chautauqua,2018.0,alfa-romeo,romeo stelvio ti sport,gas,16493.0,clean,other,ny,42.25,-79.5,high
"st louis, MO",2011.0,ford,ranger sport extended cab,gas,150144.0,clean,automatic,il,38.965315,-90.958895,medium
dayton / springfield,2017.0,ford,f-150,gas,135426.0,clean,automatic,oh,40.573231,-84.184755,high
"kansas city, MO",2019.0,chevrolet,spark,gas,24110.0,clean,automatic,ks,38.382623,-93.77344,medium
louisville,2013.0,buick,enclave,gas,124034.0,clean,automatic,ky,38.159627,-85.697708,medium
rapid city / west SD,1968.0,chevrolet,camaro,gas,43320.0,clean,manual,sd,33.6372,-96.6184,high
indianapolis,2014.0,bmw,7 series 750li xdrive sedan,gas,47881.0,clean,automatic,in,39.77,-86.14,high
orange county,2011.0,chevrolet,express 3500 lt,gas,140370.0,clean,automatic,ca,33.794656,-117.992994,medium
baltimore,2018.0,audi,q7,gas,46529.0,clean,automatic,md,39.492412,-76.674443,high
grand rapids,2013.0,lexus,es,gas,109382.0,clean,,mi,43.05921,-85.68897,medium
south jersey,2012.0,jeep,wrangler,other,130174.0,clean,,nj,40.13519,-74.70357,medium
champaign urbana,2007.0,toyota,corolla le,gas,213914.0,clean,automatic,il,40.120517,-88.202963,low
show low,2004.0,mazda,tribute,gas,283466.0,clean,automatic,az,34.1175,-109.9197,low
cleveland,2012.0,ford,fusion,gas,104401.0,clean,automatic,oh,41.56995,-81.574738,low
yakima,2015.0,subaru,xv crosstrek,gas,76879.0,clean,automatic,wa,46.55319,-120.47568,medium
salem,2013.0,chevrolet,impala,gas,105843.0,clean,automatic,or,44.956447,-123.020632,low
tri-cities,2012.0,bmw,5 series,gas,62665.0,clean,automatic,tn,,,medium
mankato,2016.0,buick,enclave,gas,91200.0,clean,manual,mn,44.204103,-93.807105,medium
sarasota-bradenton,2015.0,ford,explorer,gas,99326.0,clean,automatic,fl,27.329701,-82.530265,medium
omaha / council bluffs,2010.0,mercedes-benz,c300 c-300 luxury awd,gas,90000.0,clean,automatic,ia,41.2064,-95.9953,medium
tampa bay area,2016.0,nissan,frontier crew cab,gas,161041.0,clean,automatic,fl,28.0724,-81.8122,medium
raleigh / durham / CH,2017.0,nissan,titan xd single cab sv,gas,47267.0,clean,other,nc,35.82,-78.65,high
billings,2015.0,ford,f-150 xlt 4x4,gas,68342.0,clean,automatic,mt,45.777152,-108.553946,high
san luis obispo,2002.0,chevrolet,silverado,gas,143000.0,clean,automatic,ca,35.512568,-120.699749,low
north jersey,2014.0,bmw,7 series,gas,81085.0,clean,automatic,nj,,,high
seattle-tacoma,2013.0,honda,fit fwd gas hatchback,gas,42708.0,clean,manual,wa,47.206063,-122.320587,medium
new york city,2014.0,volkswagen,cc 3.6 vr6 4motion,other,49728.0,clean,other,ny,40.64,-73.94,medium
central NJ,2019.0,ford,transit 350,gas,16000.0,rebuilt,automatic,nj,40.464,-74.2742,high
gold country,2006.0,subaru,outback 2.5i wagon,gas,213966.0,clean,automatic,ca,39.225731,-121.035396,low
pittsburgh,2017.0,ram,1500,other,134000.0,salvage,automatic,pa,40.810152,-80.425219,low
montgomery,2018.0,audi,q5 premium sport utility 4d,gas,34476.0,clean,other,al,32.35,-86.28,high
"st louis, MO",1999.0,mercedes-benz,benz,gas,173000.0,clean,automatic,il,39.1494,-89.4881,low
chico,2018.0,chevrolet,silverado lt crew cab 4x4,gas,34372.0,clean,automatic,ca,39.1237,-121.6611,high
rhode island,2012.0,ford,explorer,gas,137335.0,clean,automatic,ri,41.668966,-70.269642,medium
knoxville,2016.0,ram,2500,gas,121398.0,clean,automatic,tn,35.534152,-82.432096,high
fargo / moorhead,2017.0,volkswagen,passat,gas,110971.0,clean,automatic,mn,45.832625,-95.38918,medium
tulsa,2008.0,nissan,350z,gas,140000.0,clean,automatic,ok,36.021714,-95.929527,medium
south bend / michiana,2017.0,ford,focus titanium sedan 4d,other,37190.0,clean,automatic,in,41.67,-86.26,medium
detroit metro,2016.0,kia,optima,gas,62680.0,clean,automatic,mi,42.418751,-83.078743,low
harrisburg,2016.0,ford,f350 super duty,diesel,74000.0,clean,automatic,pa,40.0514,-77.5195,high
chicago,2006.0,jeep,,gas,132000.0,clean,automatic,il,41.618957,-87.726334,low
albuquerque,2019.0,toyota,camry xse,gas,17800.0,clean,automatic,nm,35.2493,-106.6818,high
sioux falls / SE SD,2014.0,ford,f550 xl,diesel,156000.0,clean,automatic,sd,42.117274,-88.436783,high
duluth / superior,1983.0,chevrolet,c10 short box,gas,0.0,clean,automatic,mn,47.3944,-93.2462,low
boise,1994.0,ford,f150,gas,233659.0,clean,manual,id,43.6322,-116.2052,low
spokane / coeur d'alene,2009.0,ford,expedition el,gas,185356.0,clean,automatic,id,47.961365,-117.403505,low
kalispell,2003.0,chevrolet,silverado,gas,200000.0,clean,automatic,mt,48.2028,-114.3039,medium
redding,2008.0,honda,accord,gas,114563.0,clean,automatic,ca,38.608824,-121.400837,low
twin falls,2014.0,nissan,pathfinder,gas,185950.0,clean,automatic,id,43.6403,-116.26346,medium
worcester / central MA,2007.0,gmc,,gas,190000.0,clean,automatic,ma,42.5796,-71.8031,low
stockton,2017.0,honda,pilot touring sport,other,25196.0,clean,other,ca,33.7865,-84.4454,high
fresno / madera,2015.0,dodge,challenger,gas,61269.0,clean,automatic,ca,38.597771,-121.403061,high
columbus,2015.0,chrysler,200,gas,47720.0,clean,automatic,oh,40.064137,-82.998073,medium
lima / findlay,2013.0,ford,taurus,gas,115162.0,clean,automatic,oh,40.573231,-84.184755,medium
hawaii,2015.0,rover,evoque,gas,26600.0,clean,automatic,hi,21.37842,-158.02241,high
charlotte,2017.0,fiat,500 abarth hatchback 2d,gas,6054.0,clean,other,nc,35.19,-80.83,medium
fort collins / north CO,2017.0,bmw,x3 xdrive28i sport utility,other,23631.0,clean,other,co,40.55,-105.06,high
worcester / central MA,2015.0,mazda,mazda3 i sv sedan 4d,gas,51321.0,clean,other,ma,42.26,-71.8,medium
san luis obispo,2007.0,gmc,arcadia 4x4,gas,128000.0,clean,automatic,ca,35.2901,-120.6817,low
charlotte,2014.0,honda,cr-v,gas,99068.0,clean,automatic,nc,35.20869,-80.66924,medium
oklahoma city,2020.0,cadillac,xt6,gas,7025.0,clean,automatic,ok,35.551157,-97.514117,high
jacksonville,2012.0,volkswagen,jetta sportwagen,diesel,41267.0,clean,automatic,fl,30.348,-81.5882,medium
tampa bay area,2004.0,honda,civic,gas,79000.0,clean,automatic,fl,28.01956,-82.394371,low
binghamton,2016.0,hyundai,sante fe,gas,79000.0,clean,automatic,ny,42.1138,-76.2528,medium
nashville,2012.0,volkswagen,cc,gas,146947.0,clean,manual,tn,35.98563,-86.521646,medium
greensboro,2017.0,ram,3500 slt,diesel,104974.0,clean,automatic,nc,36.2245,-79.8901,high
denver,2015.0,nissan,rogue select s sport,gas,63911.0,clean,other,co,39.76,-104.87,medium
delaware,2011.0,honda,civic,gas,86426.0,clean,manual,de,40.090868,-75.137709,low
modesto,1969.0,chevrolet,c10,gas,150000.0,clean,manual,ca,37.6237,-121.0438,low
ft myers / SW florida,2015.0,toyota,camry,gas,48677.0,clean,automatic,fl,26.571661,-81.877633,medium
appleton-oshkosh-FDL,2008.0,nissan,versa s,gas,76000.0,clean,manual,wi,43.6864,-88.5569,low
los angeles,2008.0,ford,e150 econoline,gas,144000.0,salvage,automatic,ca,34.3054,-118.4322,low
wenatchee,2019.0,chevrolet,lifted silverado 3500,diesel,29723.0,clean,automatic,wa,46.234838,-119.128015,high
seattle-tacoma,2013.0,chevrolet,equinox lt,gas,104130.0,clean,automatic,wa,47.9085,-122.24,medium
cincinnati,2014.0,ford,explorer xlt,gas,94000.0,clean,automatic,oh,39.115384,-84.273376,medium
fayetteville,2015.0,gmc,yukon xl,gas,145000.0,clean,automatic,ar,36.115066,-94.048911,high
rockford,2018.0,hyundai,sonata se sedan 4d,gas,24163.0,clean,other,il,42.27,-89.06,medium
columbia / jeff city,2016.0,kia,soul,gas,94179.0,clean,automatic,mo,38.7023,-90.3644,medium
lancaster,2009.0,toyota,corolla s,gas,110675.0,clean,automatic,pa,39.916208,-76.041434,low
indianapolis,2014.0,buick,regal turbo,gas,143543.0,clean,automatic,in,39.684528,-86.133349,medium
san antonio,2016.0,other,Scion iM Hatchback 4D,gas,34439.0,clean,other,tx,29.45,-98.5,medium
orlando,2006.0,buick,lucerne,gas,121338.0,clean,automatic,fl,28.4964,-81.5352,low
hartford,2018.0,toyota,rav4 hybrid limited sport,gas,14520.0,clean,other,ct,41.76,-72.68,high
kennewick-pasco-richland,2004.0,ford,super duty f-350 srw,diesel,89970.0,clean,automatic,wa,45.876983,-119.293925,medium
charlottesville,2017.0,ford,f250 super duty,diesel,73000.0,clean,automatic,va,38.494714,-77.99258,high
orange county,2013.0,ram,1500 tradesman quad cab,gas,145499.0,,automatic,ca,33.873436,-117.542806,medium
inland empire,2008.0,honda,odyssey,gas,166000.0,clean,automatic,ca,33.9208,-117.6096,low
ithaca,2015.0,volvo,s60 t5 premier sedan 4d,other,37238.0,clean,other,ny,42.44,-76.5,medium
ventura county,1999.0,gmc,yukon slt,gas,195000.0,clean,automatic,ca,34.245358,-118.421508,low
memphis,2019.0,ford,transit 250,gas,29497.0,clean,automatic,tn,36.4641,-86.65828,high
elko,2011.0,chevrolet,cruze lt turbo,gas,74321.0,clean,automatic,nv,40.746795,-111.939783,low
indianapolis,2008.0,lincoln,mkx,gas,143357.0,clean,automatic,in,39.792954,-86.06479,medium
clarksville,2015.0,toyota,sienna,gas,68456.0,clean,automatic,tn,36.5853,-87.4186,high
dayton / springfield,1973.0,porsche,914,gas,1000.0,clean,manual,oh,39.6062,-84.1695,low
eugene,2016.0,ford,transit connect cargo xlt 4,gas,168392.0,clean,automatic,or,44.629638,-123.055986,medium
lincoln,2020.0,chevrolet,equinox,gas,19000.0,rebuilt,automatic,ne,40.7934,-96.7479,medium
orlando,2005.0,chrysler,300c v6,gas,155000.0,clean,automatic,fl,28.3672,-80.7465,low
denver,2018.0,subaru,crosstrek,gas,47423.0,clean,automatic,co,39.675653,-105.007014,medium
gainesville,2012.0,ram,,gas,121371.0,clean,automatic,fl,28.329026,-81.404237,medium
monterey bay,2005.0,other,Voltswagon Beetle,gas,112432.0,clean,automatic,ca,36.6677,-121.6596,low
jacksonville,2005.0,nissan,titan,gas,188208.0,clean,automatic,fl,30.318329,-81.730757,low
south florida,2017.0,hyundai,sonata se,gas,39268.0,rebuilt,automatic,fl,25.9894,-80.2153,low
denver,2013.0,audi,a6,gas,81640.0,clean,automatic,co,39.580309,-104.954917,medium
lehigh valley,2014.0,gmc,sierra 1500 double cab slt,gas,41376.0,clean,other,pa,40.68,-75.22,high
kennewick-pasco-richland,2014.0,volkswagen,jetta sportwagen,diesel,52000.0,rebuilt,automatic,wa,46.209373,-119.133589,medium
indianapolis,2011.0,bmw,550i,gas,95000.0,clean,automatic,in,39.6224,-86.149,medium
central NJ,2010.0,rover,sport,gas,106437.0,clean,automatic,nj,40.2377,-74.7821,medium
lancaster,2003.0,chrysler,town and country,gas,140000.0,clean,automatic,pa,40.075998,-76.071244,low
baltimore,2007.0,mazda,mazda6,gas,143785.0,clean,automatic,md,39.433086,-76.343119,low
wenatchee,2016.0,dodge,challenger srt 392 rwd gas,gas,21671.0,clean,automatic,wa,47.841211,-122.297249,high
"kansas city, MO",2015.0,kia,sorento lx,gas,123340.0,clean,automatic,ks,38.912,-94.3517,medium
south florida,1999.0,ford,explorer xlt,gas,162472.0,clean,automatic,fl,26.260758,-80.117966,low
chicago,2018.0,chevrolet,malibu ls - one owner,gas,35849.0,clean,automatic,il,41.720546,-87.736499,medium
wilmington,1977.0,jeep,wrangler cj5,gas,38000.0,clean,manual,nc,34.2237,-77.8862,medium
yuba-sutter,2016.0,chevrolet,colorado,gas,113108.0,clean,automatic,ca,38.608824,-121.400837,medium
nashville,2007.0,other,THOMAS SCHOOL BUS,diesel,147971.0,clean,automatic,tn,36.4229,-86.7914,low
macon / warner robins,2008.0,mercedes-benz,c-class,gas,99883.0,clean,automatic,ga,34.139588,-83.971135,medium
kalispell,1971.0,volkswagen,super beetle,gas,67000.0,clean,manual,mt,47.733,-114.263,medium
south florida,2013.0,fiat,500 sport ruby,gas,85000.0,clean,manual,fl,26.2674,-80.2092,medium
new hampshire,2016.0,chevrolet,silverado 1500,gas,68000.0,clean,automatic,nh,42.690284,-71.43332,high
treasure coast,2017.0,ford,f-150 xlt,gas,42420.0,clean,automatic,fl,26.7165,-80.0679,high
akron / canton,2009.0,jeep,patriot,other,162323.0,clean,automatic,oh,41.041256,-81.607193,low
lewiston / clarkston,2014.0,toyota,fj cruiser,gas,122166.0,clean,automatic,id,47.692931,-117.411632,high
yuba-sutter,2008.0,chevrolet,trailblazer lt w/1lt,gas,167785.0,clean,automatic,ca,39.123441,-121.61144,low
appleton-oshkosh-FDL,2013.0,ford,c-max hybrid se wagon 4d,gas,76279.0,clean,other,wi,44.26,-88.39,medium
mobile,2019.0,nissan,370z nismo coupe 2d,gas,8373.0,clean,other,al,33.779214,-84.411811,high
topeka,2016.0,mazda,mx-5 miata,gas,12525.0,clean,automatic,ks,38.990868,-95.233358,high
rochester,2008.0,chevrolet,malibu,gas,130000.0,clean,other,ny,43.1735,-77.6499,low
albany,2012.0,mercedes-benz,sl-class sl 550,gas,38955.0,clean,other,ny,42.66,-73.79,high
philadelphia,2000.0,ford,e250 extended,gas,73612.0,clean,automatic,pa,40.1166,-75.0198,low
holland,2016.0,mazda,mx-5 miata grand touring,gas,7512.0,clean,other,mi,42.77,-86.1,high
orange county,2003.0,mercedes-benz,benz e500,gas,82000.0,clean,automatic,ca,33.5429,-117.7813,low
ocala,2015.0,ford,f-250,other,123193.0,clean,automatic,fl,29.23086,-82.14915,high
delaware,2008.0,chevrolet,cc4500,gas,100921.0,clean,automatic,de,40.468785,-74.281707,high
greenville / upstate,2009.0,bmw,328i,gas,147000.0,clean,automatic,sc,34.942483,-82.239363,low
tulsa,2013.0,mercedes-benz,m class,gas,96000.0,clean,automatic,ok,36.264054,-95.847559,medium
"kansas city, MO",2019.0,honda,accord,gas,20721.0,clean,automatic,ks,39.0417,-94.7202,medium
oklahoma city,2016.0,ford,explorer,gas,111522.0,clean,automatic,ok,35.435501,-97.518547,medium
bakersfield,2016.0,lexus,nx,gas,95674.0,clean,automatic,ca,36.837679,-119.809638,high
dallas / fort worth,2015.0,honda,civic,gas,108753.0,clean,automatic,tx,32.56105,-97.32079,medium
kalamazoo,2012.0,ford,escape,gas,160781.0,clean,automatic,mi,42.477134,-82.949564,low
ocala,2014.0,ram,1500,gas,130132.0,clean,automatic,fl,28.763821,-81.282651,high
richmond,1995.0,other,Emergency One Fire Truck,diesel,91659.0,clean,automatic,va,37.1952,-78.1961,medium
ocala,2019.0,toyota,sienna xle,gas,3700.0,,automatic,fl,27.84976,-82.36495,high
vermont,2014.0,ford,f350 super duty,other,101000.0,clean,automatic,vt,44.457607,-73.145514,medium
bakersfield,2013.0,chevrolet,corvette grand sport,other,79156.0,clean,other,ca,35.38,-119.02,high
eastern NC,2014.0,rover,evoque,gas,67000.0,clean,automatic,nc,35.590431,-77.014881,medium
modesto,2012.0,jeep,liberty suv,gas,46534.0,clean,automatic,ca,37.765104,-120.850714,medium
terre haute,2003.0,pontiac,vibe gt,gas,132500.0,clean,manual,in,39.492036,-87.40712,low
reading,2007.0,ram,,diesel,220019.0,clean,automatic,pa,40.894535,-74.152367,medium
eastern CT,2018.0,ford,mustang gt coupe 2d,gas,27726.0,clean,other,ct,33.779214,-84.411811,high
grand island,2017.0,ford,edge,gas,45717.0,clean,automatic,ne,41.438366,-97.316899,medium
cleveland,2013.0,hyundai,sonata,gas,84300.0,salvage,automatic,oh,41.417142,-81.811809,low
redding,2013.0,tesla,model s sedan 4d,electric,59613.0,clean,other,ca,33.779214,-84.411811,high
long island,2006.0,other,chysler 300,gas,65000.0,clean,automatic,ny,40.9492,-72.9357,low
grand rapids,2013.0,ford,focus,gas,145050.0,clean,automatic,mi,42.982244,-85.698696,low
toledo,2013.0,chevrolet,express passenger,gas,66832.0,clean,automatic,oh,41.60201,-83.786937,high
central NJ,2016.0,chevrolet,,other,2522.0,clean,automatic,nj,44.927304,-123.030322,high
sacramento,2002.0,toyota,tacoma,gas,244000.0,clean,automatic,ca,38.568107,-121.412279,low
indianapolis,2018.0,audi,s5 premium plus sedan 4d,gas,40118.0,clean,automatic,in,39.77,-86.14,high
fayetteville,2020.0,ford,mustang gt coupe 2d,other,2516.0,clean,other,nc,35.05,-78.87,high
york,2007.0,subaru,legacy,gas,190000.0,clean,automatic,pa,40.052118,-76.766933,low
fort wayne,2017.0,ford,transit 150 cargo van,gas,39665.0,clean,automatic,in,41.0975,-81.426,high
milwaukee,2018.0,honda,accord,gas,32000.0,clean,automatic,wi,44.4975,-88.0324,medium
tulsa,2019.0,ram,1500 lone star,gas,64467.0,clean,automatic,ok,37.1597,-94.3112,high
sacramento,2017.0,bmw,7 series,gas,33992.0,clean,automatic,ca,38.637299,-121.320559,high
charlottesville,2007.0,honda,accord lx,gas,174000.0,clean,automatic,va,38.0936,-78.5611,low
knoxville,2015.0,jeep,wrangler unlimited sahara,gas,91626.0,clean,automatic,tn,35.766026,-83.972154,high
detroit metro,2013.0,ford,escape,gas,124000.0,clean,automatic,mi,42.174232,-83.18882,low
myrtle beach,2017.0,rover,v6,gas,57962.0,clean,automatic,sc,33.383436,-79.305455,high
hawaii,2016.0,hyundai,tucson,gas,40491.0,clean,automatic,hi,20.890187,-156.461654,high
scranton / wilkes-barre,2010.0,cadillac,dts,gas,72000.0,clean,automatic,pa,41.6412,-75.7641,low
missoula,2019.0,chevrolet,silverado diesels 2500,diesel,10856.0,clean,automatic,mt,47.65613,-117.236949,high
hawaii,2019.0,nissan,frontier crew cab 4x2 sv auto,,10679.0,clean,automatic,hi,21.344376,-157.896975,high
daytona beach,2015.0,ford,f350 super duty crew cab,diesel,217197.0,clean,automatic,fl,28.8013,-81.285,high
rhode island,2012.0,chrysler,200 limited,gas,88650.0,clean,automatic,ri,41.8138,-71.3688,medium
central NJ,2006.0,lincoln,navigator,gas,176000.0,clean,automatic,nj,40.6323,-74.3997,low
milwaukee,2019.0,ford,f-150 lariat crew cab 4x4,gas,19076.0,clean,automatic,wi,44.8346,-91.5159,high
chicago,2003.0,honda,crv ex awd,gas,209700.0,clean,automatic,il,41.6582,-87.6795,low
daytona beach,2013.0,kia,optima,gas,100000.0,clean,automatic,fl,28.1384,-80.6524,low
orlando,2018.0,acura,rdx,gas,35498.0,clean,automatic,fl,28.792413,-81.231302,high
frederick,2017.0,jeep,wrangler unlimited rubicon,other,30092.0,clean,other,md,39.42,-77.41,high
knoxville,2017.0,volkswagen,tiguan limited 2.0t,gas,16365.0,clean,other,tn,35.97,-83.94,medium
louisville,2008.0,ford,,gas,240000.0,clean,automatic,ky,38.0018,-85.689,medium
toledo,2003.0,chevrolet,avalanche 1500,gas,268691.0,,automatic,oh,42.300673,-84.024108,low
rochester,2016.0,other,Scion iM Hatchback 4D,gas,29652.0,clean,other,ny,43.16,-77.61,medium
reno / tahoe,1994.0,chevrolet,s10 pickup,gas,207585.0,clean,automatic,ca,39.513054,-119.775415,low
dallas / fort worth,2006.0,toyota,rav4,gas,129813.0,clean,automatic,tx,32.734791,-97.793527,medium
amarillo,2017.0,chevrolet,silverado 2500hd,gas,87639.0,clean,automatic,tx,35.177308,-101.794475,high
buffalo,2008.0,chevrolet,2500,gas,130000.0,clean,automatic,ny,43.0249,-78.5084,low
tucson,2017.0,ferrari,488 gtb,gas,6012.0,clean,automatic,az,32.236075,-110.878886,high
savannah / hinesville,2020.0,acura,rdx sh-awd a-spec pkg,gas,16872.0,clean,other,ga,32.08,-81.1,high
hawaii,2017.0,porsche,panamera,gas,17731.0,clean,other,hi,21.297002,-157.860961,high
bakersfield,2020.0,other,Genesis G70 2.0T Sedan 4D,other,1029.0,clean,other,ca,35.38,-119.02,high
yakima,2004.0,other,suzuki verona,gas,150000.0,salvage,automatic,wa,46.5934,-120.5311,low
bakersfield,2015.0,ford,f350 super duty,diesel,37200.0,clean,automatic,ca,35.3935,-119.1205,high
vermont,2009.0,dodge,charger,gas,111000.0,clean,automatic,vt,42.5959,-72.2267,low
western massachusetts,2005.0,dodge,neon,gas,133348.0,clean,automatic,ma,41.915593,-72.61482,low
portland,2001.0,mercury,cougar,gas,127000.0,clean,automatic,or,45.533607,-122.582681,low
huntington-ashland,2013.0,chevrolet,silverado 2500hd,gas,97697.0,clean,automatic,ky,38.692648,-82.857744,medium
gold country,2019.0,audi,s5 prestige coupe 2d,gas,2113.0,clean,other,ca,38.73,-120.8,high
kalispell,2018.0,kia,stinger premium,gas,22716.0,clean,automatic,mt,47.696062,-116.781406,high
el paso,2000.0,porsche,boxster s,gas,78000.0,clean,manual,tx,31.9386,-106.4073,low
billings,2019.0,volkswagen,tiguan,gas,27506.0,clean,manual,mt,47.696062,-116.781406,high
bismarck,2008.0,chevrolet,suburban 1500,gas,143000.0,clean,automatic,nd,43.7094,-98.0298,medium
winston-salem,2016.0,kia,forte koup ex coupe 2d,gas,17631.0,clean,other,nc,36.1,-80.24,medium
western slope,2001.0,chevrolet,suburban,gas,200412.0,clean,automatic,co,38.495921,-107.896627,low
fresno / madera,2012.0,mitsubishi,galant,gas,141225.0,clean,automatic,ca,36.815349,-119.700174,low
redding,2012.0,chevrolet,tahoe,gas,149155.0,clean,automatic,ca,38.608824,-121.400837,medium
st george,2016.0,rover,sport,diesel,62718.0,clean,automatic,ut,37.175631,-113.60824,high
roseburg,2017.0,ford,mustang,gas,66049.0,,automatic,or,44.058499,-123.106176,medium
grand rapids,2013.0,jeep,grand cherokee,other,74543.0,clean,automatic,mi,43.04587,-85.6071,medium
tallahassee,2011.0,toyota,camry,gas,119750.0,clean,automatic,fl,30.4478,-84.3211,low
columbus,2014.0,buick,verano,gas,60000.0,clean,automatic,oh,40.078964,-82.719669,low
grand rapids,2015.0,chevrolet,camaro lt coupe 2d,gas,25865.0,clean,other,mi,42.96,-85.65,high
minneapolis / st paul,2019.0,volkswagen,passat 2.0t wolfsburg,other,43672.0,clean,other,mn,45.034712,-93.049396,medium
rochester,2018.0,jeep,grand cherokee laredo sport,gas,22898.0,clean,other,ny,43.16,-77.61,high
"kansas city, MO",2018.0,dodge,challenger,gas,45994.0,clean,automatic,ks,38.382623,-93.77344,high
dayton / springfield,2016.0,other,Scion iM Hatchback 4D,gas,50736.0,clean,other,oh,39.77,-84.19,medium
western massachusetts,2018.0,toyota,prius prime,electric,9750.0,clean,automatic,ma,42.516372,-72.519653,high
columbia,2019.0,honda,ridgeline sport pickup 4d,other,23645.0,clean,other,sc,34.0,-81.03,high
tucson,2019.0,chevrolet,silverado 1500 ld,gas,15898.0,clean,other,az,32.21,-110.96,high
maine,2017.0,ram,promaster 2500 cargo van,gas,53000.0,clean,automatic,me,42.921379,-70.858881,high
decatur,2017.0,ford,mustang gt coupe 2d,gas,14113.0,clean,other,il,39.85,-88.93,high
wausau,2007.0,honda,odyssey touring,gas,132146.0,clean,automatic,wi,44.9654,-89.7066,low
vermont,2018.0,gmc,sierra 2500 hd,gas,17150.0,clean,automatic,vt,37.13284,-95.78558,high
morgantown,2018.0,bmw,5 series 540i xdrive sedan,gas,37712.0,clean,other,wv,39.63,-79.94,high
birmingham,2021.0,other,SPECIAL FINANCE PROGRAM 2020,other,1400.0,clean,other,al,32.9229,-86.545,low
austin,2012.0,kia,sorento 2wdv6 sx,gas,142551.0,,automatic,tx,30.523398,-97.630286,medium
modesto,2016.0,ford,f250 super duty,gas,103430.0,clean,automatic,ca,37.71104,-120.996543,high
palm springs,2015.0,kia,optima lx,gas,59000.0,clean,automatic,ca,33.743904,-116.359028,medium
rochester,2020.0,cadillac,xt4 sport suv 4d,diesel,4174.0,clean,other,ny,43.16,-77.61,high
omaha / council bluffs,2019.0,subaru,wrx sti limited awd,gas,5612.0,rebuilt,manual,ia,41.213394,-96.04394,high
annapolis,2020.0,volkswagen,golf gti s hatchback,gas,1309.0,clean,other,md,38.97,-76.5,high
lawrence,2017.0,lincoln,mkz select sedan 4d,gas,35827.0,clean,automatic,ks,38.96,-95.25,medium
tulsa,2019.0,jeep,wrangler,hybrid,13829.0,clean,automatic,ok,38.4018,-93.785,high
inland empire,2016.0,rover,sport,gas,57061.0,clean,automatic,ca,34.070283,-117.417684,high
cleveland,2018.0,volkswagen,tiguan sel premium,gas,,clean,other,oh,41.2491,-81.3383,high
hartford,2016.0,fiat,500 abarth hatchback 2d,other,35348.0,clean,other,ct,41.76,-72.68,medium
albuquerque,2011.0,cadillac,cts-v coupe,gas,95674.0,clean,automatic,nm,35.087703,-106.579999,high
spokane / coeur d'alene,2018.0,ram,1500 sport 4x4 1/2 ton,gas,78737.0,clean,automatic,id,47.65613,-117.236949,high
louisville,2003.0,honda,odyssey,gas,149237.0,clean,automatic,ky,38.159627,-85.697708,low
wenatchee,,other,500,gas,13508.0,clean,automatic,wa,47.434493,-120.320759,high
williamsport,2013.0,chevrolet,traverse lt,gas,45500.0,clean,automatic,pa,41.21905,-76.593847,medium
santa fe / taos,2011.0,subaru,impreza,gas,144000.0,clean,manual,nm,35.593602,-106.107622,medium
rochester,2010.0,dodge,journey,gas,121052.0,clean,automatic,ny,43.216688,-77.746421,low
fargo / moorhead,2017.0,toyota,tacoma,gas,31219.0,clean,manual,mn,46.590185,-95.57469,high
norfolk / hampton roads,2006.0,ford,escape,gas,138316.0,clean,automatic,va,36.86981,-76.22502,low
orange county,1993.0,chevrolet,caprice classic,gas,143000.0,clean,other,ca,33.5916,-117.6985,low
columbia,2011.0,ford,f250 super duty lariat,diesel,84616.0,clean,automatic,sc,36.2245,-79.8901,high
binghamton,2016.0,lexus,rx 350,gas,62000.0,clean,automatic,ny,42.144774,-75.90269,high
northwest GA,2015.0,jeep,wrangler unlimited sahara,gas,58118.0,clean,other,ga,34.92,-85.25,high
bend,2013.0,kia,soul,gas,197023.0,clean,manual,or,44.05505,-121.2745,low
kokomo,2014.0,jeep,grand cherokee,gas,70772.0,clean,automatic,in,40.4509,-86.1352,medium
oklahoma city,2018.0,chevrolet,traverse premier,gas,52015.0,clean,automatic,ok,35.199,-97.4841,high
boise,2014.0,audi,q7,gas,92593.0,clean,automatic,id,43.6403,-116.26346,medium
"st louis, MO",2011.0,dodge,avenger mainstreet heat,gas,124000.0,clean,automatic,il,38.785877,-90.483189,low
phoenix,2001.0,other,2002 f 450,diesel,51000.0,clean,manual,az,33.348885,-111.585388,medium
gainesville,2018.0,ford,f150 xlt 4wd f-150 4x4,gas,38374.0,clean,automatic,fl,29.803728,-82.527723,high
missoula,2005.0,ford,explorer,gas,165748.0,salvage,automatic,mt,46.858,-114.015,low
"washington, DC",2013.0,ford,escape,gas,107894.0,clean,automatic,dc,38.91542,-77.47277,medium
wenatchee,2013.0,hyundai,,gas,89300.0,clean,manual,wa,47.4253,-120.3273,low
glens falls,2020.0,ford,mustang gt coupe 2d,gas,1988.0,clean,other,ny,43.31,-73.64,high
sarasota-bradenton,2007.0,chevrolet,corvette,gas,19428.0,clean,manual,fl,29.0266,-81.3349,high
new river valley,2001.0,cadillac,limousine,gas,24500.0,clean,automatic,va,36.8957,-80.3275,medium
louisville,2017.0,ram,2500,gas,135740.0,clean,automatic,ky,40.468785,-74.281707,high
santa fe / taos,2002.0,volkswagen,eurovan,gas,202890.0,clean,automatic,nm,35.5335,-105.926,high
los angeles,2001.0,ford,mustang cobra svt,gas,22000.0,clean,manual,ca,33.792654,-118.105602,medium
vermont,2019.0,toyota,rav4 xle,gas,33549.0,clean,automatic,vt,44.209041,-72.514597,high
fresno / madera,2012.0,cadillac,srx,gas,108000.0,clean,automatic,ca,36.770985,-119.69759,medium
oregon coast,1999.0,dodge,caravan,gas,242000.0,clean,manual,or,44.7313,-123.9062,low
cleveland,2008.0,volvo,c70 convertible,gas,73000.0,clean,automatic,oh,41.422289,-81.498703,medium
sacramento,2016.0,jeep,cherokee,gas,98442.0,clean,automatic,ca,38.624479,-121.401345,medium
cleveland,2015.0,chrysler,town & country,gas,141298.0,clean,automatic,oh,41.6069,-81.4993,low
south coast,1986.0,chevrolet,corvette,gas,54800.0,clean,automatic,ma,41.905,-71.1026,medium
norfolk / hampton roads,2008.0,nissan,titan,gas,135530.0,clean,automatic,va,36.80453,-76.38501,medium
san diego,2016.0,honda,accord,gas,117506.0,clean,automatic,ca,33.13116,-117.0865,medium
"washington, DC",2012.0,lincoln,mkz hybrid sedan 4d,hybrid,53270.0,clean,other,dc,38.89,-77.03,medium
wausau,2014.0,volkswagen,passat,gas,120154.0,clean,automatic,wi,44.935677,-89.617256,low
austin,1996.0,buick,rivera,gas,129248.0,clean,automatic,tx,30.2063,-97.7956,low
los angeles,2018.0,ford,mustang,gas,82977.0,clean,automatic,ca,33.7364,-117.8229,medium
cincinnati,2014.0,toyota,rav4,gas,75400.0,clean,automatic,oh,39.38475,-84.549458,medium
san diego,2007.0,acura,tl,gas,156460.0,clean,automatic,ca,33.228598,-117.328148,low
des moines,2013.0,other,CATERPILLAR CT660S,diesel,283466.0,clean,automatic,ia,43.863689,-95.113792,high
san antonio,2019.0,ford,f-350,diesel,18119.0,clean,automatic,tx,29.53723,-98.4147,high
wenatchee,2019.0,subaru,crosstrek premium cvt awd,gas,11146.0,clean,automatic,wa,48.118005,-122.183513,high
san diego,2008.0,acura,3.2 tl,gas,117000.0,clean,automatic,ca,32.724,-116.9976,low
tampa bay area,1998.0,ford,ranger,gas,149990.0,clean,automatic,fl,27.946392,-82.342089,low
norfolk / hampton roads,2013.0,toyota,tacoma double cab,other,64919.0,clean,other,va,36.67,-76.3,high
orange county,2011.0,nissan,sentra,gas,151000.0,clean,automatic,ca,33.7869,-117.9273,low
las cruces,2013.0,ford,f150 supercrew cab xlt,gas,71288.0,clean,other,nm,32.33,-106.75,high
rochester,2007.0,ford,f150,gas,31000.0,clean,automatic,mn,42.112,-87.9792,medium
south jersey,2005.0,ram,1500,gas,155263.0,clean,automatic,nj,40.40825,-74.372882,low
phoenix,2016.0,chevrolet,silverado 1500 lt crew,other,28852.0,clean,other,az,33.3887,-111.8428,high
milwaukee,2014.0,chevrolet,equinox lt,gas,91000.0,clean,automatic,wi,43.3231,-87.9521,medium
tucson,2010.0,infiniti,g37 sedan,gas,105702.0,clean,automatic,az,32.236075,-110.878886,medium
greenville / upstate,2003.0,honda,civic,gas,244000.0,clean,automatic,sc,34.6206,-82.511,low
lakeland,2016.0,dodge,charger sxt sedan 4d,other,27125.0,clean,other,fl,28.04,-81.96,high
fresno / madera,2017.0,chevrolet,silverado 1500,gas,95674.0,clean,automatic,ca,34.19004,-118.387533,high
billings,1915.0,ford,model t,gas,12345.0,clean,manual,mt,45.6262,-109.2571,low
minneapolis / st paul,1984.0,chevrolet,k10,gas,65102.0,clean,automatic,mn,44.9246,-93.2779,low
new hampshire,2006.0,acura,mdx,gas,271000.0,clean,automatic,nh,42.7611,-72.145,low
frederick,2005.0,mazda,rx8,gas,113000.0,clean,manual,md,39.6109,-77.3989,low
portland,2011.0,porsche,cayenne 4dr s hybrid,hybrid,135955.0,clean,automatic,or,45.496399,-122.770262,medium
wenatchee,2013.0,chevrolet,malibu,gas,142757.0,clean,automatic,wa,47.434493,-120.320759,low
chicago,2012.0,bmw,x5 xdrive35i awd,gas,109015.0,,automatic,il,41.806344,-87.723149,medium
charleston,2017.0,bmw,3 series 340i sedan 4d,gas,19366.0,clean,automatic,sc,32.78,-79.99,high
boise,2020.0,ram,3500,diesel,562.0,clean,automatic,id,43.640875,-116.654518,high
corpus christi,2019.0,toyota,tundra,gas,55167.0,clean,automatic,tx,27.703573,-97.345045,high
springfield,2011.0,chevrolet,silverado 1500 lt,gas,158474.0,clean,automatic,il,39.7622,-89.6275,medium
hartford,2015.0,bmw,5 series 528i sedan 4d,gas,40506.0,clean,other,ct,41.76,-72.68,high
san diego,2017.0,kia,forte5 lx,gas,21836.0,clean,automatic,ca,33.19495,-117.37837,medium
oklahoma city,2004.0,chevrolet,tahoe,gas,174412.0,clean,automatic,ok,35.199,-97.4841,low
twin falls,2012.0,toyota,highlander,gas,140337.0,clean,automatic,id,43.6403,-116.26346,medium
charlotte,1968.0,chevrolet,corvette,gas,4594.0,clean,manual,nc,28.3648,-82.6757,high
indianapolis,2012.0,mazda,mx-5 miata grand touring,gas,29993.0,clean,other,in,39.77,-86.14,medium
grand rapids,2003.0,lexus,rx 300,gas,156253.0,clean,automatic,mi,43.21988,-85.612405,low
wilmington,2013.0,gmc,sierra,gas,121000.0,clean,automatic,nc,35.8713,-80.0913,high
las vegas,,other,Super Duty F-350 SRW,diesel,1268.0,clean,automatic,nv,33.458277,-111.92597,high
tampa bay area,2006.0,ram,1500 slt,gas,137000.0,clean,automatic,fl,28.0094,-82.1138,medium
san diego,2015.0,bmw,3 series,gas,70933.0,clean,automatic,ca,33.164373,-117.240271,medium
knoxville,2007.0,hyundai,santa fe,gas,149300.0,clean,automatic,tn,35.6884,-84.0769,low
appleton-oshkosh-FDL,2007.0,chevrolet,suburban,gas,191000.0,clean,automatic,wi,44.3273,-88.6281,low
western slope,,other,Grand Caravan,,21.0,clean,automatic,co,39.674406,-104.998604,high
boone,2016.0,toyota,tacoma limited 4x4,gas,81881.0,clean,automatic,nc,36.216442,-81.669011,high
atlanta,2004.0,honda,pilot ex-l,gas,191643.0,clean,automatic,ga,33.8635,-84.0081,low
rapid city / west SD,2011.0,chevrolet,silverado 1500,gas,192791.0,clean,automatic,sd,44.103505,-103.271078,medium
twin falls,2012.0,mazda,mazda6,gas,102969.0,clean,automatic,id,43.6403,-116.26346,low
"kansas city, MO",2013.0,toyota,prius,hybrid,121939.0,clean,automatic,ks,38.8865,-94.8204,medium
joplin,2008.0,nissan,maxima 3.5 sl,gas,120000.0,clean,automatic,mo,37.08121,-94.513621,low
rhode island,2009.0,toyota,yaris sedan,gas,117000.0,clean,automatic,ri,41.8378,-71.3224,low
indianapolis,2016.0,ford,econoline commercial cutaway,gas,105070.0,clean,automatic,in,40.468785,-74.281707,high
denver,2014.0,dodge,charger,gas,118000.0,clean,automatic,co,39.7435,-105.1009,low
worcester / central MA,2017.0,infiniti,qx50 sport utility 4d,gas,36926.0,clean,other,ma,42.26,-71.8,medium
saginaw-midland-baycity,2007.0,saturn,aura,gas,112473.0,salvage,automatic,mi,43.1824,-84.1122,low
muskegon,2014.0,chevrolet,impala lt,gas,127000.0,clean,automatic,mi,43.190034,-86.155171,medium
appleton-oshkosh-FDL,2013.0,ford,edge,gas,142828.0,clean,automatic,wi,44.52039,-88.06645,medium
pueblo,2018.0,ram,2500 laramie 4dr megacab,diesel,51431.0,clean,automatic,co,33.3917,-111.9249,high
new hampshire,2018.0,mitsubishi,outlander sport es,gas,25743.0,clean,automatic,nh,43.512392,-71.495774,medium
wichita falls,2018.0,ford,f-150,gas,62161.0,clean,automatic,tx,35.199,-97.4841,high
omaha / council bluffs,1998.0,dodge,dakota,gas,182000.0,clean,automatic,ia,41.2435,-95.9629,low
nashville,2012.0,ford,f250,gas,80000.0,clean,automatic,tn,35.26599,-87.322263,high
el paso,2016.0,jeep,renegade,gas,283466.0,clean,automatic,tx,32.28899,-106.781616,medium
bozeman,1993.0,other,isuzu pickup,gas,156165.0,clean,manual,mt,45.613836,-111.062715,low
eugene,2010.0,toyota,corolla,gas,137698.0,clean,automatic,or,44.083056,-123.153025,medium
reno / tahoe,2016.0,bmw,7 series,gas,52662.0,clean,automatic,ca,38.637036,-121.320439,high
kalamazoo,2018.0,ford,fusion platinum sedan 4d,other,29636.0,clean,other,mi,42.27,-85.58,medium
santa fe / taos,1999.0,rover,discovery,gas,169000.0,clean,automatic,nm,35.5949,-105.2272,low
hawaii,2007.0,volkswagen,eos,gas,112000.0,clean,automatic,hi,21.4531,-158.0174,low
denver,2010.0,ram,pickup 1500,gas,232671.0,clean,automatic,co,39.555745,-104.895711,medium
toledo,2013.0,jeep,grand cherokee laredo 4wd,diesel,94105.0,,automatic,oh,42.300673,-84.024108,medium
toledo,2011.0,jeep,grand cherokee,gas,141844.0,clean,automatic,oh,40.573231,-84.184755,medium
pittsburgh,2013.0,volkswagen,gti autobahn,other,95114.0,clean,other,pa,40.43,-79.97,medium
hawaii,1997.0,ford,taurus,gas,91913.0,clean,automatic,hi,21.296235,-157.859345,low
chico,2017.0,nissan,titan xd crew cab sv,gas,26539.0,clean,other,ca,39.71,-121.81,high
sarasota-bradenton,2012.0,ford,f250 super duty,gas,30123.0,clean,automatic,fl,27.5008,-80.36,high
jacksonville,2014.0,gmc,sierra 1500 sle/z71 monster,gas,102605.0,clean,automatic,fl,30.207288,-81.738969,high
parkersburg-marietta,2014.0,kia,cadenza,gas,167883.0,clean,automatic,oh,39.2644,-81.5354,low
florida keys,2015.0,hyundai,genesis coupe 3.8 2d,gas,20346.0,clean,other,fl,25.08,-80.44,high
central NJ,2010.0,audi,a5 cabriolet,gas,92000.0,clean,automatic,nj,40.6318,-74.5105,medium
inland empire,2014.0,other,isuzu npr,diesel,93630.0,clean,automatic,ca,34.098507,-118.233989,high
lansing,2008.0,jeep,patriot sport,gas,147498.0,,other,mi,42.300673,-84.024108,low
rhode island,2006.0,subaru,outback 3.0 r h6 ll bean,gas,117000.0,clean,automatic,ri,41.3253,-72.2108,low
topeka,1999.0,chevrolet,silverado 1500,gas,272982.0,clean,automatic,ks,39.137157,-95.954892,low
orlando,1999.0,jeep,wrangler,gas,111174.0,clean,manual,fl,28.6831,-81.2814,medium
oklahoma city,2019.0,ford,escape sel,gas,12975.0,clean,automatic,ok,36.797519,-98.687181,high
lincoln,2008.0,other,Chevey uplander,gas,208000.0,clean,automatic,ne,40.851,-96.711,low
columbus,2015.0,ford,f-250 sd,gas,134020.0,clean,automatic,oh,39.79428,-82.703498,high
ocala,2015.0,mazda,6,gas,115429.0,clean,automatic,fl,28.899361,-82.374053,medium
eugene,2006.0,chevrolet,"silverado 1500 ext cab 143.5"" wb 4wd ls",,172700.0,clean,automatic,or,44.076513,-123.150156,medium
rochester,2007.0,jeep,wrangler,gas,122236.0,clean,automatic,ny,43.21699,-77.75561,medium
southwest michigan,2017.0,infiniti,qx60 3.5 sport utility,gas,40529.0,clean,automatic,mi,42.27,-85.58,high
sacramento,2013.0,ford,flex se,gas,140000.0,lien,automatic,ca,38.7435,-121.1897,medium
cleveland,2016.0,audi,s5 premium plus convertible,gas,22099.0,clean,other,oh,41.47,-81.67,high
minneapolis / st paul,2005.0,hyundai,elantra,gas,128000.0,clean,manual,mn,45.016327,-93.247589,low
seattle-tacoma,2007.0,hyundai,elantra,gas,120234.0,clean,automatic,wa,47.2038,-122.4825,low
eugene,2012.0,gmc,sierra all terrrain edition,gas,154423.0,clean,automatic,or,44.077876,-123.149439,medium
san luis obispo,2010.0,mercury,mariner,gas,92155.0,clean,automatic,ca,35.02422,-120.47218,low
new hampshire,2014.0,dodge,durango r/t,gas,94500.0,lien,automatic,nh,42.921794,-71.177224,medium
colorado springs,2015.0,gmc,sierra 2500hd,diesel,75495.0,clean,automatic,co,40.624962,-103.219833,high
ft myers / SW florida,2015.0,porsche,macan s sport utility 4d,gas,68239.0,clean,other,fl,26.14,-81.79,high
janesville,2012.0,bmw,1 series 128i coupe 2d,other,80465.0,clean,other,wi,42.68,-89.01,medium
rochester,2019.0,other,Genesis G70 3.3T Advanced Sedan,other,11717.0,clean,other,ny,43.16,-77.61,high
ventura county,2001.0,chevrolet,silverado 1500 ls 4x4,gas,170862.0,clean,automatic,ca,34.245358,-118.421508,low
jacksonville,2016.0,ford,f150 xlt supercrew,gas,110235.0,clean,automatic,fl,30.207288,-81.738969,high
dallas / fort worth,2018.0,ram,3500,diesel,134977.0,clean,automatic,tx,33.072084,-97.032436,high
baton rouge,2012.0,fiat,500 sport 2dr hatchback,gas,109996.0,clean,automatic,la,30.4668,-91.0156,low
jackson,2013.0,mazda,cx-9 touring awd,gas,101043.0,,automatic,mi,42.300673,-84.024108,medium
orange county,2004.0,ford,explorer xlt,gas,114000.0,clean,automatic,ca,33.662091,-117.704964,low
albany,2007.0,gmc,yukon slt 4x4,gas,200150.0,clean,automatic,ny,42.619108,-73.745997,low
roanoke,2008.0,dodge,charger,gas,208311.0,clean,automatic,va,37.286501,-80.056719,low
orlando,2013.0,ford,f-350,other,162173.0,clean,automatic,fl,28.01567,-82.45978,high
vermont,2011.0,nissan,armada,gas,117000.0,clean,automatic,vt,42.978512,-71.462998,medium
little rock,2007.0,buick,lacrosse,gas,167000.0,clean,automatic,ar,35.0842,-92.4236,low
cleveland,1934.0,other,Hot Rod,gas,1234.0,clean,automatic,oh,41.71456,-81.238501,medium
"quad cities, IA/IL",2013.0,other,Champion Shuttle Bus,diesel,265000.0,clean,automatic,il,38.8014,-90.5065,medium
anchorage / mat-su,2020.0,chevrolet,corvette,gas,5.0,clean,automatic,ak,-67.144243,173.885502,high
norfolk / hampton roads,2008.0,gmc,,gas,185000.0,clean,automatic,va,36.8348,-76.0961,medium
maine,2007.0,buick,lacrosse cx,gas,49100.0,clean,automatic,me,44.5543,-69.6178,low
omaha / council bluffs,2013.0,bmw,x5,gas,75095.0,clean,automatic,ia,41.1345,-96.2458,medium
winston-salem,2016.0,ford,transit cargo,gas,123825.0,clean,automatic,nc,,,medium
san antonio,2019.0,chevrolet,,gas,35000.0,clean,other,tx,29.360753,-98.493719,low
boston,2012.0,audi,a4,gas,128951.0,clean,automatic,ma,42.765709,-71.235073,medium
visalia-tulare,2016.0,gmc,sierra 2500 hd double cab,gas,23190.0,clean,other,ca,36.4,-119.38,high
south jersey,1990.0,ford,f450,diesel,210000.0,clean,manual,nj,39.4818,-75.0091,low
columbus,2012.0,nissan,gt-r,gas,20730.0,,manual,oh,29.9108,-90.0531,high
richmond,2008.0,ford,super duty f-350 srw,gas,147476.0,clean,automatic,va,40.468785,-74.281707,medium
rhode island,2007.0,honda,cvr,gas,137000.0,clean,automatic,ri,41.877567,-71.409096,low
stockton,1999.0,ford,f-350,diesel,262753.0,clean,automatic,ca,37.866439,-121.280616,medium
baltimore,2020.0,hyundai,santa fe 2.0t sel sport,gas,28474.0,clean,other,md,39.3,-76.61,high
tulsa,2018.0,lincoln,mkx,gas,35999.0,clean,automatic,ok,36.101921,-95.885277,high
fort collins / north CO,1984.0,chevrolet,camaro z28,gas,25000.0,clean,automatic,co,40.5384,-105.0547,low
worcester / central MA,2014.0,gmc,sierra 1500 crew cab slt,gas,57923.0,clean,other,ma,42.26,-71.8,high
plattsburgh-adirondacks,2019.0,ford,escape se awd,gas,15055.0,clean,automatic,ny,44.981369,-73.451867,high
yakima,2007.0,volkswagen,jetta,gas,191000.0,clean,automatic,wa,46.7063,-120.7473,low
huntsville / decatur,2013.0,chrysler,town and country,gas,82000.0,clean,automatic,al,34.45074,-87.302398,medium
bend,2003.0,toyota,land cruiser,gas,165800.0,clean,automatic,or,45.382346,-122.605132,high
springfield,2017.0,buick,envision,gas,40003.0,clean,automatic,mo,38.382623,-93.77344,high
nashville,2020.0,toyota,camry se automatic,gas,1050.0,clean,automatic,tn,36.15279,-86.83537,high
anchorage / mat-su,2013.0,other,Scion tC,gas,77566.0,clean,automatic,ak,61.2116,-149.8761,medium
columbus,2015.0,toyota,camry,gas,89012.0,clean,automatic,ga,32.548807,-84.924106,medium
atlanta,2009.0,pontiac,g6,gas,145534.0,salvage,automatic,ga,33.786,-84.3514,low
southern maryland,2013.0,tesla,model s signature,electric,62588.0,clean,other,md,38.82,-77.08,high
sioux falls / SE SD,2015.0,bmw,750xi xdrive m-sport edition,gas,90485.0,clean,automatic,sd,44.8346,-91.5159,high
finger lakes,2019.0,ford,ranger supercrew xlt pickup,gas,7576.0,clean,other,ny,42.86,-76.98,high
reno / tahoe,2016.0,volvo,xc90,other,53566.0,clean,automatic,ca,39.49115,-119.790321,high
visalia-tulare,2013.0,chevrolet,silverado 1500 lt ext cab lifted,other,117740.0,clean,automatic,ca,33.3917,-111.9249,high
buffalo,2018.0,audi,s5 premium plus sedan 4d,other,46081.0,clean,other,ny,42.88,-78.85,high
ft myers / SW florida,2006.0,toyota,solara,gas,93624.0,clean,automatic,fl,26.9152,-82.0532,low
lakeland,2018.0,chevrolet,silverado 2500hd,diesel,159240.0,clean,automatic,fl,27.234099,-80.829894,high
hudson valley,2016.0,nissan,altima,gas,40715.0,clean,automatic,ny,42.598179,-73.708295,medium
chicago,2014.0,ford,f150 supercrew cab xlt,gas,47448.0,clean,automatic,il,41.8097,-87.6533,high
albuquerque,2011.0,toyota,camry,gas,53000.0,clean,automatic,nm,35.1565,-106.7019,low
south jersey,1995.0,ford,f700,gas,235000.0,clean,automatic,nj,40.464,-74.2742,medium
albany,2007.0,mini,cooper,gas,53056.0,clean,automatic,ny,42.675374,-73.784585,low
baltimore,2005.0,honda,odyssey,gas,195828.0,clean,automatic,md,39.433086,-76.343119,low
green bay,2001.0,ram,1500,gas,151169.0,clean,automatic,wi,44.644659,-88.092257,low
SF bay area,2007.0,toyota,corolla le 4dr sedan,gas,97000.0,clean,automatic,ca,37.5605,-121.9999,low
detroit metro,2013.0,chevrolet,cruze,gas,130000.0,clean,automatic,mi,42.625976,-82.861633,low
kalamazoo,2007.0,chevrolet,impala,gas,148000.0,clean,automatic,mi,42.316052,-85.188374,low
visalia-tulare,2019.0,honda,accord,gas,82440.0,clean,automatic,ca,36.081353,-119.035518,medium
eau claire,2018.0,chevrolet,eqinox,gas,19725.0,clean,automatic,wi,44.901812,-91.936984,high
green bay,2015.0,chevrolet,g4500,gas,110938.0,clean,automatic,wi,42.196156,-88.31056,medium
scranton / wilkes-barre,2020.0,lincoln,continental sedan 4d,other,9800.0,clean,other,pa,41.4,-75.66,high
milwaukee,2015.0,subaru,outback,gas,67860.0,clean,automatic,wi,42.364188,-87.864796,medium
columbus,2008.0,ford,escape xlt 4x4,gas,147000.0,clean,automatic,oh,40.0425,-82.9689,low
los angeles,2018.0,mazda,cx-5 grand touring sport,gas,,clean,other,ca,34.04,-118.04,high
monterey bay,2003.0,mitsubishi,eclipse,gas,280000.0,salvage,manual,ca,36.517845,-121.438665,low
winston-salem,2015.0,ford,super duty f-350 srw,diesel,105525.0,clean,automatic,nc,35.962083,-80.219976,high
shreveport,2019.0,ford,f250,diesel,48177.0,clean,automatic,la,30.649549,-97.866554,high
new hampshire,2015.0,other,HINO 268A,diesel,283466.0,clean,automatic,nh,42.4173,-71.1087,high
rhode island,2005.0,mercedes-benz,benz e320,gas,200000.0,clean,automatic,ri,41.754241,-71.480858,low
ocala,2019.0,ford,f-250,diesel,76109.0,clean,automatic,fl,28.567037,-81.291542,high
anchorage / mat-su,2017.0,ram,1500,other,96010.0,clean,automatic,ak,61.16167,-149.86312,high
south florida,2006.0,gmc,envoy denali,gas,129276.0,clean,automatic,fl,26.2315,-80.1235,low
portland,2002.0,acura,mdx,gas,193000.0,rebuilt,automatic,or,45.7907,-122.5318,low
rhode island,2009.0,jeep,wrangler,gas,120000.0,clean,automatic,ri,41.792774,-71.473389,medium
toledo,2006.0,rover,sport,gas,174000.0,clean,automatic,oh,41.6525,-83.5085,low
madison,2021.0,other,2021 spark,gas,3000.0,lien,automatic,wi,43.958693,-89.816246,medium
grand island,2011.0,ford,f150 supercrew cab,other,225646.0,clean,automatic,ne,40.7378,-96.8445,medium
prescott,1969.0,mercury,cougar xr7,gas,34000.0,clean,automatic,az,34.568658,-112.410049,high
atlanta,2011.0,buick,regal,gas,175128.0,clean,automatic,ga,34.087409,-83.945058,low
fresno / madera,2018.0,mercedes-benz,e-class,gas,95674.0,clean,automatic,ca,36.837679,-119.809638,high
albany,2011.0,mazda,mazda2 sport,gas,80393.0,clean,automatic,ny,42.691126,-73.686826,low
norfolk / hampton roads,2009.0,chevrolet,impala lt,gas,197.0,clean,automatic,va,36.8469,-76.0089,low
jacksonville,2014.0,mercedes-benz,c-class,gas,124476.0,clean,automatic,nc,,,medium
shreveport,2019.0,toyota,tundra crewmax sr5 pickup,gas,15512.0,clean,other,la,33.7865,-84.4454,high
montgomery,2017.0,infiniti,q60 3.0t premium coupe,gas,34415.0,clean,other,al,32.35,-86.28,high
san diego,2013.0,volkswagen,passat,gas,102627.0,clean,automatic,ca,32.5753,-117.0707,low
springfield,2014.0,infiniti,qx60,gas,135464.0,clean,automatic,mo,37.2593,-93.2912,medium
fresno / madera,2017.0,gmc,sierra,gas,49000.0,clean,automatic,ca,36.5349,-119.3909,high
oklahoma city,2012.0,mazda,mazda3 touring hatchback,gas,76000.0,clean,automatic,ok,35.364993,-97.502096,low
hawaii,2017.0,audi,a4,gas,49602.0,clean,automatic,hi,21.296235,-157.859345,high
portland,2007.0,toyota,camry hybrid,gas,148000.0,clean,automatic,or,45.5254,-122.3739,low
upper peninsula,2015.0,toyota,venza xle awd,gas,60000.0,clean,automatic,mi,47.0937,-88.6613,medium
fargo / moorhead,2010.0,chevrolet,express cargo van,gas,115051.0,clean,automatic,mn,45.553434,-94.231841,medium
springfield,2018.0,chevrolet,trax,gas,28935.0,clean,automatic,mo,38.382623,-93.77344,medium
muskegon,2015.0,ford,focus,gas,59168.0,clean,automatic,mi,43.1824,-84.1122,low
ventura county,2016.0,chevrolet,silverado 1500 double,gas,42468.0,clean,other,ca,33.779214,-84.411811,high
omaha / council bluffs,2020.0,chevrolet,malibu lt,gas,38000.0,clean,automatic,ia,41.2064,-95.9953,medium
greensboro,2014.0,jeep,grand cherokee limited,gas,92541.0,clean,automatic,nc,36.027233,-79.819574,medium
"kansas city, MO",2015.0,chevrolet,ss sedan 4d,gas,48774.0,clean,other,ks,39.09,-94.58,high
cedar rapids,2012.0,ford,f550,diesel,164000.0,clean,automatic,ia,42.117529,-88.436783,high
mcallen / edinburg,2017.0,jaguar,f-pace,gas,69419.0,clean,automatic,tx,26.193466,-98.145378,high
cleveland,2018.0,gmc,terrain,gas,24194.0,clean,automatic,oh,41.456783,-81.883689,high
columbia / jeff city,2017.0,chevrolet,camaro lt coupe 2d,gas,20446.0,clean,other,mo,38.95,-92.32,high
louisville,2014.0,acura,mdx sh-awd sport utility,gas,62390.0,clean,other,ky,38.22,-85.74,high
springfield,2004.0,chevrolet,avalanche z71,gas,59600.0,clean,automatic,il,39.8331,-89.8686,medium
columbia / jeff city,2010.0,nissan,altima,gas,220789.0,clean,automatic,mo,38.71,-92.083,low
maine,2015.0,ram,3500,diesel,80307.0,clean,automatic,me,43.066264,-71.447,high
anchorage / mat-su,2017.0,nissan,quest sv,gas,82003.0,clean,automatic,ak,61.166252,-149.857916,medium
madison,2011.0,toyota,tundra,gas,182349.0,clean,automatic,wi,44.405015,-88.811252,medium
philadelphia,2006.0,chevrolet,express cargo van,diesel,134296.0,clean,automatic,pa,40.468785,-74.281707,medium
memphis,2017.0,toyota,tacoma access cab trd,gas,20097.0,clean,other,tn,35.1,-90.0,high
chicago,2000.0,chevrolet,dump truck,gas,87695.0,clean,automatic,il,42.535,-88.6027,medium
birmingham,2009.0,dodge,challenger,gas,83491.0,clean,automatic,al,35.839799,-86.386926,medium
maine,2012.0,ford,fiesta,gas,44268.0,clean,other,me,44.693199,-69.334602,low
orlando,2018.0,ford,edge,diesel,79866.0,clean,automatic,fl,28.567037,-81.291542,medium
southwest MN,2017.0,ford,f250 super duty,gas,142000.0,clean,automatic,mn,42.5032,-96.3829,high
albuquerque,2017.0,cadillac,ats luxury sedan 4d,gas,27509.0,clean,other,nm,35.11,-106.62,high
waco,2013.0,jeep,"wrangler unlimited sahara, $374.52, $1500 down, 2.9% apr, $374.52, $1500 down, 2.9% apr,",gas,99888.0,clean,automatic,tx,31.478893,-97.206139,high
los angeles,1985.0,mazda,rx7,gas,225.0,clean,manual,ca,33.945789,-118.194959,low
fresno / madera,2015.0,other,scion tc,gas,72000.0,salvage,automatic,ca,36.911034,-120.187468,medium
stockton,2017.0,volvo,xc90 momentum,gas,26283.0,,automatic,ca,37.963201,-122.509472,high
detroit metro,2004.0,toyota,camry,gas,122333.0,clean,automatic,mi,42.5648,-83.0701,low
spokane / coeur d'alene,2019.0,gmc,sierra 1500 4x4 1/2 ton gas,gas,14947.0,clean,automatic,id,47.65613,-117.236949,high
louisville,2017.0,audi,q5 3.0t premium plus sport,gas,14318.0,clean,automatic,ky,38.22,-85.74,high
new york city,2018.0,nissan,rogue,gas,91700.0,clean,automatic,ny,40.6982,-73.8345,medium
yakima,2010.0,ford,explorer,gas,133434.0,clean,automatic,wa,46.580296,-120.49273,medium
san diego,2008.0,honda,civic,gas,112435.0,clean,automatic,ca,32.7645,-117.0609,low
north jersey,2008.0,chevrolet,express cargo van,gas,160000.0,clean,automatic,nj,40.8445,-74.4824,low
columbia,2010.0,dodge,,gas,186.0,clean,automatic,sc,34.010243,-81.120395,low
bozeman,2018.0,other,2018,gas,30000.0,clean,automatic,mt,48.1783,-111.9397,high
seattle-tacoma,2019.0,jeep,wrangler unlimited sahara,gas,44603.0,clean,automatic,wa,47.199771,-122.299016,high
pueblo,1969.0,chevrolet,c10,gas,100000.0,clean,automatic,co,38.0323,-104.716,low
kennewick-pasco-richland,2012.0,ford,edge,gas,138616.0,clean,automatic,wa,46.207557,-119.11703,low
indianapolis,2003.0,gmc,envoy 4x4,gas,149000.0,rebuilt,automatic,in,39.4982,-86.0633,low
lincoln,2014.0,hyundai,elantra gt,gas,45952.0,clean,automatic,ne,40.850035,-96.624879,medium
eugene,2008.0,mazda,mazda3,gas,160960.0,clean,automatic,or,44.05294,-123.11188,low
hartford,2008.0,ford,e350 passenger van,gas,179000.0,clean,automatic,ct,41.7472,-72.6103,low
north jersey,1999.0,ford,f350,diesel,75000.0,clean,automatic,nj,41.1164,-74.5865,low
akron / canton,2005.0,honda,accord lx,gas,234000.0,clean,manual,oh,41.3222,-81.4996,low
lehigh valley,2006.0,other,hyndai elantra,gas,140000.0,clean,automatic,pa,40.6018,-75.5225,low
mobile,2008.0,toyota,sienna,gas,108000.0,clean,automatic,al,30.401,-87.686,low
portland,2012.0,bmw,3 series,gas,97016.0,clean,automatic,or,45.490639,-122.81481,medium
visalia-tulare,2019.0,jeep,wrangler sport suv 2d,gas,7359.0,clean,other,ca,36.4,-119.38,high
charlotte,2002.0,ram,1500,gas,224000.0,clean,automatic,nc,35.1936,-80.6846,low
eugene,2001.0,toyota,tacoma,gas,202500.0,rebuilt,manual,or,44.1005,-123.1334,medium
norfolk / hampton roads,2004.0,chevrolet,silverado 2500,gas,98912.0,clean,automatic,va,37.2732,-76.7324,medium
hawaii,2002.0,toyota,tacoma prerunner v6,gas,158000.0,clean,automatic,hi,19.673041,-155.222806,medium
hartford,1970.0,chevrolet,camaro,gas,100000.0,clean,automatic,ct,41.3765,-72.4486,low
portland,2001.0,toyota,sequoia,gas,283466.0,clean,automatic,or,45.42225,-122.632908,low
utica-rome-oneida,2010.0,kia,soul,gas,116800.0,clean,automatic,ny,43.2183,-75.4344,low
daytona beach,1986.0,chevrolet,corvette,gas,80900.0,clean,automatic,fl,29.5565,-81.219,medium
albuquerque,2020.0,gmc,terrain,gas,6408.0,clean,automatic,nm,35.004363,-106.049794,high
fayetteville,2018.0,ram,2500,diesel,19711.0,clean,automatic,ar,38.4018,-93.785,high
"quad cities, IA/IL",2011.0,chevrolet,suburban ltz,gas,197000.0,clean,automatic,il,41.8517,-90.2078,low
pueblo,2016.0,ram,1500,gas,90123.0,clean,automatic,co,38.298476,-104.612853,high
orlando,2008.0,ford,e-series cargo,gas,182138.0,clean,automatic,fl,27.479823,-82.571497,medium
boston,2018.0,toyota,avalon hybrid limited,diesel,38354.0,clean,other,ma,42.41,-70.99,high
houston,2015.0,subaru,brz limited,gas,87591.0,clean,manual,tx,30.0042,-95.1728,medium
pensacola,2003.0,toyota,highlander,gas,203168.0,clean,automatic,fl,30.4481,-87.2589,low
south jersey,2008.0,ford,edge,gas,79572.0,clean,automatic,nj,39.982579,-74.795374,low
palm springs,2012.0,chevrolet,camaro,gas,90132.0,clean,automatic,ca,34.0794,-117.4551,medium
daytona beach,1954.0,other,1954 Packard Patrician Limousine,gas,78313.0,clean,automatic,fl,29.084518,-81.066259,low
champaign urbana,2018.0,chevrolet,camaro lt coupe 2d,gas,11805.0,clean,other,il,40.11,-88.26,high
philadelphia,1998.0,ram,,gas,101000.0,clean,automatic,pa,40.3556,-74.9839,low
columbus,2013.0,cadillac,ats,gas,0.0,clean,automatic,oh,39.95488,-83.110405,medium
south florida,2017.0,hyundai,accent se sedan 4d,gas,95000.0,clean,automatic,fl,25.985,-80.1407,low
worcester / central MA,2016.0,ford,f-150,gas,125350.0,clean,automatic,ma,42.27877,-71.68382,medium
eugene,2013.0,gmc,acadia denali,gas,66520.0,clean,automatic,or,45.379929,-122.583757,high
"washington, DC",2012.0,honda,civic ex,gas,94300.0,clean,automatic,dc,38.806,-77.0529,low
houston,2017.0,chevrolet,malibu,gas,98999.0,rebuilt,automatic,tx,29.6877,-95.1572,medium
sarasota-bradenton,2018.0,mazda,mx-5 miata grand touring,gas,6745.0,clean,other,fl,27.33,-82.54,high
victoria,2004.0,toyota,4runner,gas,183000.0,clean,automatic,tx,28.6011,-96.6259,low
spokane / coeur d'alene,2018.0,buick,enclave premium group,gas,21969.0,clean,automatic,id,47.670516,-117.115266,high
"washington, DC",2014.0,mazda,3,gas,96000.0,clean,automatic,dc,38.9814,-77.4723,low
sacramento,2012.0,honda,accord cpe ex,gas,58385.0,clean,automatic,ca,38.610767,-121.422557,medium
houston,2012.0,other,all vehicles,gas,12345.0,clean,automatic,tx,29.8817,-95.4539,low
york,1987.0,dodge,charger glhs,gas,57000.0,clean,manual,pa,39.9026,-76.6081,low
colorado springs,2006.0,subaru,legacy,gas,245000.0,clean,automatic,co,38.8377,-104.837,low
dallas / fort worth,2018.0,toyota,tundra sr5 4wd 5.7l 1 owner,gas,59547.0,clean,automatic,tx,32.906234,-96.698652,high
skagit / island / SJI,2011.0,audi,q5,gas,83458.0,clean,other,wa,48.7542,-122.471,medium
orange county,2017.0,mercedes-benz,c-class c 300,gas,27561.0,clean,other,ca,33.74,-117.82,high
north jersey,2011.0,honda,accord,gas,113000.0,clean,automatic,nj,39.9308,-75.0175,low
modesto,1999.0,lexus,rx 300,gas,177439.0,clean,automatic,ca,37.6717,-120.9482,low
pittsburgh,2019.0,cadillac,xt5 luxury sport,gas,9232.0,clean,other,pa,40.43,-79.97,high
atlanta,2009.0,toyota,tacoma trd,gas,201000.0,clean,manual,ga,33.862967,-84.30316,medium
bakersfield,2009.0,toyota,tacoma 4x4,gas,160946.0,clean,automatic,ca,33.794656,-117.992994,high
medford-ashland,2011.0,ford,f-250 super duty lariat 4x4,diesel,181687.0,clean,automatic,or,44.629638,-123.055986,high
north jersey,2015.0,audi,a3 tdi premium sedan 4d,gas,30786.0,clean,other,nj,40.44,-74.82,medium
tampa bay area,2016.0,toyota,4runner sr5 sport utility,gas,65448.0,clean,other,fl,28.44,-82.56,high
akron / canton,2008.0,chrysler,town and country,other,145070.0,clean,automatic,oh,41.041256,-81.607193,low
sarasota-bradenton,2019.0,subaru,crosstrek,gas,9851.0,clean,automatic,fl,27.241721,-82.506402,high
wenatchee,2010.0,ford,f150 platinum,gas,104000.0,clean,automatic,wa,47.3099,-122.2653,medium
bend,2020.0,volvo,v60 cross country t5,gas,2369.0,clean,automatic,or,44.114947,-121.292667,low
watertown,2016.0,ford,edge,gas,73656.0,clean,automatic,ny,43.204762,-75.440834,medium
salt lake city,2016.0,ram,4500,diesel,17619.0,clean,automatic,ut,40.468785,-74.281707,high
stockton,2010.0,dodge,challenger,gas,60390.0,clean,manual,ca,38.608933,-121.430188,high
western massachusetts,2011.0,nissan,altima,gas,245448.0,clean,automatic,ma,41.915593,-72.61482,low
moses lake,2014.0,toyota,fj cruiser,gas,122166.0,clean,automatic,wa,47.692931,-117.411632,high
binghamton,2015.0,honda,accord,gas,56000.0,clean,automatic,ny,40.7692,-74.2355,low
inland empire,2008.0,honda,accord ex-l,gas,93000.0,clean,automatic,ca,33.788216,-117.833248,medium
green bay,2015.0,nissan,frontier,gas,138737.0,clean,automatic,wi,45.09216,-87.64732,medium
des moines,2007.0,acura,tsx 2.4,gas,141301.0,rebuilt,automatic,ia,41.4814,-93.4921,low
phoenix,2019.0,volkswagen,golf r 4motion,other,16068.0,clean,other,az,33.44,-111.8,high
baltimore,2018.0,other,Genesis G80 3.8 Sedan 4D,gas,30363.0,clean,other,md,39.3,-76.61,high
orange county,2017.0,gmc,sierra 2500hd,diesel,99470.0,clean,automatic,ca,40.376357,-111.806112,high
fargo / moorhead,2017.0,nissan,titan xd,diesel,36368.0,clean,automatic,mn,46.136393,-100.169313,high
norfolk / hampton roads,1999.0,jeep,cherokee,gas,197000.0,clean,manual,va,37.0465,-76.3813,low
atlanta,2008.0,toyota,tundra,gas,96000.0,clean,automatic,ga,,,medium
lexington,2018.0,jeep,wrangler unlimited all new,other,15688.0,clean,other,ky,38.04,-84.45,high
champaign urbana,2013.0,fiat,500,gas,84658.0,clean,automatic,il,40.1317,-88.2854,low
topeka,2011.0,jeep,wrangler unlimited,gas,108670.0,clean,automatic,ks,39.23492,-94.57671,high
portland,2014.0,fiat,500l,gas,65383.0,clean,manual,or,45.4373,-122.6147,low
salem,2014.0,ford,f-350,diesel,72110.0,clean,automatic,or,44.039006,-121.303704,high
chicago,2015.0,mitsubishi,outlander gt,gas,132314.0,clean,automatic,il,41.9019,-87.6779,low
boise,2016.0,volvo,xc90 t6 r design awd gas,gas,62693.0,clean,automatic,id,43.61974,-116.29469,high
"washington, DC",2015.0,toyota,corolla le,gas,51735.0,clean,automatic,dc,39.0472,-77.3866,medium
winchester,2015.0,chevrolet,tahoe,gas,133746.0,clean,automatic,va,38.762669,-77.461754,high
nashville,,other,olet Silverado 1500,,59246.0,,automatic,tn,36.138022,-86.732261,high
palm springs,1995.0,ford,bronco xlt,gas,250000.0,clean,automatic,ca,33.818483,-116.398022,low
scranton / wilkes-barre,2003.0,ford,f350 super duty,diesel,148000.0,clean,automatic,pa,41.181738,-76.196133,high
cleveland,1964.0,other,Plymouth Barracuda,gas,82000.0,clean,automatic,oh,41.1712,-82.2269,medium
houston,2004.0,ford,f-250 super duty,diesel,100000.0,clean,automatic,tx,29.8324,-95.472,low
new york city,2018.0,other,Maserati Quattroporte,gas,55146.0,clean,automatic,ny,40.80353,-73.51923,high
birmingham,2018.0,tesla,model 3,electric,14452.0,clean,automatic,al,33.4995,-86.7268,high
pueblo,2019.0,ford,expedition limited,gas,16736.0,clean,automatic,co,38.2879,-104.5848,high
east idaho,2016.0,hyundai,elantra,gas,35312.0,clean,manual,id,43.50511,-111.99958,medium
wichita,2009.0,ram,1500,gas,220000.0,rebuilt,automatic,ks,37.666123,-97.335516,low
reno / tahoe,2018.0,acura,tlx 3.5 sedan 4d,gas,21619.0,clean,other,ca,33.7865,-84.4454,high
nashville,2019.0,toyota,camry le automatic,gas,21480.0,clean,automatic,tn,36.09791,-86.73897,high
cumberland valley,2017.0,jeep,wrangler sport s utility 2d,gas,891.0,clean,other,md,39.82,-78.72,high
western massachusetts,2018.0,chevrolet,silverado 2500 hd,other,3749.0,clean,other,ma,42.11,-72.53,high
jacksonville,2012.0,ford,f250 super duty 4x4,gas,,clean,automatic,fl,27.5008,-80.36,high
denver,2012.0,ford,focus,gas,121616.0,clean,automatic,co,39.782833,-105.0629,low
jacksonville,2001.0,chevrolet,silverado,gas,141005.0,clean,automatic,fl,30.2687,-81.7473,low
lewiston / clarkston,2015.0,nissan,versa,gas,46800.0,clean,automatic,id,46.206891,-116.896288,low
roanoke,2015.0,ford,super duty f-250 srw,diesel,134000.0,clean,automatic,va,36.277274,-80.339826,high
omaha / council bluffs,2017.0,ford,focus,gas,44090.0,rebuilt,manual,ia,41.207382,-96.023096,high
san luis obispo,2017.0,ford,fiesta,gas,36101.0,clean,manual,ca,35.119931,-120.57697,medium
hartford,2019.0,chevrolet,trax lt sport utility,gas,13916.0,clean,other,ct,41.76,-72.68,medium
tampa bay area,2015.0,mercedes-benz,c-class,gas,75843.0,clean,automatic,fl,28.00853,-82.45974,high
inland empire,2017.0,toyota,camry se,gas,47679.0,clean,automatic,ca,34.12505,-118.25546,medium
south florida,2005.0,toyota,corolla camry,gas,154356.0,clean,automatic,fl,25.7343,-80.3588,low
kennewick-pasco-richland,2004.0,acura,tsx,gas,182000.0,clean,manual,wa,46.236974,-119.371725,low
philadelphia,2011.0,volkswagen,golf,gas,111000.0,clean,automatic,pa,39.9308,-75.0175,low
maine,2003.0,ford,f-150 4x4 step side,gas,200000.0,clean,automatic,me,43.0921,-70.7429,low
madison,2019.0,ford,f-150 lariat crew cab 4x4,gas,19076.0,clean,automatic,wi,44.8346,-91.5159,high
tampa bay area,2008.0,toyota,camry hybrid,hybrid,191348.0,clean,automatic,fl,28.3011,-82.6927,low
sarasota-bradenton,2009.0,cadillac,sts,gas,49000.0,clean,manual,fl,27.0933,-82.4498,medium
wenatchee,2016.0,ford,escape,gas,31572.0,clean,automatic,wa,47.424019,-120.307757,medium
western maryland,2017.0,buick,enclave leather sport,other,29324.0,clean,other,md,33.779214,-84.411811,high
eastern NC,1988.0,nissan,300zx 2+2,gas,139800.0,clean,automatic,nc,35.7715,-77.973,medium
memphis,2005.0,lincoln,town car,gas,134494.0,clean,automatic,tn,35.1845,-89.8574,low
rhode island,2019.0,toyota,86 trd special edition,other,2207.0,clean,other,ri,41.82,-71.41,high
butte,2019.0,ford,ranger xlt fx4 4x4 1/4 ton,gas,27303.0,clean,automatic,mt,43.61974,-116.29469,high
richmond,2013.0,chrysler,300,gas,82000.0,clean,automatic,va,35.8713,-80.0913,medium
janesville,2018.0,bmw,4 series 430i xdrive,gas,42913.0,clean,other,wi,42.68,-89.01,high
great falls,2017.0,chevrolet,silverado,gas,32275.0,clean,automatic,mt,47.696062,-116.781406,high
southern illinois,2008.0,nissan,350z,gas,,clean,automatic,il,37.599738,-89.165926,low
long island,1931.0,ford,model a,gas,500.0,clean,manual,ny,40.8601,-73.4423,high
santa barbara,2018.0,bmw,x3 xdrive30i sport utility,other,37439.0,clean,automatic,ca,33.7865,-84.4454,high
monterey bay,2018.0,gmc,terrain,other,47861.0,clean,automatic,ca,36.613457,-121.843935,high
sarasota-bradenton,2019.0,dodge,grand caravan sxt,gas,36015.0,,automatic,fl,27.270402,-82.530222,high
spokane / coeur d'alene,2013.0,ram,1500,gas,114386.0,clean,automatic,id,47.412043,-122.241112,high
sacramento,2016.0,ford,transit connect passenger,gas,39044.0,clean,automatic,ca,38.58,-121.49,medium
battle creek,2009.0,saturn,aura,gas,120324.0,clean,automatic,mi,43.1824,-84.1122,low
missoula,1969.0,jeep,cj5,gas,100000.0,clean,manual,mt,47.702691,-115.281957,medium
kenosha-racine,2010.0,dodge,grand caravan,gas,159349.0,clean,automatic,wi,42.57992,-87.820874,low
bellingham,1988.0,cadillac,eldorado biarritz,gas,222000.0,clean,automatic,wa,48.9091,-122.7412,low
bend,2014.0,honda,cr-v lx automatic,gas,119887.0,clean,automatic,or,44.03087,-121.30895,medium
odessa / midland,1981.0,jeep,cj8 scrambler,gas,100000.0,clean,manual,tx,31.855,-103.0913,medium
worcester / central MA,2013.0,chevrolet,impala,gas,119000.0,clean,automatic,ma,42.571524,-72.158539,low
colorado springs,2020.0,subaru,outback,other,5408.0,clean,other,co,38.8377,-104.837,high
nashville,2018.0,volkswagen,tiguan,gas,24942.0,clean,automatic,tn,36.171462,-86.497053,high
lansing,2013.0,ford,econoline e350,gas,189500.0,clean,automatic,mi,42.914295,-83.755627,medium
yuba-sutter,2012.0,ford,focus,gas,96987.0,clean,automatic,ca,38.570309,-121.521625,low
chico,2019.0,subaru,crosstrek premium,gas,42000.0,rebuilt,automatic,ca,39.7224,-121.8113,medium
los angeles,2019.0,ford,f-250sd,diesel,48488.0,clean,automatic,ca,34.070311,-117.446303,high
colorado springs,2014.0,gmc,sierra,gas,44234.0,clean,automatic,co,40.624962,-103.219833,high
odessa / midland,2005.0,other,Hummer H2,gas,67420.0,clean,automatic,tx,30.3432,-97.738975,high
houston,2017.0,infiniti,qx50,gas,38000.0,clean,automatic,tx,29.72038,-95.535419,medium
western massachusetts,2016.0,ford,focus,gas,70450.0,rebuilt,automatic,ma,41.974004,-72.62471,low
grand island,2018.0,ford,explorer,gas,74487.0,clean,automatic,ne,41.438366,-97.316899,high
mcallen / edinburg,2015.0,chevrolet,equinox lt,gas,95164.0,clean,automatic,tx,26.242,-98.1755,low
salem,2018.0,toyota,camry,gas,48525.0,clean,automatic,or,44.9961,-122.9124,high
springfield,2011.0,chevrolet,silverado 2500hd,diesel,1234.0,clean,automatic,mo,37.2117,-93.299,high
knoxville,2010.0,jeep,wrangler,gas,130314.0,clean,automatic,tn,35.7553,-83.9554,high
parkersburg-marietta,2009.0,chevrolet,malibu,gas,174000.0,clean,automatic,oh,39.2644,-81.5354,low
zanesville / cambridge,2013.0,chrysler,200,gas,102000.0,clean,automatic,oh,39.9274,-82.0041,low
los angeles,2018.0,porsche,911 carrera,gas,7862.0,clean,automatic,ca,34.151,-118.0889,high
greensboro,1999.0,dodge,dakota,gas,149604.0,clean,manual,nc,36.024189,-79.802689,low
rockford,2008.0,chevrolet,hhr ls_panel 4dr wagon,gas,132098.0,clean,automatic,il,42.6896,-88.039,low
baton rouge,2010.0,chevrolet,impala lt,gas,191100.0,clean,automatic,la,30.4485,-91.13,low
toledo,2014.0,mitsubishi,outlander sport,gas,131924.0,clean,automatic,oh,41.6418,-83.4714,low
springfield,2014.0,nissan,sentra,gas,95000.0,clean,automatic,il,39.7622,-89.6275,low
philadelphia,2013.0,infiniti,g g37 sport coupe 2d,gas,57181.0,clean,other,pa,39.95,-75.16,medium
chicago,2011.0,mazda,cx-9,gas,109000.0,clean,automatic,il,41.9703,-87.7042,low
jersey shore,2018.0,mitsubishi,outlander phev sel,other,28215.0,clean,other,nj,39.26,-74.6,high
athens,2012.0,ford,f150 supercrew cab xlt,gas,53752.0,clean,other,oh,39.32,-82.09,high
tampa bay area,2012.0,porsche,panamera,gas,72473.0,clean,automatic,fl,28.044307,-82.458709,high
fredericksburg,1955.0,mercury,,gas,61000.0,clean,manual,va,38.439121,-77.99759,medium
hartford,2014.0,volkswagen,jetta sedan,gas,106074.0,clean,automatic,ct,,,low
nashville,2014.0,lexus,lx 570,gas,107616.0,,automatic,tn,36.138022,-86.732261,high
nashville,2019.0,nissan,sentra sv automatic,gas,53803.0,clean,automatic,tn,36.09791,-86.73897,medium
indianapolis,2012.0,chevrolet,malibu lt,gas,125000.0,clean,automatic,in,39.7306,-86.1683,low
baltimore,2008.0,mercedes-benz,benz c300,gas,203000.0,clean,automatic,md,39.407,-76.604,low
north jersey,2015.0,chevrolet,city express,gas,150851.0,clean,automatic,nj,40.862572,-74.096558,medium
seattle-tacoma,2010.0,toyota,camry,gas,146263.0,clean,automatic,wa,47.046295,-122.866789,low
louisville,2007.0,chevrolet,impala,gas,140759.0,clean,automatic,ky,38.159531,-85.659885,low
fresno / madera,2016.0,hyundai,sonata hybrid,gas,92275.0,clean,automatic,ca,37.803997,-121.216343,medium
wilmington,2006.0,jeep,commander,gas,155959.0,clean,automatic,nc,34.254274,-77.849044,low
green bay,2019.0,rover,discovery sport se,gas,36051.0,clean,other,wi,44.52,-87.98,high
medford-ashland,1995.0,chevrolet,tahoe,gas,175000.0,clean,manual,or,42.287,-122.928,low
pensacola,2019.0,nissan,altima,gas,39985.0,rebuilt,automatic,fl,30.4564,-87.2104,medium
bend,2006.0,chevrolet,silverado 2500hd,diesel,108485.0,clean,automatic,or,44.037346,-121.287609,high
lehigh valley,2002.0,bmw,e46 m3,gas,56000.0,clean,manual,pa,40.6278,-75.3928,high
philadelphia,2008.0,mercury,grand marquis,gas,122352.0,clean,automatic,pa,40.1547,-74.9904,low
rhode island,2018.0,mercedes-benz,mercedes-amg,other,26191.0,clean,other,ri,41.82,-71.41,high
south florida,2014.0,dodge,ram1500,gas,74600.0,rebuilt,automatic,fl,25.8507,-80.2366,medium
greenville / upstate,2004.0,ram,3500,diesel,178001.0,rebuilt,automatic,sc,35.0528,-82.054,medium
mankato,2005.0,gmc,sierra 1500,gas,249313.0,clean,automatic,mn,44.307057,-93.289528,low
yuma,2015.0,ford,f-150 platinum crew ecoboost 3.5l,gas,54587.0,clean,automatic,az,33.396353,-111.954863,high
mohave county,2002.0,mercury,sable,gas,85000.0,clean,automatic,az,34.4814,-114.3483,low
tri-cities,2019.0,ford,f150 supercrew cab xl,gas,8663.0,clean,other,tn,36.53,-82.32,high
duluth / superior,2005.0,chevrolet,colorado,gas,171509.0,clean,automatic,mn,45.6919,-93.9148,medium
ft myers / SW florida,2013.0,chevrolet,silverado,gas,183000.0,clean,automatic,fl,27.016585,-82.145592,medium
gadsden-anniston,2010.0,kia,soul ! wagon 4d,other,94587.0,clean,other,al,34.01,-86.01,medium
vermont,2017.0,toyota,sienna xle awd,gas,39730.0,clean,automatic,vt,44.209041,-72.514597,high
daytona beach,2016.0,chevrolet,traverse,gas,91466.0,clean,automatic,fl,28.647059,-81.352268,medium
south jersey,1996.0,jeep,cherokee,gas,246000.0,clean,automatic,nj,39.7539,-74.996,low
sioux city,2001.0,gmc,sonoma,gas,197000.0,clean,automatic,ia,42.537373,-96.744147,low
medford-ashland,2019.0,ford,mustang gt premium 2dr conv,gas,27071.0,clean,automatic,or,44.629638,-123.055986,high
san luis obispo,2018.0,volvo,certified,gas,23707.0,clean,automatic,ca,35.283445,-120.658029,high
south jersey,2015.0,honda,civic,gas,79797.0,clean,,nj,39.938023,-74.971461,medium
harrisonburg,2017.0,toyota,tacoma access cab trd,gas,20097.0,clean,other,va,38.43,-78.87,high
pittsburgh,2018.0,other,Genesis G80 3.8 Sedan 4D,gas,36046.0,clean,other,pa,40.43,-79.97,high
northwest OK,2016.0,other,Scion iM Hatchback 4D,other,75626.0,clean,other,ok,36.29,-96.46,medium
altoona-johnstown,2021.0,nissan,titan,gas,10.0,clean,automatic,pa,40.4868,-78.4012,high
austin,2006.0,ram,,gas,215013.0,clean,automatic,tx,30.1998,-97.8509,low
western KY,2010.0,chevrolet,corvette grand sport,other,56302.0,clean,other,ky,36.97,-86.44,high
indianapolis,2012.0,buick,enclave,gas,179840.0,clean,automatic,in,39.6789,-86.1302,low
salem,2009.0,bmw,x5 xdrive30i,gas,129000.0,clean,automatic,or,45.1439,-122.8767,low
york,2011.0,kia,sedona,gas,142000.0,clean,automatic,pa,40.0062,-76.8555,low
western massachusetts,2005.0,cadillac,deville,gas,128151.0,clean,automatic,ma,43.036758,-71.414421,low
pullman / moscow,2014.0,jeep,wrangler,gas,69000.0,clean,other,id,47.714927,-116.790784,high
billings,2015.0,chevrolet,silverado,gas,94730.0,clean,automatic,mt,47.7989,-116.7423,high
billings,2017.0,buick,lacrosse,gas,47817.0,clean,automatic,mt,47.7989,-116.7423,high
atlanta,2011.0,hyundai,genesis coupe,gas,83433.0,clean,automatic,ga,34.1124,-84.302,medium
gold country,2015.0,chevrolet,sonic,gas,85739.0,clean,automatic,ca,37.7741,-120.8377,low
charlotte,2019.0,honda,civic si sedan 4d,gas,25067.0,clean,other,nc,35.19,-80.83,high
austin,2014.0,mazda,mazda3 i touring hatchback,gas,28647.0,clean,other,tx,30.26,-97.74,medium
cedar rapids,2003.0,chevrolet,corvette,gas,49446.0,clean,manual,ia,42.1898,-91.7758,medium
oklahoma city,2009.0,ford,f150,gas,162213.0,clean,automatic,ok,35.1192,-97.6401,medium
fairbanks,2019.0,chevrolet,silverado 1500,gas,13292.0,clean,automatic,ak,64.81552,-147.71293,high
eugene,2018.0,subaru,outback awd 3.6r touring,gas,35804.0,rebuilt,automatic,or,45.50423,-122.551919,medium
las vegas,2007.0,ford,five hundred sel,gas,152400.0,clean,automatic,nv,36.0564,-115.078,low
columbus,2016.0,dodge,dart,gas,67562.0,clean,automatic,oh,40.064137,-82.998073,low
billings,2008.0,ram,1500,other,146149.0,clean,automatic,mt,45.7935,-108.481,medium
reno / tahoe,1998.0,other,1999 International,diesel,199250.0,clean,automatic,ca,39.571513,-119.82147,low
salem,2020.0,ram,1500 big horn/lone star,gas,19592.0,clean,automatic,or,45.334794,-122.762079,high
toledo,2004.0,toyota,seirra,gas,244450.0,clean,automatic,oh,41.544034,-83.587448,low
roanoke,2009.0,mini,cooper hardtop,gas,106000.0,clean,manual,va,37.29122,-79.90776,low
stockton,2013.0,chevrolet,suburban,gas,127381.0,clean,automatic,ca,38.627766,-121.400904,medium
charlotte,2011.0,ram,2500,diesel,136990.0,clean,automatic,nc,35.200091,-80.765292,high
saginaw-midland-baycity,2007.0,ford,f-150,gas,175529.0,clean,automatic,mi,43.1824,-84.1122,low
san antonio,2006.0,chevrolet,cobalt lt,gas,180000.0,clean,automatic,tx,29.4485,-98.4285,low
tulsa,2004.0,chevrolet,tahoe,gas,174412.0,clean,automatic,ok,35.199,-97.4841,low
birmingham,2010.0,toyota,tundra,gas,180000.0,clean,automatic,al,33.521,-86.8066,medium
sarasota-bradenton,2011.0,ford,e-250,gas,159385.0,clean,automatic,fl,27.26977,-82.48229,medium
tallahassee,2018.0,ford,f150 xlt 4wd,gas,22818.0,clean,automatic,fl,29.802268,-82.528839,high
kalispell,1969.0,chevrolet,camaro ss convertible,gas,56000.0,clean,manual,mt,48.250584,-114.132671,high
pittsburgh,2005.0,jeep,grand cherokee,gas,142558.0,clean,automatic,pa,40.562486,-79.767482,low
south florida,2012.0,chevrolet,tahoe,gas,92810.0,clean,automatic,fl,25.753332,-80.270379,medium
springfield,2015.0,chevrolet,corvette,gas,30200.0,clean,automatic,mo,38.382623,-93.77344,high
phoenix,2009.0,bmw,m3 coupe 2d,gas,45719.0,clean,other,az,33.44,-112.08,high
new orleans,2008.0,chevrolet,avalanche,gas,125145.0,clean,automatic,la,30.002045,-90.137921,medium
des moines,2002.0,ford,thunderbird deluxe,gas,15900.0,clean,automatic,ia,41.5618,-90.5403,high
baltimore,2007.0,ford,super duty f-450 drw,gas,46463.0,clean,automatic,md,40.468785,-74.281707,high
gainesville,2020.0,acura,rdx sport utility 4d,gas,13623.0,clean,other,fl,29.67,-82.33,high
charleston,2019.0,tesla,model 3 standard range,electric,22544.0,clean,other,sc,32.78,-79.99,high
hartford,2011.0,ford,f-350,other,80099.0,clean,automatic,ct,40.894535,-74.152367,high
seattle-tacoma,2016.0,kia,sorento,gas,106607.0,clean,automatic,wa,47.75695,-122.21223,medium
stockton,2007.0,ram,2500,diesel,263491.0,clean,automatic,ca,38.608933,-121.430188,high
colorado springs,1996.0,chevrolet,1500,gas,137000.0,clean,automatic,co,38.852,-104.7735,low
asheville,2016.0,ford,transit cargo cargo 250,gas,120280.0,clean,automatic,nc,35.9244,-84.0015,medium
las vegas,2009.0,chevrolet,impala lt,gas,142004.0,clean,automatic,nv,36.152,-115.1092,medium
fort collins / north CO,2014.0,mini,hardtop cooper s hatchback,gas,24853.0,clean,other,co,40.55,-105.06,medium
anchorage / mat-su,2014.0,kia,optima,gas,86890.0,clean,automatic,ak,61.56939,-149.35645,medium
redding,2015.0,bmw,5 series 535d xdrive sedan,diesel,30179.0,clean,other,ca,33.779214,-84.411811,high
ithaca,2019.0,volvo,s60 t6 r-design sedan 4d,gas,7618.0,clean,other,ny,42.44,-76.5,high
northwest CT,2012.0,toyota,tacoma double cab pickup,gas,67245.0,clean,other,ct,41.81,-72.9,high
houston,2017.0,other,"GRAND CARAVAN SXT, 3.6L V6",gas,100883.0,clean,automatic,tx,29.736178,-95.605839,low
palm springs,2013.0,mercedes-benz,c 250 sport,gas,82000.0,clean,automatic,ca,33.741517,-116.35686,medium
tampa bay area,2014.0,ford,f-150 platinum 4x4,gas,123456.0,clean,automatic,fl,28.0068,-82.556,medium
palm springs,2013.0,nissan,altima,gas,130000.0,salvage,automatic,ca,34.0033,-117.445,low
nashville,2013.0,audi,a4,gas,80150.0,clean,automatic,tn,35.914,-86.8235,medium
ft myers / SW florida,1991.0,toyota,pickup,gas,119000.0,clean,manual,fl,26.5557,-82.0206,low
new york city,2003.0,ford,expedition xlt,gas,197000.0,salvage,automatic,ny,40.8194,-73.8606,low
wyoming,2012.0,mazda,mx-5 miata grand touring,gas,29993.0,clean,other,wy,33.779214,-84.411811,medium
pueblo,2015.0,buick,regal,gas,70850.0,clean,automatic,co,38.298339,-104.616024,medium
detroit metro,2010.0,chevrolet,equinox,gas,134000.0,clean,automatic,mi,42.44861,-83.0302,low
south florida,2018.0,volkswagen,golf gti s hatchback,gas,13269.0,clean,other,fl,25.77,-80.2,high
orange county,1963.0,chevrolet,impala ss,gas,1.0,clean,other,ca,33.6483,-117.9155,medium
madison,2006.0,other,blue bird,diesel,140000.0,clean,automatic,wi,43.1205,-89.3523,low
ft myers / SW florida,2019.0,hyundai,veloster n coupe 3d,gas,12947.0,clean,other,fl,26.14,-81.79,high
columbus,2015.0,mercedes-benz,m-class,gas,67722.0,clean,automatic,ga,32.548807,-84.924106,high
jonesboro,2018.0,jaguar,e-pace p300 r-dynamic s,other,5837.0,clean,other,ar,35.82,-90.68,high
mansfield,2020.0,audi,a6 45 tfsi premium plus,gas,27160.0,clean,other,oh,40.76,-82.52,high
grand rapids,2014.0,chevrolet,equinox lt,gas,153000.0,clean,automatic,mi,42.8697,-85.6628,low
denver,,other,F-150,gas,6110.0,clean,automatic,co,40.362248,-111.785947,high
appleton-oshkosh-FDL,2018.0,bmw,x3 xdrive30i sport utility,gas,28118.0,clean,automatic,wi,44.26,-88.39,high
hilton head,2019.0,cadillac,xt4 sport suv 4d,other,12102.0,clean,other,sc,32.19,-80.74,high
palm springs,2017.0,ford,f-250,diesel,58256.0,clean,automatic,ca,34.10722,-117.45531,high
san antonio,2019.0,infiniti,qx80,gas,35782.0,clean,automatic,tx,29.148519,-98.875934,high
huntsville / decatur,2006.0,toyota,tacoma,gas,143000.0,clean,automatic,al,35.265997,-87.322254,medium
pueblo,2020.0,buick,encore preferred sport,gas,4417.0,clean,other,co,33.779214,-84.411811,medium
east idaho,2008.0,chevrolet,impala,gas,150550.0,clean,automatic,id,42.551296,-114.465026,low
madison,2004.0,jeep,grand cherokee laredo,gas,169000.0,clean,automatic,wi,43.1869,-89.2227,low
"kansas city, MO",2019.0,chevrolet,silverado 1500,gas,30662.0,clean,automatic,ks,38.382623,-93.77344,high
orlando,2013.0,volkswagen,gti hatchback sedan,other,20448.0,clean,other,fl,28.5,-81.37,medium
bellingham,2000.0,toyota,tundra,gas,283466.0,clean,automatic,wa,48.7974,-122.4448,low
north jersey,2013.0,cadillac,cts 3.6 premium,other,67403.0,clean,other,nj,40.44,-74.82,medium
western slope,,other,Odyssey,gas,21.0,clean,automatic,co,39.674406,-104.998604,high
las vegas,2016.0,mazda,3,gas,77800.0,clean,automatic,nv,36.2956,-115.2419,medium
syracuse,2018.0,chrysler,300 300s sedan 4d,other,39870.0,clean,other,ny,43.04,-76.14,high
hartford,2003.0,gmc,envoy,gas,218499.0,clean,automatic,ct,41.915593,-72.61482,low
jacksonville,2014.0,cadillac,cts,gas,116376.0,clean,automatic,fl,30.224282,-81.737588,medium
palm springs,2003.0,ram,truck 3500 quad cab,gas,176750.0,clean,automatic,ca,34.1559,-116.4313,medium
el paso,2018.0,volvo,s90 t6 momentum sedan 4d,other,41608.0,clean,other,tx,31.84,-106.43,high
"st louis, MO",2015.0,jeep,wrangler unlimited,gas,36767.0,clean,automatic,il,38.382623,-93.77344,high
green bay,2017.0,ford,f-250sd,gas,130489.0,clean,automatic,wi,44.52039,-88.06645,high
las vegas,2019.0,nissan,sentra,gas,49409.0,clean,automatic,nv,36.05498,-115.02874,medium
chicago,2013.0,lincoln,mkx awd,gas,76186.0,clean,automatic,il,41.55,-87.4569,medium
los angeles,1990.0,volvo,240 dl,gas,162755.0,clean,automatic,ca,34.03963,-118.538232,low
denver,1997.0,toyota,tacoma,gas,263000.0,clean,automatic,co,39.8397,-104.951,low
western massachusetts,2016.0,ford,focus titanium hatchback 4d,gas,61401.0,clean,other,ma,42.11,-72.53,medium
boston,2018.0,audi,a5 premium plus sedan 4d,gas,48935.0,clean,other,ma,42.41,-70.99,high
omaha / council bluffs,2007.0,chevrolet,silverado 3500,diesel,283466.0,clean,automatic,ia,41.464341,-93.850021,low
greenville / upstate,2004.0,ram,1500 slt,gas,141000.0,clean,automatic,sc,34.8921,-82.4002,low
ft myers / SW florida,2017.0,dodge,challenger,gas,62802.0,clean,automatic,fl,38.4018,-93.785,high
shreveport,2003.0,ford,f-150,gas,149055.0,clean,automatic,la,32.4945,-93.7727,low
medford-ashland,2010.0,mini,cooper hardtop,gas,105366.0,clean,automatic,or,42.334497,-122.874143,low
rhode island,2011.0,audi,q5,gas,186441.0,clean,automatic,ri,41.705616,-71.417401,low
palm springs,2019.0,mini,cooper s 2 door cooper s,gas,32000.0,clean,other,ca,33.741517,-116.35686,medium
spokane / coeur d'alene,2012.0,subaru,impreza,gas,45904.0,clean,automatic,id,47.664705,-117.310362,medium
boston,2013.0,cadillac,srx awd,gas,171000.0,clean,automatic,ma,41.983481,-70.699794,low
greenville / upstate,2015.0,chevrolet,silverado 1500,gas,113000.0,clean,automatic,sc,36.277274,-80.339826,high
new hampshire,2018.0,ram,3500,other,8853.0,clean,,nh,42.834977,-71.107791,high
cincinnati,2010.0,chevrolet,silverado 1500,gas,98704.0,clean,automatic,oh,39.355403,-84.396202,medium
bakersfield,2015.0,other,Maserati Ghibli,gas,95674.0,clean,automatic,ca,36.837679,-119.809638,high
pittsburgh,2015.0,nissan,nv200 sv cargo van,gas,83307.0,clean,automatic,pa,40.572479,-79.954677,medium
hawaii,2014.0,toyota,prius c,hybrid,29000.0,clean,automatic,hi,21.3117,-157.8298,medium
south jersey,2006.0,chrysler,pt cruiser,gas,126084.0,clean,automatic,nj,40.185945,-74.749874,low
los angeles,2012.0,ford,focus se,gas,51000.0,clean,automatic,ca,34.1074,-118.3652,low
houston,2007.0,toyota,camry,gas,200000.0,salvage,automatic,tx,29.898401,-95.410423,low
tulsa,2010.0,toyota,prius v,gas,105960.0,clean,automatic,ok,36.097565,-95.894237,low
central NJ,2018.0,subaru,forester,gas,21297.0,clean,automatic,nj,40.2043,-74.1779,medium
mcallen / edinburg,2021.0,other,Cemetery Plot,other,283466.0,clean,other,tx,26.23315,-98.177488,low
new hampshire,2014.0,ford,f-150,gas,131556.0,clean,automatic,nh,42.914352,-71.389906,high
orange county,1967.0,ford,,gas,100000.0,clean,automatic,ca,33.7817,-117.9766,medium
huntsville / decatur,2010.0,acura,tsx tech pkg,gas,159000.0,rebuilt,automatic,al,34.7448,-86.6704,low
eugene,2011.0,jeep,liberty,gas,93227.0,clean,automatic,or,45.4373,-122.6147,medium
las vegas,2013.0,ram,3500 limited,diesel,57149.0,clean,automatic,nv,36.7464,-119.6397,high
eugene,2017.0,ford,f-350 lariat ultimate lifted diesel only 49k mles loaded,other,48324.0,clean,automatic,or,45.519861,-122.434111,high
spokane / coeur d'alene,2000.0,ford,windstar limited,gas,283466.0,clean,automatic,id,47.6526,-117.3299,low
richmond,2018.0,hyundai,sonata sel sedan 4d,gas,22075.0,clean,other,va,37.55,-77.46,medium
fort collins / north CO,2018.0,gmc,terrain sle sport utility 4d,gas,23058.0,clean,other,co,40.55,-105.06,high
st cloud,2019.0,ford,f150 super cab xlt pickup,gas,22769.0,clean,other,mn,45.55,-94.22,high
savannah / hinesville,2013.0,bmw,3 series,gas,32359.0,clean,automatic,ga,,,medium
des moines,2015.0,lincoln,,gas,84518.0,clean,automatic,ia,40.8392,-96.6532,medium
fort collins / north CO,2008.0,mazda,miata,gas,60775.0,clean,automatic,co,40.400272,-105.611636,medium
south jersey,2006.0,subaru,forester,gas,118086.0,clean,automatic,nj,40.40825,-74.372882,low
cincinnati,2007.0,ford,taurus se,gas,123500.0,clean,automatic,oh,39.1991,-84.5251,low
jackson,2007.0,buick,lucerne,gas,70000.0,clean,automatic,ms,32.250326,-90.20874,low
western slope,2013.0,toyota,prius v,hybrid,120853.0,clean,automatic,co,38.495921,-107.896627,medium
tampa bay area,2014.0,cadillac,ats 2.0l turbo standard,gas,46314.0,clean,other,fl,27.99,-82.27,medium
hudson valley,2018.0,tesla,model s,gas,24445.0,clean,automatic,ny,42.598179,-73.708295,high
seattle-tacoma,2017.0,acura,mdx,gas,25804.0,clean,automatic,wa,47.614533,-122.168798,high
"kansas city, MO",2005.0,mini,cooper,gas,126094.0,clean,automatic,ks,38.943781,-94.436011,low
seattle-tacoma,1995.0,mercedes-benz,s320,gas,127000.0,clean,automatic,wa,47.368,-122.1206,low
northwest GA,2014.0,jeep,wrangler unlimited rubicon,gas,33412.0,clean,other,ga,34.92,-85.25,high
scranton / wilkes-barre,2016.0,lincoln,mkx reserve sport,gas,29318.0,clean,automatic,pa,41.4,-75.66,high
salina,2016.0,bmw,3 series 340i sedan 4d,gas,46057.0,clean,other,ks,38.81,-97.61,high
madison,2011.0,chevrolet,silverado 2500hd,gas,170638.0,clean,automatic,wi,42.970214,-90.112347,high
manhattan,2015.0,bmw,5 series 535i sedan 4d,other,58793.0,clean,automatic,ks,39.19,-96.59,high
hartford,2014.0,other,FORD* FIESTA*,gas,73956.0,clean,automatic,ct,41.658369,-72.866606,low
poconos,2014.0,jeep,wrangler,gas,110493.0,clean,,pa,40.13519,-74.70357,high
tulsa,2014.0,toyota,4runner,gas,134352.0,clean,automatic,ok,38.4018,-93.785,high
palm springs,2016.0,nissan,altima,gas,8500.0,clean,manual,ca,33.675,-116.1772,low
lima / findlay,2020.0,acura,mdx advance pkg sport,gas,3687.0,clean,other,oh,40.74,-84.11,high
orange county,2017.0,ford,focus st hatchback 4d,gas,12567.0,clean,other,ca,33.74,-117.82,high
brainerd,2008.0,kia,sorento,gas,159000.0,clean,automatic,mn,46.450158,-95.124203,low
charlottesville,2014.0,acura,mdx sh-awd sport utility,gas,52396.0,clean,automatic,va,38.03,-78.48,high
palm springs,1959.0,chevrolet,bel air/150/210,gas,0.0,clean,manual,ca,48.432675,-122.339826,high
new york city,2018.0,chevrolet,colorado crew cab z71,other,33209.0,clean,other,ny,40.8,-73.12,high
columbia / jeff city,2015.0,chevrolet,equinox,gas,59633.0,clean,automatic,mo,39.215407,-92.136256,medium
springfield,2018.0,bmw,4 series 430i convertible 2d,gas,29158.0,clean,other,il,39.78,-89.64,high
des moines,2003.0,chevrolet,s10 pickup,gas,56000.0,rebuilt,automatic,ia,41.637626,-93.528635,low
central michigan,2009.0,ford,f-150,gas,200878.0,clean,automatic,mi,43.1824,-84.1122,low
norfolk / hampton roads,2013.0,chevrolet,silverado 1500 regular,gas,29102.0,clean,other,va,36.67,-76.3,medium
long island,2005.0,buick,rainier,gas,87000.0,clean,automatic,ny,40.6778,-73.3963,low
rhode island,2009.0,toyota,corolla s,gas,87641.0,clean,manual,ri,41.718309,-71.866459,low
duluth / superior,2013.0,chrysler,200,gas,218776.0,clean,automatic,mn,45.5851,-93.5961,low
modesto,2013.0,toyota,sienna l minivan 4d,gas,129578.0,clean,automatic,ca,37.71104,-120.996543,medium
lewiston / clarkston,2015.0,toyota,tundra,gas,85747.0,clean,automatic,id,47.692931,-117.411632,high
skagit / island / SJI,2014.0,hyundai,tucson,gas,152576.0,clean,automatic,wa,48.460843,-122.343504,low
western massachusetts,2015.0,honda,civic sedan,gas,135299.0,clean,automatic,ma,42.145814,-72.490575,low
akron / canton,2021.0,cadillac,escalade,gas,480.0,clean,automatic,oh,41.038965,-81.575742,high
olympic peninsula,2016.0,jeep,grand cherokee,gas,52272.0,clean,automatic,wa,47.1991,-122.3151,high
nashville,2008.0,jeep,wrangler unlimited,gas,115000.0,clean,automatic,tn,36.1634,-86.7614,medium
cleveland,2011.0,jeep,grand cherokee,gas,80125.0,clean,automatic,oh,41.463159,-81.646343,low
philadelphia,2006.0,ford,escape,gas,124524.0,clean,automatic,pa,39.958003,-75.590016,low
milwaukee,2006.0,buick,lacrosse,gas,144028.0,clean,automatic,wi,43.049317,-88.00751,low
las vegas,2018.0,audi,a6 2.0t premium plus sedan,gas,41267.0,clean,other,nv,36.17,-115.12,high
south bend / michiana,2020.0,mazda,mx-5 miata club,gas,2195.0,clean,other,in,41.67,-86.26,high
jacksonville,2013.0,mercedes-benz,benz ml350 4matic,gas,106071.0,clean,automatic,fl,30.289976,-81.635535,medium
charlottesville,2012.0,mitsubishi,i-miev,electric,40000.0,clean,automatic,va,37.871693,-78.151465,low
grand rapids,2012.0,rover,hse 4x4 s,gas,74943.0,clean,automatic,mi,44.8346,-91.5159,medium
las cruces,2018.0,honda,cr-v,gas,283466.0,clean,automatic,nm,32.28928,-106.78256,high
decatur,2018.0,jaguar,e-pace p250 se sport,other,14991.0,clean,other,il,39.85,-88.93,high
eau claire,2013.0,chevrolet,silverado 2500hd,gas,147890.0,clean,automatic,wi,44.741365,-90.485795,high
louisville,2018.0,toyota,tundra crewmax sr5 pickup,other,34035.0,clean,other,ky,38.22,-85.74,high
lewiston / clarkston,1997.0,ram,1500,gas,197725.0,clean,automatic,id,46.3946,-117.0645,low
statesboro,2016.0,kia,forte koup ex coupe 2d,gas,17631.0,clean,other,ga,32.44,-81.77,medium
central NJ,2000.0,chevrolet,"s-10 ext cab 123"" wb ls",,78740.0,clean,automatic,nj,40.46865,-74.29699,low
eugene,2018.0,toyota,"tacoma trd off-road full ads coil over adjustable resivoirs kit* koning ultra light 17""wheels*bfg ko2 tires*trd off road*camburg upper control arms*trd pro grill & roof rack*nav*tech pkg*",gas,25053.0,clean,automatic,or,45.5472,-122.5001,high
siskiyou county,2007.0,toyota,fj cruiser 4x4,gas,84500.0,clean,automatic,ca,41.3174,-122.324,high
southern illinois,2019.0,audi,q8 premium sport utility 4d,gas,7218.0,clean,automatic,il,39.67,-89.69,high
cedar rapids,2013.0,kia,soul,gas,93629.0,clean,automatic,ia,41.972758,-91.68282,low
green bay,2011.0,toyota,4runner sr5,gas,198000.0,clean,automatic,wi,44.4914,-87.9267,medium
stockton,2010.0,cadillac,cts,gas,116890.0,clean,automatic,ca,37.95868,-121.27473,medium
southwest michigan,2014.0,jeep,wrangler sahara,gas,106000.0,clean,automatic,mi,42.316052,-85.188374,medium
colorado springs,2018.0,ford,f-150,gas,104230.0,clean,automatic,co,39.78485,-105.11517,high
sacramento,2007.0,acura,tsx,gas,129620.0,clean,automatic,ca,38.739933,-121.290932,low
prescott,2017.0,mazda,mazda3 touring 2.5,gas,34723.0,clean,other,az,34.62,-112.42,medium
inland empire,2017.0,chevrolet,corvette grand sport,gas,16802.0,clean,automatic,ca,34.507505,-117.332725,high
southern maryland,2015.0,cadillac,escalade,gas,109095.0,clean,automatic,md,38.762945,-77.460595,high
dayton / springfield,2009.0,lexus,rx 350,gas,98710.0,rebuilt,automatic,oh,39.7171,-84.1342,medium
east oregon,2016.0,chevrolet,cruze,gas,83491.0,clean,automatic,or,45.48814,-122.579537,medium
reading,2018.0,jaguar,e-pace p250 s sport,other,26685.0,clean,other,pa,40.33,-75.92,high
kenosha-racine,2005.0,chrysler,300,gas,184794.0,clean,automatic,wi,43.1188,-87.9478,low
corpus christi,2008.0,chevrolet,silverado 3500hd,diesel,283466.0,clean,automatic,tx,26.4481,-98.2842,medium
colorado springs,2006.0,toyota,sienna xle 7 passenger,gas,76148.0,clean,automatic,co,38.826995,-104.840516,low
greenville / upstate,2016.0,jeep,renegade sport suv 4d,gas,35835.0,clean,other,sc,34.83,-82.37,medium
hartford,2013.0,ford,escape,gas,97253.0,clean,automatic,ct,41.904839,-72.612814,low
great falls,2016.0,chevrolet,traverse,gas,75918.0,clean,other,mt,47.49447,-111.23625,medium
knoxville,2015.0,volkswagen,jetta,gas,145000.0,clean,automatic,tn,36.0501,-83.9226,low
watertown,2014.0,bmw,5 series,gas,98013.0,clean,automatic,ny,42.777828,-73.74899,high
boise,2013.0,chevrolet,malibu,gas,137606.0,clean,automatic,id,43.61946,-116.302097,medium
grand rapids,2016.0,dodge,grand caravan,gas,109418.0,clean,automatic,mi,43.04587,-85.6071,medium
bellingham,2005.0,saturn,ion,gas,151000.0,clean,automatic,wa,48.79036,-122.521616,low
space coast,2012.0,gmc,sierra,diesel,164856.0,clean,automatic,fl,29.186992,-82.193104,high
eugene,1999.0,gmc,yukon,gas,200000.0,clean,automatic,or,44.092574,-123.10318,low
salem,1999.0,ford,ranger xlt,gas,,salvage,automatic,or,45.1223,-122.5756,low
bellingham,2017.0,hyundai,accent,gas,54922.0,clean,automatic,wa,48.75674,-122.45052,medium
hartford,2013.0,hyundai,elantra,gas,110236.0,clean,automatic,ct,41.552532,-72.999092,low
chautauqua,2016.0,subaru,legacy,gas,60802.0,clean,automatic,ny,41.932423,-79.619141,medium
minneapolis / st paul,2003.0,chevrolet,avalanche,gas,164842.0,clean,automatic,mn,44.9138,-93.485,low
bozeman,2018.0,jeep,renegade,other,65841.0,clean,manual,mt,45.6542,-110.61,medium
great falls,2016.0,dodge,durango,gas,130000.0,lien,automatic,mt,48.8328,-108.3961,medium
yuba-sutter,2015.0,hyundai,elantra se,gas,86963.0,clean,automatic,ca,39.123441,-121.61144,medium
salem,2011.0,kia,sedona lx,gas,104098.0,clean,automatic,or,44.925908,-122.982753,low
san antonio,2015.0,honda,cr-v,gas,92997.0,clean,automatic,tx,29.607184,-98.471162,medium
houston,2011.0,chevrolet,camaro ss 2ss/rs,gas,24238.0,clean,automatic,tx,32.964447,-96.918586,high
SF bay area,1999.0,toyota,avalon xls,gas,180000.0,clean,automatic,ca,37.9939,-121.8089,low
inland empire,1932.0,pontiac,deluxe,gas,99999.0,clean,manual,ca,34.447,-116.9189,medium
hudson valley,2013.0,nissan,altima,gas,119117.0,clean,automatic,ny,42.598179,-73.708295,medium
ann arbor,2008.0,pontiac,vibe base,gas,,,automatic,mi,42.300673,-84.024108,low
ft myers / SW florida,2005.0,lexus,lx 470,gas,147000.0,clean,automatic,fl,,,high
chattanooga,2015.0,volkswagen,eos komfort,gas,43470.0,clean,automatic,tn,35.06,-85.25,medium
scranton / wilkes-barre,2008.0,jeep,liberty,gas,174404.0,clean,automatic,pa,41.40703,-75.43913,low
indianapolis,2010.0,nissan,frontier,gas,205000.0,clean,automatic,in,39.721724,-86.083014,low
sioux city,2020.0,ford,expedition max,gas,29534.0,clean,automatic,ia,42.237336,-95.713271,high
western slope,2014.0,bmw,328i gt,gas,69297.0,clean,automatic,co,39.1032,-108.5491,medium
bozeman,2000.0,gmc,yukon xl,gas,176146.0,clean,automatic,mt,47.696062,-116.781406,low
long island,1962.0,other,international dump truck,gas,8.0,clean,manual,ny,40.7501,-73.0352,low
denver,2013.0,lexus,ls 460 sedan 4d,gas,83882.0,clean,automatic,co,39.76,-104.87,high
phoenix,2004.0,nissan,altima,gas,96000.0,clean,automatic,az,33.4936,-111.9167,low
visalia-tulare,2019.0,ford,ranger supercrew xlt pickup,gas,30313.0,clean,other,ca,36.4,-119.38,high
chico,2009.0,chevrolet,aveo,gas,134000.0,clean,automatic,ca,38.463584,-121.424188,low
lewiston / clarkston,2014.0,dodge,challenger sxt rwd gas,gas,64091.0,clean,automatic,id,47.65613,-117.236949,medium
albany,2013.0,bmw,535xi,gas,81200.0,clean,automatic,ny,42.94673,-73.809676,medium
sioux falls / SE SD,2015.0,ram,1500,gas,47659.0,clean,automatic,sd,46.136393,-100.169313,medium
los angeles,2010.0,mini,cooper clubman s,gas,102000.0,clean,automatic,ca,33.8766,-118.2835,low
maine,2014.0,ram,2500,diesel,122471.0,clean,automatic,me,43.066264,-71.447,high
greensboro,2020.0,ford,ranger supercab xl pickup,gas,10688.0,clean,other,nc,36.07,-79.82,high
fort collins / north CO,2018.0,ford,escape se,other,33030.0,clean,automatic,co,40.40815,-105.064075,medium
harrisburg,2006.0,honda,civic ex sedan,gas,89872.0,clean,manual,pa,40.198767,-77.151451,low
bozeman,2018.0,ford,focus st hatchback,gas,10209.0,clean,manual,mt,45.777152,-108.553946,high
north jersey,2013.0,lexus,es 350 sedan 4d,gas,62039.0,clean,other,nj,40.44,-74.82,medium
vermont,2007.0,chevrolet,cc4500,gas,77581.0,clean,automatic,vt,40.468785,-74.281707,high
hickory / lenoir,2018.0,bmw,4 series 430i xdrive,gas,42913.0,clean,other,nc,35.73,-81.32,high
phoenix,2018.0,hyundai,sonata se sedan 4d,other,14854.0,clean,other,az,33.44,-112.08,medium
columbus,2016.0,toyota,tundra double cab sr,gas,22870.0,clean,other,ga,32.51,-84.87,high
central NJ,2016.0,volkswagen,passat,gas,104373.0,clean,automatic,nj,40.69138,-74.299975,medium
dallas / fort worth,2013.0,toyota,tacoma,gas,151630.0,clean,automatic,tx,32.833215,-96.880758,medium
richmond,2012.0,mini,cooper countryman,gas,125228.0,clean,manual,va,38.337032,-77.482903,low
south jersey,1994.0,honda,civic lx,gas,95858.0,clean,automatic,nj,39.76,-74.8665,low
maine,2012.0,dodge,charger,gas,108400.0,clean,automatic,me,44.112461,-70.684404,medium
denver,2014.0,kia,forte koup,gas,76320.0,clean,automatic,co,39.8672,-105.0041,low
central NJ,2010.0,nissan,murano sl,gas,120500.0,clean,automatic,nj,40.3869,-74.5558,low
monterey bay,1985.0,toyota,pick up,gas,80000.0,salvage,manual,ca,36.6217,-121.7935,low
lehigh valley,2013.0,volkswagen,jetta,gas,68625.0,clean,automatic,pa,40.857,-73.3146,medium
frederick,2015.0,chrysler,200,gas,94500.0,clean,automatic,md,39.166778,-77.284613,low
chautauqua,2018.0,chevrolet,colorado crew cab work,gas,11401.0,clean,other,ny,42.25,-79.5,high
lansing,2014.0,ford,fiesta se,gas,80555.0,,automatic,mi,42.568136,-83.813674,low
bend,2017.0,ram,1500,gas,63888.0,clean,automatic,or,45.379929,-122.583757,high
baltimore,2020.0,buick,encore gx select sport,gas,4414.0,clean,other,md,39.3,-76.61,high
skagit / island / SJI,2015.0,bmw,x1 xdrive28i,gas,46021.0,clean,automatic,wa,48.7542,-122.471,medium
rhode island,2015.0,mercedes-benz,m-class ml 350,gas,74512.0,clean,automatic,ri,41.82,-71.41,medium
glens falls,2018.0,buick,enclave essence sport,other,32088.0,clean,other,ny,43.31,-73.64,high
boston,2008.0,toyota,corolla le,gas,78495.0,clean,automatic,ma,42.186174,-71.008454,low
modesto,2016.0,hyundai,sonata,gas,79000.0,clean,automatic,ca,37.636133,-120.99688,medium
north central FL,2013.0,nissan,rogue,gas,126000.0,clean,automatic,fl,29.770834,-82.283186,low
st cloud,2007.0,pontiac,g6,gas,126371.0,clean,automatic,mn,45.990267,-95.313256,low
elko,2015.0,gmc,sierra 2500hd available wifi,diesel,122277.0,clean,automatic,nv,40.376357,-111.806112,high
olympic peninsula,2013.0,ram,3500,diesel,46091.0,clean,automatic,wa,47.1991,-122.3151,high
south jersey,2010.0,chevrolet,traverse,gas,143440.0,clean,automatic,nj,40.40825,-74.372882,low
birmingham,2014.0,chevrolet,traverse,gas,106986.0,clean,automatic,al,32.9229,-86.545,medium
charlotte,2010.0,chevrolet,silverado 1500,gas,189509.0,rebuilt,automatic,nc,36.107596,-86.743824,medium
dallas / fort worth,2018.0,toyota,sienna se minivan 4d,gas,16607.0,clean,other,tx,32.79,-96.76,high
rochester,2009.0,subaru,legacy 2.5i special ed,gas,111000.0,clean,automatic,ny,43.222863,-77.84208,low
phoenix,2018.0,hyundai,tucson,gas,22150.0,clean,automatic,az,33.4669,-111.9151,medium
pittsburgh,2005.0,acura,rl,gas,193109.0,clean,automatic,pa,39.905181,-79.727095,low
milwaukee,2002.0,toyota,sienna,gas,1.0,clean,automatic,wi,42.348459,-87.885401,low
cincinnati,1965.0,pontiac,gto,gas,61009.0,clean,manual,oh,33.6372,-96.6184,high
treasure coast,2013.0,ford,f-150,gas,48453.0,clean,automatic,fl,27.522278,-80.355763,medium
twin tiers NY/PA,2014.0,toyota,camry hybrid xle sedan 4d,gas,82584.0,clean,other,ny,42.08,-76.8,medium
huntsville / decatur,2017.0,nissan,nv2500 hd cargo,gas,48769.0,clean,automatic,al,34.9506,-85.2432,high
sarasota-bradenton,2005.0,mercedes-benz,clk-class,gas,44306.0,clean,automatic,fl,27.26977,-82.48229,medium
dayton / springfield,2020.0,cadillac,ct5 premium luxury,other,13272.0,clean,other,oh,39.77,-84.19,high
san diego,2011.0,buick,enclave cxl,gas,99023.0,clean,automatic,ca,33.118923,-117.082027,medium
chicago,2016.0,audi,a4,gas,39835.0,clean,automatic,il,41.794371,-87.97286,medium
rhode island,2002.0,honda,cr-v,gas,176000.0,clean,automatic,ri,41.9296,-71.3009,low
eugene,2017.0,chevrolet,silverado 2500 high country lifted diesel 4x4 loaded,other,31499.0,clean,automatic,or,45.519861,-122.434111,high
twin tiers NY/PA,2019.0,chevrolet,silverado 1500 regular,gas,22320.0,clean,other,ny,42.08,-76.8,high
hawaii,2018.0,chevrolet,colorado lt,gas,25777.0,clean,automatic,hi,20.888202,-156.458906,high
dayton / springfield,2016.0,buick,verano base,gas,54578.0,clean,automatic,oh,40.5566,-84.6287,medium
knoxville,2014.0,ford,focus,gas,142710.0,clean,automatic,tn,35.950578,-83.913747,low
olympic peninsula,2017.0,toyota,tundra 4wd,gas,49956.0,clean,automatic,wa,47.1991,-122.3151,high
new haven,2012.0,kia,optima,other,85100.0,clean,automatic,ct,41.512139,-73.021803,low
missoula,2016.0,hyundai,elantra,gas,74896.0,clean,automatic,mt,46.8354,-114.046104,medium
humboldt county,2017.0,ford,focus,gas,59816.0,clean,automatic,ca,40.591747,-124.146667,medium
daytona beach,2017.0,bmw,3-series,gas,21932.0,clean,automatic,fl,29.4562,-81.3244,medium
hartford,2011.0,toyota,prius,gas,138098.0,clean,automatic,ct,41.552532,-72.999092,low
orlando,2019.0,tesla,model 3 standard range,electric,22544.0,clean,other,fl,28.5,-81.37,high
pittsburgh,2015.0,chevrolet,silverado,gas,73574.0,clean,automatic,pa,40.604132,-79.54799,high
wenatchee,2013.0,gmc,sierra 1500 sleextended,gas,32864.0,,automatic,wa,47.104226,-119.250561,high
spokane / coeur d'alene,2015.0,jeep,renegade,gas,68965.0,clean,automatic,id,47.692931,-117.411632,medium
lancaster,2013.0,jeep,wrangler unlimited,gas,140000.0,clean,automatic,pa,38.1574,-79.0651,medium
indianapolis,2007.0,toyota,camry,gas,115000.0,clean,automatic,in,39.8462,-86.1951,low
tulsa,2011.0,subaru,impreza 2.5i premium,gas,106356.0,clean,automatic,ok,35.99089,-95.886483,low
salt lake city,2016.0,other,Isuzu NPR HD GAS REG,gas,172373.0,clean,automatic,ut,40.468785,-74.281707,high
macon / warner robins,1992.0,mazda,b2200,gas,283466.0,clean,manual,ga,33.0238,-83.79,low
detroit metro,2018.0,audi,a6 2.0t premium sedan 4d,other,10025.0,clean,other,mi,42.58,-82.81,high
boise,2014.0,ford,focus,gas,73139.0,clean,automatic,id,43.618712,-116.300339,medium
treasure coast,2014.0,ford,f-150 truck 4x4,gas,162499.0,clean,automatic,fl,27.234099,-80.829894,medium
abilene,2015.0,ford,f350,diesel,199000.0,clean,automatic,tx,30.64763,-97.861748,high
orlando,2016.0,hyundai,elantra,gas,83961.0,clean,automatic,fl,28.567037,-81.291542,medium
las vegas,2015.0,chevrolet,camaro ls,gas,73623.0,clean,automatic,nv,36.0129,-115.2118,medium
columbus,2017.0,bmw,4 series 440i xdrive gran,gas,49355.0,clean,automatic,ga,32.51,-84.87,high
new york city,1999.0,honda,accord,gas,160985.0,clean,automatic,ny,40.705001,-73.600642,low
hudson valley,2009.0,mazda,3i touring,gas,115000.0,clean,automatic,ny,41.3946,-74.3302,low
wausau,2017.0,jaguar,xe 20d sedan 4d,diesel,15718.0,clean,other,wi,44.96,-89.64,high
boston,2018.0,mercedes-benz,e-class e 300,gas,17327.0,clean,automatic,ma,42.35,-71.06,high
daytona beach,2016.0,toyota,rav4,gas,35000.0,clean,automatic,fl,29.5565,-81.219,medium
tyler / east TX,2020.0,infiniti,qx60 luxe sport utility,gas,6500.0,clean,automatic,tx,32.32,-95.3,high
greenville / upstate,2014.0,mitsubishi,outlander sport,gas,137477.0,clean,automatic,sc,34.6489,-82.6581,low
baltimore,2016.0,mercedes-benz,c 300,gas,61225.0,clean,automatic,md,39.313577,-76.463968,medium
milwaukee,2016.0,toyota,corolla,gas,36429.0,clean,automatic,wi,43.01683,-88.033653,medium
greenville / upstate,2013.0,volkswagen,jetta,diesel,96115.0,clean,,sc,34.83255,-82.36835,medium
olympic peninsula,2018.0,jeep,grand cherokee,gas,39142.0,clean,automatic,wa,47.1991,-122.3151,high
omaha / council bluffs,2008.0,dodge,caliber,gas,77880.0,clean,automatic,ia,41.246369,-95.856528,low
cleveland,2013.0,nissan,altima,gas,96260.0,clean,automatic,oh,41.56995,-81.574738,low
pueblo,2015.0,dodge,durango,gas,131805.0,clean,automatic,co,38.279325,-104.607754,medium
champaign urbana,2019.0,ford,f150 super cab xlt pickup,gas,22769.0,clean,other,il,40.11,-88.26,high
san diego,2000.0,bmw,323i,gas,208000.0,clean,automatic,ca,33.2407,-117.3025,low
hawaii,1984.0,gmc,sierra,gas,36000.0,clean,manual,hi,20.7441,-156.4475,medium
portland,2006.0,acura,rsx coupe 2.0l automatic leather moon sport wheels,gas,124433.0,clean,automatic,or,45.4021,-122.6144,low
atlanta,2004.0,bmw,545i,gas,217000.0,clean,automatic,ga,33.8123,-84.2819,low
maine,2016.0,ford,f250 super duty,gas,159000.0,clean,automatic,me,42.8356,-71.0934,high
wenatchee,2021.0,chevrolet,suburban,gas,1.0,clean,automatic,wa,46.9996,-120.5163,high
victoria,2016.0,nissan,frontier crew cab s,gas,71390.0,clean,other,tx,28.82,-96.98,medium
asheville,2006.0,volvo,s60,gas,175000.0,clean,automatic,nc,35.5971,-82.5565,low
wichita falls,2019.0,bmw,5 series 530e iperformance,gas,17899.0,clean,other,tx,33.89,-98.51,high
wenatchee,2018.0,chrysler,pacifica touring l fwd,gas,26606.0,clean,automatic,wa,46.234838,-119.128015,high
SF bay area,2014.0,ford,escape,gas,34000.0,clean,automatic,ca,37.303,-121.808,medium
memphis,2020.0,toyota,tacoma access cab sr5,gas,8625.0,clean,other,tn,35.1,-90.0,high
inland empire,2018.0,honda,civic sedan,gas,44062.0,clean,automatic,ca,34.134585,-117.304626,medium
reno / tahoe,1967.0,other,jeepster commando,gas,100000.0,clean,automatic,ca,39.5483,-119.7957,low
tri-cities,2019.0,ram,1500 crew cab big horn,gas,28556.0,clean,other,tn,36.53,-82.32,high
orlando,2003.0,chevrolet,tahoe z71 4x4,gas,283466.0,clean,automatic,fl,28.4944,-81.2902,low
new york city,2005.0,lexus,es 330,gas,138000.0,clean,automatic,ny,40.8326,-74.0015,low
south jersey,1994.0,subaru,svx,gas,88000.0,clean,automatic,nj,39.771,-75.3566,low
greensboro,2012.0,dodge,caliber sxt,gas,63800.0,clean,automatic,nc,36.091564,-79.444243,low
columbia,2014.0,chevrolet,captiva sport ls,gas,76261.0,clean,other,sc,34.0,-81.03,medium
philadelphia,2017.0,hyundai,tucson sport,gas,10700.0,rebuilt,automatic,pa,40.0422,-75.0244,medium
el paso,2004.0,ford,expedition eddie bauer,gas,283466.0,clean,automatic,tx,31.8383,-106.5364,low
mattoon-charleston,2020.0,buick,enclave premium sport,other,2212.0,clean,other,il,39.47,-88.36,high
south bend / michiana,2019.0,toyota,corolla,gas,34499.0,clean,automatic,in,41.604567,-85.872891,medium
raleigh / durham / CH,2011.0,nissan,quest sl,gas,186942.0,clean,automatic,nc,35.6348,-78.451,low
orlando,2015.0,kia,forte,gas,74587.0,clean,automatic,fl,28.322369,-81.404114,low
south bend / michiana,2005.0,saturn,ion,gas,158000.0,clean,automatic,in,41.6507,-86.1623,low
treasure coast,2014.0,jeep,patriot,gas,100000.0,clean,automatic,fl,28.1384,-80.6524,low
raleigh / durham / CH,2003.0,ford,f 450 super duty,diesel,61000.0,clean,automatic,nc,35.836665,-79.152246,medium
ocala,2017.0,jeep,compass,gas,72034.0,clean,automatic,fl,28.329026,-81.404237,medium
greensboro,2015.0,ram,2500 slt,diesel,102109.0,clean,automatic,nc,36.2245,-79.8901,high
los angeles,2000.0,honda,accord,gas,165684.0,clean,automatic,ca,34.0606,-118.3027,low
minneapolis / st paul,2004.0,chevrolet,equinox,gas,100000.0,clean,automatic,mn,45.925259,-94.346037,low
austin,2007.0,audi,s8,gas,182000.0,clean,automatic,tx,30.3764,-97.7078,medium
parkersburg-marietta,2005.0,chrysler,300c hemi,gas,81063.0,clean,automatic,oh,39.2644,-81.5354,low
pittsburgh,2018.0,dodge,charger gt sedan 4d,other,40762.0,clean,other,pa,40.43,-79.97,high
ft myers / SW florida,2011.0,bmw,328i,gas,165000.0,clean,manual,fl,26.9827,-82.1412,low
rhode island,2004.0,nissan,pathfinder le,gas,112.0,clean,automatic,ri,42.886478,-71.149249,low
sarasota-bradenton,2017.0,ram,1500 crew cab tradesman,gas,30026.0,clean,other,fl,27.33,-82.54,high
albany,1976.0,chevrolet,corvette,gas,100000.0,clean,manual,ny,42.6878,-73.6383,low
fayetteville,2016.0,jeep,wrangler unlimited sport,other,59895.0,clean,other,nc,35.05,-78.87,high
"washington, DC",2005.0,lexus,ls 430,gas,101000.0,clean,automatic,dc,38.8994,-77.1895,medium
new river valley,2004.0,ford,f-450sd,gas,39385.0,clean,automatic,va,,,medium
phoenix,2016.0,mercedes-benz,sprinter cargo vans,diesel,91368.0,clean,automatic,az,33.414129,-111.619672,high
odessa / midland,2008.0,gmc,acadia,gas,107450.0,clean,automatic,tx,32.343065,-102.553557,medium
palm springs,2008.0,toyota,solara se,gas,67000.0,clean,automatic,ca,33.759008,-116.306913,medium
new hampshire,2015.0,ford,taurus,gas,111711.0,clean,automatic,nh,42.68101,-71.42583,medium
maine,2015.0,toyota,tundra 4x4,gas,153000.0,clean,automatic,me,43.4426,-71.6491,high
victoria,2014.0,mazda,cx-9,gas,133054.0,clean,automatic,tx,28.808302,-96.991467,medium
stockton,2001.0,ford,expedition,gas,200000.0,clean,automatic,ca,37.7371,-121.424,low
central NJ,2003.0,ford,econoline,gas,137000.0,clean,automatic,nj,40.5904,-74.6267,low
harrisonburg,1972.0,other,plymouth scamp,gas,24787.0,clean,automatic,va,40.7563,-81.0175,medium
des moines,2010.0,chevrolet,suburban lt,gas,48852.0,clean,automatic,ia,42.0618,-94.7148,high
norfolk / hampton roads,2011.0,hyundai,sonata,gas,148000.0,clean,automatic,va,36.765172,-76.228101,low
monroe,2014.0,buick,enclave,gas,143687.0,clean,automatic,mi,43.1824,-84.1122,medium
gainesville,,other,CR-V,gas,44128.0,clean,automatic,fl,29.676827,-82.319202,high
wichita falls,2014.0,chevrolet,silverado 1500 work tr,gas,70300.0,clean,automatic,tx,34.1566,-97.1792,medium
lexington,2019.0,toyota,camry le,gas,35000.0,clean,automatic,ky,38.2281,-84.8697,medium
tucson,2018.0,toyota,tacoma access cab sr5,other,20624.0,clean,other,az,32.21,-110.96,high
san antonio,2009.0,honda,odyssey exl,gas,176000.0,clean,automatic,tx,29.564076,-98.41986,low
sacramento,2003.0,gmc,sierra 2500hd,gas,195844.0,clean,automatic,ca,38.37368,-121.95161,medium
denver,2004.0,nissan,xterra,gas,141651.0,clean,automatic,co,39.532313,-104.769144,low
western massachusetts,2008.0,honda,fit,gas,166205.0,clean,automatic,ma,,,low
inland empire,2017.0,ford,f-250 super duty xlt,other,57467.0,clean,automatic,ca,34.023568,-117.111767,low
chicago,2012.0,other,international prostar,diesel,283466.0,clean,manual,il,41.8793,-87.8433,medium
hudson valley,2014.0,chevrolet,silverado 1500 crew,gas,63129.0,clean,automatic,ny,41.93,-73.99,high
moses lake,2004.0,ford,mustang,gas,76020.0,clean,automatic,wa,47.692931,-117.411632,low
rochester,2018.0,ford,f150 super cab lariat,other,38989.0,clean,other,ny,43.16,-77.61,high
waco,2016.0,ford,f-150,gas,21969.0,clean,automatic,tx,31.453771,-97.384453,high
amarillo,2018.0,gmc,acadia,gas,43031.0,clean,automatic,tx,35.177308,-101.794475,high
dallas / fort worth,2013.0,chevrolet,impala ls,gas,126000.0,clean,automatic,tx,32.825,-96.678,low
susanville,2017.0,rover,evoque,gas,36257.0,clean,automatic,ca,38.608933,-121.430188,high
los angeles,2016.0,nissan,sentra,gas,68924.0,clean,automatic,ca,34.0168,-118.3973,medium
ashtabula,2012.0,toyota,scion iq,gas,79277.0,clean,automatic,oh,41.8018,-81.048149,low
la crosse,2003.0,jeep,wrangler,gas,153641.0,clean,manual,wi,41.595393,-88.122282,medium
tyler / east TX,2014.0,ram,2500 longhorn mega 4x4,diesel,152034.0,clean,automatic,tx,30.663,-97.9316,high
raleigh / durham / CH,2020.0,chevrolet,colorado extended cab,gas,9418.0,clean,other,nc,35.82,-78.65,high
orange county,2018.0,infiniti,qx80 sport utility 4d,gas,47435.0,clean,automatic,ca,33.74,-117.82,high
medford-ashland,2007.0,ford,f650,diesel,32297.0,clean,automatic,or,42.340777,-122.901921,high
duluth / superior,2020.0,jeep,grand cherokee,gas,4859.0,clean,automatic,mn,46.81881,-92.18117,high
boulder,2011.0,ford,expedition el king ranch,gas,100500.0,clean,automatic,co,40.053505,-105.178299,medium
omaha / council bluffs,2016.0,hyundai,elantra,gas,61469.0,clean,automatic,ia,41.424186,-96.499908,medium
bend,2006.0,subaru,,gas,100.0,clean,automatic,or,44.0928,-121.2936,low
fort wayne,2015.0,ford,f-150,gas,91000.0,clean,automatic,in,39.2209,-84.1188,high
anchorage / mat-su,2017.0,ford,explorer limited automatic,gas,119122.0,clean,automatic,ak,61.20327,-149.87054,medium
cincinnati,2005.0,nissan,quest,gas,171000.0,clean,automatic,oh,39.2851,-84.5288,low
flagstaff / sedona,2021.0,chevrolet,trax ls,gas,10.0,clean,automatic,az,35.189958,-111.666438,medium
atlanta,2018.0,chevrolet,,gas,70005.0,clean,automatic,ga,33.7942,-84.2018,low
sandusky,2018.0,lexus,nx 300h sport utility 4d,hybrid,27205.0,clean,automatic,oh,41.43679,-82.67149,high
cleveland,2004.0,chevrolet,trailblazer ls 4x4,gas,179829.0,clean,automatic,oh,41.353202,-82.019647,low
billings,2018.0,ram,1500,gas,35899.0,clean,automatic,mt,44.777727,-106.94434,high
scottsbluff / panhandle,2014.0,dodge,grand caravan,gas,77102.0,clean,automatic,ne,39.674406,-104.998604,high
rochester,2012.0,ford,fusion se,gas,125000.0,clean,automatic,mn,44.0496,-92.4896,low
kennewick-pasco-richland,2013.0,ford,lifted f150 fx4 4x4 1/2 ton,gas,46952.0,clean,automatic,wa,46.234838,-119.128015,high
tulsa,2009.0,other,Scion tC,gas,152000.0,clean,automatic,ok,36.2863,-95.8222,low
montgomery,2005.0,chevrolet,cobalt,gas,136796.0,clean,manual,al,32.4715,-86.4831,low
saginaw-midland-baycity,2018.0,volkswagen,jetta 1.4t s sedan 4d,gas,42060.0,clean,automatic,mi,43.41,-83.94,medium
tuscarawas co,2020.0,buick,enclave essence sport,gas,19585.0,clean,other,oh,40.35,-81.43,high
san diego,2016.0,hyundai,sonata,gas,119403.0,clean,automatic,ca,33.13116,-117.0865,medium
yakima,2007.0,ram,2500 quad cab,diesel,169264.0,clean,automatic,wa,47.197304,-122.291776,high
dayton / springfield,2006.0,buick,lacrosse,gas,163000.0,clean,automatic,oh,39.7899,-84.2135,low
philadelphia,2001.0,ford,expedition,gas,192000.0,clean,automatic,pa,39.9055,-75.2444,low
santa fe / taos,2002.0,rover,discovery,gas,149550.0,clean,automatic,nm,35.742359,-105.841044,medium
heartland florida,2008.0,saturn,aura,gas,11661.0,clean,automatic,fl,27.415,-81.1965,low
las vegas,1990.0,gmc,sierra 2500,gas,1000.0,clean,automatic,nv,36.22833,-116.009198,low
boise,2008.0,toyota,rav4,gas,108649.0,clean,automatic,id,43.618978,-116.240501,medium
wichita,2007.0,nissan,pathfinder le 4wd,gas,209000.0,clean,automatic,ks,37.6836,-96.9648,low
santa barbara,1962.0,other,Lotus Diva Roadster,other,3000.0,clean,automatic,ca,33.4227,-111.9261,high
chicago,2016.0,ford,transit connect xlt,gas,85234.0,clean,other,il,41.52423,-88.098659,medium
las vegas,2016.0,chevrolet,,other,16407.0,clean,automatic,nv,44.927304,-123.030322,high
great falls,2019.0,buick,encore preferred,gas,10500.0,clean,automatic,mt,47.696062,-116.781406,high
worcester / central MA,2013.0,lincoln,mkz sedan 4d,gas,61087.0,clean,other,ma,42.26,-71.8,medium
stockton,2008.0,toyota,rav4 limited i4 2wd 4-speed automatic,gas,139000.0,clean,automatic,ca,38.530498,-121.387708,low
monterey bay,2009.0,nissan,murano,gas,168980.0,clean,automatic,ca,36.678966,-121.647459,low
bend,2015.0,hyundai,tucson,gas,93401.0,clean,automatic,or,44.03087,-121.30895,medium
san luis obispo,2013.0,ford,f550 4x4 crew cab,diesel,68570.0,clean,automatic,ca,37.3476,-121.887,high
"st louis, MO",2015.0,ford,f150 supercrew cab,gas,134214.0,clean,automatic,il,38.7622,-90.5471,high
western massachusetts,2008.0,other,IC IC,,0.0,,automatic,ma,43.008105,-74.352011,low
bend,2018.0,chevrolet,silverado 1500 ltz 4x4,gas,53872.0,clean,automatic,or,44.0915,-121.4073,high
las vegas,2012.0,chevrolet,malibu,gas,94141.0,clean,automatic,nv,36.061719,-115.05806,low
detroit metro,2010.0,cadillac,cts,gas,94000.0,clean,automatic,mi,42.57,-83.7484,low
dallas / fort worth,2011.0,bmw,x5,diesel,118000.0,clean,automatic,tx,32.86648,-96.887434,medium
athens,2016.0,chevrolet,colorado extended cab,gas,17302.0,clean,other,oh,39.32,-82.09,high
green bay,1994.0,chevrolet,silverado,gas,32454.0,clean,automatic,wi,44.4975,-88.0324,high
cumberland valley,2017.0,ram,1500 crew cab express pickup,gas,15498.0,clean,other,md,39.82,-78.72,high
pittsburgh,2012.0,hyundai,santa fe gls,gas,92344.0,clean,automatic,pa,40.402006,-80.000633,low
memphis,2016.0,mazda,mx-5 miata club,other,41251.0,clean,other,tn,35.1,-90.0,medium
toledo,2014.0,toyota,rav4,gas,99954.0,clean,automatic,oh,40.573231,-84.184755,medium
redding,2018.0,honda,fit,gas,18468.0,clean,automatic,ca,38.608824,-121.400837,medium
new hampshire,2015.0,chevrolet,silverado,gas,109500.0,clean,automatic,nh,42.6764,-71.3186,high
ventura county,2006.0,acura,mdx touring w/navi w/res,gas,162000.0,clean,automatic,ca,34.245358,-118.421508,low
jacksonville,2017.0,ford,f-150,gas,135831.0,clean,automatic,fl,28.329026,-81.404237,high
SF bay area,2018.0,audi,s7 4.0 tfsi prestige,gas,53002.0,clean,automatic,ca,37.904305,-122.063318,low
hartford,2012.0,volvo,s60,gas,91130.0,clean,automatic,ct,,,low
rochester,2009.0,honda,civic,gas,105000.0,clean,automatic,ny,43.2196,-77.4616,low
stillwater,2006.0,ford,f350 crew cab,diesel,267294.0,clean,automatic,ok,36.680812,-97.117351,medium
stockton,2014.0,toyota,tacoma,gas,62410.0,clean,automatic,ca,38.608933,-121.430188,high
"kansas city, MO",1996.0,other,Sea Ray Sea Ray,gas,0.0,clean,other,ks,39.0417,-94.7202,low
palm springs,2013.0,honda,civic si,gas,72000.0,clean,manual,ca,33.788216,-117.833248,medium
madison,2015.0,jeep,grand cherokee limited,gas,78190.0,clean,automatic,wi,43.11357,-89.659963,high
eugene,2015.0,toyota,tundra 1794 edition,gas,124381.0,clean,automatic,or,45.523907,-122.538244,high
roanoke,2015.0,chevrolet,silverado 3500hd,diesel,138000.0,clean,automatic,va,36.277274,-80.339826,high
peoria,2015.0,ram,1500,gas,62801.0,clean,manual,il,40.5601,-90.0242,high
orange county,2006.0,other,SCION XB,gas,180000.0,clean,manual,ca,33.788216,-117.833248,low
"washington, DC",2016.0,jeep,cherokee,gas,55010.0,clean,automatic,dc,39.145255,-78.189017,medium
north jersey,2018.0,volkswagen,atlas,gas,22786.0,clean,automatic,nj,40.2043,-74.1779,high
norfolk / hampton roads,2008.0,volkswagen,passat,gas,120000.0,clean,automatic,va,36.8672,-76.1752,low
sarasota-bradenton,2014.0,cadillac,srx~awesome colors~ navigation~ camera~ factory ch,gas,105487.0,clean,automatic,fl,27.299365,-82.513647,medium
fayetteville,2018.0,honda,civic lx sedan 4d,gas,28942.0,clean,other,nc,35.05,-78.87,medium
san antonio,2018.0,volkswagen,atlas sel 4motion,gas,38332.0,clean,other,tx,29.45,-98.5,high
jacksonville,2016.0,mitsubishi,outlander,gas,91256.0,clean,automatic,fl,28.329026,-81.404237,medium
outer banks,1988.0,jeep,wrangler,gas,2000.0,clean,automatic,nc,36.9811,-76.6368,medium
albuquerque,2010.0,mercedes-benz,benz e350,gas,59400.0,clean,automatic,nm,35.0726,-106.5749,medium
jackson,2011.0,toyota,camry,gas,108848.0,clean,automatic,ms,32.275429,-89.995921,medium
cleveland,2009.0,chevrolet,silverado,gas,66896.0,clean,automatic,oh,41.412061,-81.351485,low
albany,2000.0,honda,civic,gas,168000.0,clean,automatic,ny,42.7829,-73.6648,low
northwest CT,2007.0,gmc,c-7500 multiple uses perfect,,50098.0,clean,automatic,ct,40.681179,-73.430488,medium
western slope,,other,a Sienna,gas,43701.0,clean,automatic,co,39.674406,-104.998604,high
hartford,2001.0,porsche,911 carrera,gas,79177.0,clean,automatic,ct,,,high
green bay,2015.0,kia,soul,gas,118700.0,clean,manual,wi,44.507921,-87.989877,low
houston,2018.0,buick,encore,gas,25940.0,clean,automatic,tx,29.55715,-95.15981,medium
grand rapids,2017.0,bmw,6 series,gas,26300.0,clean,automatic,mi,43.341,-83.7475,high
"washington, DC",2007.0,honda,fit,gas,73582.0,clean,automatic,dc,38.953,-77.2295,low
rockford,2004.0,buick,lesabre,gas,129000.0,clean,automatic,il,42.327284,-89.027689,low
visalia-tulare,2008.0,chevrolet,impala,gas,126251.0,clean,automatic,ca,36.229568,-119.388771,low
kalamazoo,2013.0,gmc,sierra 1500 extended cab slt,other,80318.0,clean,other,mi,42.27,-85.58,high
charlotte,2018.0,mitsubishi,eclipse cross es,other,15808.0,clean,other,nc,35.19,-80.83,medium
baltimore,2009.0,honda,civic hybrid,gas,200000.0,clean,automatic,md,39.3401,-76.4153,low
indianapolis,2007.0,chevrolet,aveo ls,gas,104528.0,clean,automatic,in,39.76067,-86.076336,low
the thumb,2014.0,ford,f150 supercrew cab fx4,other,54152.0,clean,other,mi,33.779214,-84.411811,high
oklahoma city,2013.0,lexus,es 350,gas,109113.0,clean,automatic,ok,35.363932,-97.503766,medium
kennewick-pasco-richland,1997.0,chevrolet,camaro z28,gas,131638.0,clean,automatic,wa,46.207557,-119.11703,low
austin,2003.0,toyota,tacoma prerunner,gas,260000.0,clean,automatic,tx,30.5052,-97.8203,low
gadsden-anniston,2010.0,chevrolet,malibu lt,gas,143978.0,clean,automatic,al,33.636346,-85.825314,low
cincinnati,2012.0,ford,econoline,gas,71180.0,clean,automatic,oh,41.101694,-81.456137,medium
ann arbor,2012.0,chevrolet,sonic,gas,78000.0,clean,manual,mi,42.508365,-83.530545,low
"washington, DC",2006.0,dodge,grand caravan,gas,119155.0,clean,automatic,dc,38.663556,-77.25123,low
monterey bay,2017.0,ram,1500,gas,11802.0,clean,automatic,ca,36.616382,-121.843524,high
"washington, DC",2014.0,volkswagen,cc,gas,63245.0,clean,automatic,dc,38.759388,-77.454182,medium
des moines,2005.0,other,INTERNATIONAL WORKSTAR 7400,diesel,61717.0,clean,automatic,ia,43.86363,-95.113838,high
louisville,2010.0,kia,soul,gas,171988.0,clean,automatic,ky,37.999409,-85.943685,low
roanoke,2012.0,chevrolet,traverse ls sport,gas,135989.0,clean,automatic,va,37.296209,-80.003849,low
jacksonville,2021.0,gmc,acadia sle,gas,1402.0,clean,automatic,fl,29.802765,-82.528801,high
san antonio,2016.0,buick,enclave leather,gas,84112.0,clean,automatic,tx,29.485474,-98.499295,medium
minneapolis / st paul,2012.0,toyota,highlander,gas,190551.0,clean,automatic,mn,44.6749,-93.2578,medium
boulder,2010.0,audi,a4,gas,140714.0,clean,manual,co,39.9807,-105.2531,low
memphis,2019.0,dodge,challenger gt coupe 2d,gas,6600.0,clean,other,tn,35.1,-90.0,high
wenatchee,2005.0,honda,pilot,gas,261591.0,clean,,wa,47.912956,-122.235725,low
fargo / moorhead,2017.0,nissan,versa note,gas,104539.0,clean,automatic,mn,46.590185,-95.57469,low
salt lake city,2013.0,other,International TerraStar,diesel,138071.0,clean,automatic,ut,40.468785,-74.281707,high
bakersfield,2018.0,audi,q5 premium plus sport,gas,50037.0,clean,other,ca,35.38,-119.02,high
modesto,2010.0,rover,hse,gas,138000.0,clean,automatic,ca,37.6746,-121.0113,medium
inland empire,2011.0,ford,edge,gas,191680.0,clean,automatic,ca,34.1446,-117.3013,medium
"kansas city, MO",2008.0,dodge,grand caravan se,gas,145333.0,clean,automatic,ks,39.0803,-94.7806,low
eastern shore,2015.0,toyota,camry hybrid le,gas,143575.0,clean,automatic,md,38.5596,-75.2113,medium
wichita,1998.0,honda,civic,gas,91000.0,clean,automatic,ks,37.8226,-96.8543,low
pittsburgh,2013.0,mini,cooper,gas,55578.0,clean,automatic,pa,40.402845,-80.020499,medium
skagit / island / SJI,1986.0,mercury,grand marquis,gas,98000.0,clean,automatic,wa,48.5274,-122.2329,low
albany,2020.0,other,Genesis G70 2.0T Sedan 4D,other,786.0,clean,other,ny,42.66,-73.79,high
southern illinois,2018.0,bmw,x5,gas,53370.0,clean,automatic,il,37.820812,-90.45772,high
vermont,2008.0,chevrolet,impala,gas,145159.0,clean,automatic,vt,44.982677,-73.427371,low
tulsa,2017.0,ford,escape,gas,87159.0,clean,automatic,ok,38.4018,-93.785,medium
danville,2014.0,mini,countryman,gas,45353.0,clean,manual,va,,,medium
atlanta,1997.0,jeep,cherokee,gas,275000.0,clean,automatic,ga,34.462,-84.4759,medium
new hampshire,2000.0,jeep,cherokee,gas,89300.0,clean,automatic,nh,44.3999,-71.4518,medium
hudson valley,2011.0,mazda,cx-9,gas,135000.0,clean,automatic,ny,41.7887,-73.9063,low
spokane / coeur d'alene,1957.0,ford,thunderbird,gas,0.0,clean,automatic,id,48.432675,-122.339826,high
chautauqua,2019.0,nissan,370z nismo coupe 2d,gas,8373.0,clean,other,ny,42.25,-79.5,high
charleston,2019.0,dodge,durango gt sport utility,gas,27503.0,clean,other,sc,32.78,-79.99,high
san antonio,2002.0,ford,e350 bucket van,gas,129847.0,clean,automatic,tx,33.8925,-118.2961,medium
el paso,2020.0,ram,1500 quad cab laramie pickup,gas,21276.0,clean,other,tx,31.84,-106.43,high
columbia / jeff city,2015.0,gmc,acadia,gas,78896.0,clean,automatic,mo,38.382623,-93.77344,high
orlando,2014.0,ford,fiesta se,gas,89687.0,clean,automatic,fl,28.527678,-81.396911,low
new york city,2013.0,kia,sorento,gas,96644.0,clean,automatic,ny,40.862572,-74.096558,medium
kenosha-racine,2006.0,chevrolet,impala,gas,105138.0,clean,automatic,wi,43.1188,-87.9478,low
bellingham,2001.0,audi,quattro tt,gas,130000.0,clean,manual,wa,48.749,-122.4887,low
eugene,2019.0,nissan,kicks,gas,10109.0,clean,automatic,or,44.05294,-123.11188,high
denver,2014.0,nissan,juke nismo,gas,87000.0,clean,automatic,co,39.882211,-104.944153,medium
eastern NC,1994.0,ford,f350,gas,0.0,clean,automatic,nc,35.3664,-77.9221,low
northwest CT,2014.0,chevrolet,silverado 1500,other,,clean,automatic,ct,,,high
charlotte,2011.0,gmc,acadia,gas,142168.0,clean,automatic,nc,35.249172,-81.055298,low
new hampshire,2017.0,toyota,tacoma,gas,67126.0,clean,automatic,nh,42.833518,-71.107205,high
monterey bay,1998.0,jeep,wrangler,gas,98000.0,clean,manual,ca,36.7103,-121.6438,low
joplin,2008.0,subaru,impreza wrx sti,gas,76190.0,clean,manual,mo,37.0842,-94.5133,medium
columbus,2019.0,gmc,savana,gas,24585.0,clean,automatic,oh,36.4641,-86.65828,high
south florida,2005.0,honda,s2000,gas,36031.0,clean,manual,fl,26.593246,-80.128239,high
rhode island,2014.0,jeep,cherokee trailhawk 4x4 gas,gas,72838.0,clean,automatic,ri,41.822119,-71.353913,medium
laredo,2014.0,ford,f-150,gas,144000.0,clean,automatic,tx,27.374855,-99.349409,low
rockford,2012.0,chevrolet,silverado 1500,gas,132823.0,clean,automatic,il,42.337616,-88.04408,high
muncie / anderson,2018.0,ford,mustang gt coupe 2d,gas,,clean,other,in,40.19,-85.39,high
fresno / madera,1989.0,toyota,fj 62,gas,110000.0,clean,automatic,ca,37.0402,-120.0335,medium
pittsburgh,2017.0,audi,a6 3.0t prestige sedan 4d,other,42247.0,clean,other,pa,40.43,-79.97,high
jacksonville,2016.0,nissan,pathfinder,gas,115000.0,clean,automatic,fl,30.2837,-81.8202,medium
new york city,1996.0,mercedes-benz,benz sl 320,gas,121000.0,clean,automatic,ny,40.6316,-74.0927,medium
wausau,2015.0,volkswagen,beetle 1.8t fleet,gas,39649.0,clean,other,wi,44.96,-89.64,medium
"st louis, MO",2020.0,jeep,gladiator,gas,11058.0,clean,automatic,il,38.775491,-89.958367,high
central michigan,2016.0,ram,1500,gas,125266.0,clean,automatic,mi,43.34116,-85.81076,high
zanesville / cambridge,2012.0,honda,accord,gas,92347.0,clean,automatic,oh,39.748631,-82.660598,medium
portland,2018.0,mazda,mx-5 miata grand touring,gas,6745.0,clean,other,or,33.779214,-84.411811,high
monterey bay,2012.0,honda,fit,gas,283466.0,clean,manual,ca,36.6217,-121.7935,low
hawaii,2017.0,acura,ilx premium,gas,43683.0,clean,automatic,hi,20.777009,-156.454721,medium
lynchburg,2005.0,toyota,sienna xle,gas,205526.0,clean,automatic,va,37.3825,-79.2181,low
albuquerque,2013.0,ram,2500,diesel,200169.0,clean,automatic,nm,30.649106,-97.865524,high
denver,2018.0,subaru,brz limited coupe 2d,gas,6334.0,clean,other,co,39.76,-104.87,high
santa barbara,1959.0,other,willys,gas,100.0,clean,manual,ca,34.6488,-120.1701,high
sierra vista,2016.0,other,scion frs,other,13088.0,clean,manual,az,31.6639,-110.3334,medium
pueblo,2017.0,ram,1500,gas,119111.0,clean,automatic,co,38.298476,-104.612853,high
south jersey,2007.0,ford,f350 super duty,diesel,90000.0,clean,automatic,nj,39.891,-75.0724,low
boise,2020.0,toyota,rav4,gas,24072.0,clean,automatic,id,45.16369,-113.89423,high
oklahoma city,2015.0,nissan,titan,gas,117000.0,clean,automatic,ok,35.364993,-97.502096,medium
pittsburgh,2009.0,honda,odyssey,gas,174202.0,clean,automatic,pa,41.56995,-81.574738,low
tampa bay area,2004.0,toyota,sienna,gas,143500.0,clean,automatic,fl,27.711646,-82.334976,low
frederick,2015.0,honda,civic,gas,106850.0,clean,manual,md,38.746031,-77.506607,medium
greensboro,2015.0,nissan,titan sv,gas,102000.0,clean,automatic,nc,35.8429,-79.9902,medium
fresno / madera,2008.0,chevrolet,silverado 3500,diesel,180000.0,clean,automatic,ca,36.7449,-119.7788,high
spokane / coeur d'alene,2007.0,cadillac,cts,gas,115000.0,clean,automatic,id,47.679905,-117.258453,low
st cloud,2017.0,dodge,charger,diesel,17640.0,clean,manual,mn,45.5713,-94.2036,high
fresno / madera,2012.0,gmc,acadia slt,gas,176000.0,clean,automatic,ca,38.5662,-121.3286,low
bozeman,2017.0,ram,1500,gas,48761.0,clean,automatic,mt,47.696062,-116.781406,high
upper peninsula,2008.0,chrysler,town & country,gas,203287.0,clean,automatic,mi,43.1824,-84.1122,low
jacksonville,2019.0,nissan,sentra s,gas,41500.0,clean,automatic,nc,35.5068,-78.3479,medium
central NJ,2020.0,mercedes-benz,c-class,gas,9239.0,clean,automatic,nj,40.2043,-74.1779,high
san diego,2013.0,dodge,durango,gas,0.0,clean,automatic,ca,33.875577,-117.570384,medium
colorado springs,1999.0,ford,f-150,gas,175000.0,clean,automatic,co,38.924889,-104.764227,low
charlotte,2003.0,honda,,gas,200.0,rebuilt,automatic,nc,34.099836,-80.975924,low
chattanooga,2008.0,chevrolet,hhr,gas,133933.0,clean,automatic,tn,35.6834,-85.77,low
tri-cities,2015.0,ford,f150,gas,86089.0,clean,automatic,tn,36.438087,-82.302045,high
reno / tahoe,2012.0,chevrolet,silverado 1500,gas,110749.0,clean,automatic,ca,39.517781,-119.773093,medium
yuba-sutter,2004.0,toyota,prius,hybrid,64886.0,clean,automatic,ca,38.608824,-121.400837,low
ft myers / SW florida,2016.0,chevrolet,silverado 1500 double,gas,29499.0,clean,other,fl,26.14,-81.79,high
tampa bay area,2002.0,volkswagen,new beetle,gas,86054.0,clean,manual,fl,27.908417,-82.728704,low
modesto,2007.0,toyota,prius,gas,191190.0,clean,automatic,ca,37.600004,-120.938713,low
myrtle beach,2014.0,ford,f150,gas,112489.0,clean,automatic,sc,33.770921,-79.020307,medium
wichita,2016.0,ford,f-150,gas,0.0,clean,automatic,ks,37.679473,-97.335938,high
tucson,2015.0,ford,escape s,gas,70064.0,clean,automatic,az,32.236075,-110.878886,medium
ventura county,2013.0,ford,f-150,gas,102909.0,clean,automatic,ca,34.227125,-118.467977,medium
bend,2008.0,gmc,sierra,diesel,125937.0,clean,automatic,or,44.083056,-123.153025,high
hickory / lenoir,2018.0,lincoln,mkz reserve sedan 4d,gas,9175.0,clean,automatic,nc,35.73,-81.32,high
phoenix,2017.0,jeep,renegade trailhawk sport,gas,60858.0,clean,other,az,33.5,-112.05,medium
south florida,2017.0,ford,fusion,gas,43574.0,clean,automatic,fl,25.996402,-80.156043,medium
lexington,2007.0,honda,accord ex-l,gas,139444.0,clean,automatic,ky,37.939475,-84.544019,low
lubbock,2010.0,toyota,sequoia sr5 platinum,gas,250671.0,clean,automatic,tx,33.56211,-101.856239,low
phoenix,2017.0,fiat,500,other,81611.0,clean,manual,az,32.24951,-110.972417,medium
east idaho,2010.0,gmc,sierra 1500 sle,other,203779.0,clean,other,id,42.885063,-112.452574,medium
south florida,2020.0,chevrolet,malibu,gas,33010.0,clean,automatic,fl,26.031431,-80.143805,low
el paso,2018.0,ford,transit van,gas,42548.0,clean,automatic,tx,32.207754,-110.890427,high
phoenix,2004.0,nissan,titan,gas,204934.0,clean,automatic,az,33.5311,-112.1767,medium
fort wayne,2016.0,mazda,mx-5 miata club,other,41251.0,clean,other,in,41.07,-85.13,medium
rochester,2017.0,ford,focus st hatchback 4d,gas,20416.0,clean,other,ny,43.16,-77.61,high
treasure coast,2010.0,mazda,miata,gas,36060.0,clean,automatic,fl,27.5885,-80.3923,medium
charleston,2015.0,chevrolet,,other,1749.0,clean,automatic,wv,45.494265,-122.579192,high
gainesville,2012.0,jeep,wrangler sport,gas,78000.0,rebuilt,manual,fl,29.6456,-82.4033,medium
san diego,2010.0,ford,expedition,gas,29919.0,clean,automatic,ca,32.792983,-117.09681,medium
south jersey,2019.0,ram,1500 crew cab big horn,gas,16931.0,clean,other,nj,39.46,-74.99,high
birmingham,2015.0,subaru,xv crosstrek,gas,97061.0,clean,automatic,al,33.772519,-86.475191,medium
des moines,2011.0,chevrolet,malibu ltz,gas,180000.0,clean,automatic,ia,41.6381,-93.6203,low
north jersey,2001.0,ford,e350 super duty,gas,100000.0,clean,automatic,nj,40.8536,-74.1079,low
jersey shore,2006.0,infiniti,g35x,gas,165900.0,clean,automatic,nj,40.3244,-74.3352,low
lancaster,2018.0,infiniti,qx60 3.5 sport utility,other,31047.0,clean,automatic,pa,40.03319,-76.24058,high
philadelphia,2015.0,infiniti,q70,gas,57000.0,rebuilt,automatic,pa,40.1166,-75.0198,medium
baltimore,2020.0,gmc,savana 12 passenger,diesel,18576.0,clean,automatic,md,36.6434,-76.242,high
dallas / fort worth,2013.0,hyundai,santa fe sport awd,gas,114000.0,clean,automatic,tx,32.81871,-96.992283,low
tulsa,2018.0,ford,escape,gas,43216.0,clean,automatic,ok,38.4018,-93.785,medium
bakersfield,2019.0,ford,super duty f-250 srw,diesel,66000.0,clean,automatic,ca,35.119931,-120.57697,high
san antonio,2016.0,chevrolet,equinox lt awd,gas,89033.0,clean,automatic,tx,29.5612,-98.6117,medium
topeka,2020.0,mitsubishi,outlander sport es,other,11103.0,clean,other,ks,39.03,-95.69,medium
boulder,1999.0,volkswagen,eurovan camper,gas,117000.0,clean,automatic,co,39.9914,-105.2392,high
fresno / madera,1978.0,other,1978 LincolnTown Cars,gas,100000.0,missing,automatic,ca,36.233572,-121.377174,low
indianapolis,2020.0,toyota,4runner sr5 sport utility,gas,3110.0,clean,other,in,39.77,-86.14,high
worcester / central MA,2016.0,ram,1500,gas,95148.0,clean,other,ma,42.262501,-71.802803,medium
erie,2019.0,ram,1500 crew cab big horn,other,19722.0,clean,other,pa,42.12,-80.08,high
san diego,2015.0,bmw,x5,gas,83579.0,clean,automatic,ca,32.82387,-117.1552,high
eastern NC,2006.0,other,international 9400i,diesel,283466.0,clean,manual,nc,36.1685,-76.3731,medium
inland empire,2018.0,alfa-romeo,romeo stelvio,gas,27003.0,clean,automatic,ca,32.82125,-117.15324,high
columbia,2017.0,mini,cooper clubman,gas,53809.0,clean,automatic,sc,34.80145,-82.42621,medium
tampa bay area,2013.0,toyota,prius hybrid,hybrid,82424.0,clean,automatic,fl,27.916629,-82.782757,low
houston,2015.0,nissan,rogue,gas,103500.0,clean,automatic,tx,29.939971,-95.629676,low
medford-ashland,2008.0,toyota,corolla le,gas,117700.0,clean,manual,or,42.457435,-123.320814,low
knoxville,2018.0,toyota,c-hr,gas,23976.0,clean,automatic,tn,35.860496,-84.100535,medium
columbus,2013.0,ford,e-series cargo van,other,141299.0,salvage,automatic,oh,40.810152,-80.425219,low
portland,2008.0,toyota,camry hybrid,hybrid,147693.0,clean,automatic,or,45.490639,-122.81481,low
orlando,2011.0,cadillac,srx4,gas,135000.0,clean,automatic,fl,28.3949,-81.4179,low
bend,2018.0,hyundai,elantra,gas,60120.0,clean,automatic,or,44.055524,-121.26973,medium
seattle-tacoma,2009.0,hyundai,santa fe gls 4dr suv,gas,139082.0,,automatic,wa,47.816633,-122.318936,low
cincinnati,2005.0,mazda,mpv,gas,174000.0,clean,automatic,oh,39.0563,-84.4787,low
youngstown,2010.0,ford,ranger xl 4x2,gas,131660.0,clean,manual,oh,41.166482,-80.663509,low
bend,2008.0,nissan,rogue,gas,129797.0,clean,automatic,or,45.523091,-122.578615,low
new orleans,1984.0,gmc,sierra,gas,119809.0,clean,automatic,la,30.2916,-89.8129,low
inland empire,2013.0,nissan,370z coupe,gas,69000.0,clean,manual,ca,34.0601,-117.1882,high
springfield,2005.0,ford,f150 supercrew cab,gas,170000.0,clean,automatic,mo,38.003291,-92.755744,low
modesto,2009.0,toyota,highlander,gas,125708.0,clean,automatic,ca,37.637112,-122.054679,medium
parkersburg-marietta,2008.0,mazda,3,gas,96123.0,clean,automatic,oh,39.2644,-81.5354,low
phoenix,2015.0,other,Flexible Down Payments,gas,500.0,clean,automatic,az,33.407478,-111.868393,low
hartford,2013.0,volkswagen,cc sport,gas,103000.0,clean,automatic,ct,41.9099,-72.6029,low
winchester,2006.0,honda,cr-v,gas,144000.0,clean,automatic,va,38.967377,-78.409617,low
tucson,2012.0,ford,econoline,gas,173412.0,clean,automatic,az,33.623528,-112.00985,medium
st george,2015.0,chevrolet,silverado 2500hd ltz,diesel,182421.0,clean,automatic,ut,37.682991,-113.060732,high
tucson,2019.0,toyota,camry hybrid le sedan 4d,hybrid,17373.0,clean,other,az,32.21,-110.96,high
ithaca,2018.0,alfa-romeo,romeo stelvio ti sport,other,24817.0,clean,other,ny,42.44,-76.5,high
elmira-corning,2012.0,ram,1500,gas,45000.0,clean,automatic,ny,42.143137,-77.032013,high
portland,1977.0,chevrolet,bonanza,gas,108000.0,clean,automatic,or,45.712,-122.6322,high
holland,2008.0,pontiac,g6,gas,145621.0,clean,automatic,mi,43.1824,-84.1122,low
bloomington-normal,2012.0,gmc,sierra 1500,gas,147003.0,clean,automatic,il,40.474352,-88.983012,medium
north jersey,2015.0,jeep,wrangler unlimited,gas,79663.0,clean,automatic,nj,40.923344,-74.143356,high
las vegas,2011.0,bmw,3 series,gas,76264.0,clean,automatic,nv,36.143633,-115.115449,medium
battle creek,2020.0,buick,enclave avenir sport,gas,29010.0,clean,other,mi,42.29,-85.22,high
wausau,2017.0,cadillac,ats,gas,17414.0,rebuilt,automatic,wi,44.408499,-89.881725,medium
south florida,2015.0,kia,forte,gas,94467.0,clean,automatic,fl,25.869874,-80.242697,low
"kansas city, MO",2007.0,mazda,mazda3 i sport,gas,139300.0,clean,manual,ks,39.0803,-94.7806,low
knoxville,2016.0,mercedes-benz,gle 400 4matic,gas,100957.0,clean,other,tn,35.97,-83.94,high
rockford,2006.0,mazda,3,gas,122000.0,clean,automatic,il,42.327379,-89.027689,low
new haven,2018.0,jeep,grand cherokee laredo sport,other,26071.0,clean,other,ct,41.31,-72.92,high
south bend / michiana,2007.0,toyota,sienna xle limited handic,gas,90000.0,clean,automatic,in,41.680325,-86.161381,medium
east idaho,2007.0,chevrolet,silverado,gas,181007.0,clean,automatic,id,43.5518,-111.8919,medium
stillwater,2020.0,chevrolet,malibu lt sedan 4d,gas,24505.0,clean,automatic,ok,36.797931,-98.686495,high
norfolk / hampton roads,2010.0,ford,f150 lariat,gas,118984.0,clean,automatic,va,36.80453,-76.38501,high
denver,2018.0,chevrolet,silverado 1500 4x2 re,gas,21896.0,clean,automatic,co,39.673187,-104.987737,high
billings,2011.0,buick,lucerne,other,115664.0,clean,automatic,mt,45.7935,-108.481,low
bend,2008.0,infiniti,g37,gas,141003.0,clean,automatic,or,45.382346,-122.605132,medium
hawaii,2008.0,toyota,prius,hybrid,74500.0,clean,automatic,hi,21.2987,-157.6985,low
mohave county,1991.0,chevrolet,corvette coupe,gas,119285.0,clean,automatic,az,34.493724,-114.352565,low
toledo,2007.0,acura,mdx,gas,186617.0,clean,automatic,oh,41.56995,-81.574738,low
ventura county,2017.0,nissan,sentra sv sedan 4d,gas,85198.0,,other,ca,34.213401,-119.178039,medium
anchorage / mat-su,2011.0,chevrolet,silverado,other,161541.0,clean,automatic,ak,61.16167,-149.86312,medium
hattiesburg,2007.0,gmc,c8500,diesel,163063.0,clean,automatic,ms,26.0218,-80.1891,high
north jersey,2017.0,ford,expedition xlt sport,gas,70760.0,clean,other,nj,40.44,-74.82,high
san luis obispo,2002.0,toyota,4runner sr5,gas,109443.0,clean,automatic,ca,35.246801,-120.667596,medium
new york city,2017.0,ford,focus st hatchback 4d,gas,18446.0,clean,other,ny,41.12,-73.34,high
charlotte,2019.0,ford,f150 regular cab xl pickup,other,14077.0,clean,other,nc,35.19,-80.83,high
tri-cities,2015.0,gmc,sierra 1500 regular cab,other,35290.0,clean,other,tn,36.53,-82.32,high
chicago,2003.0,chevrolet,silverado,gas,120000.0,clean,automatic,il,41.722,-87.7024,low
lima / findlay,2017.0,jeep,patriot,gas,65583.0,clean,automatic,oh,41.229643,-84.032606,medium
"st louis, MO",2013.0,ford,focus electric hatchback 4d,electric,56700.0,clean,automatic,il,38.615049,-90.316233,low
richmond,1999.0,nissan,maxima,gas,283466.0,clean,automatic,va,37.3428,-77.9841,low
albany,2007.0,audi,a4 quattro,gas,139754.0,clean,automatic,ny,42.675374,-73.784585,low
tallahassee,2018.0,jeep,wrangler unlimited all new,other,13992.0,clean,other,fl,33.779214,-84.411811,high
spokane / coeur d'alene,2007.0,lincoln,navigator,gas,174000.0,clean,automatic,id,47.7989,-116.7423,low
worcester / central MA,2013.0,toyota,camry,gas,110955.0,clean,automatic,ma,42.2441,-71.9906,low
central NJ,2013.0,volkswagen,tiguan,gas,131379.0,clean,automatic,nj,40.3192,-74.4285,low
seattle-tacoma,1996.0,ram,2500,gas,111000.0,clean,automatic,wa,47.8392,-122.2855,low
portland,2014.0,honda,cr-v lx sport utility 4d,gas,63881.0,clean,other,or,33.7865,-84.4454,medium
birmingham,2012.0,ford,f-250 super duty,gas,9205.0,clean,automatic,al,34.9506,-85.2432,high
rochester,2007.0,mazda,cx9,gas,283466.0,clean,automatic,ny,43.1491,-77.625,low
lewiston / clarkston,2011.0,nissan,titan pro-4x,gas,173196.0,clean,automatic,id,45.926416,-116.122825,medium
modesto,2014.0,lexus,is 250 sedan 4d,gas,33784.0,clean,other,ca,33.7865,-84.4454,high
SF bay area,2007.0,nissan,sentra,gas,105200.0,clean,automatic,ca,37.7024,-122.124,low
eugene,2003.0,mercedes-benz,sl-class,gas,63472.0,clean,automatic,or,45.4373,-122.6147,medium
beaumont / port arthur,2019.0,audi,a5 premium sedan 4d,gas,33575.0,clean,other,tx,30.08,-94.14,high
tyler / east TX,2006.0,toyota,rav4,gas,165000.0,clean,automatic,tx,33.1733,-94.9695,low
las vegas,2015.0,chevrolet,camaro ls,gas,59166.0,clean,automatic,nv,36.152,-115.1092,medium
sarasota-bradenton,2015.0,hyundai,sonata hybrid,hybrid,213277.0,clean,automatic,fl,27.329701,-82.530265,low
hudson valley,2013.0,honda,accord,gas,133998.0,clean,automatic,ny,41.400136,-74.365987,medium
buffalo,2019.0,dodge,grand caravan passenger se,gas,28.0,clean,other,ny,42.88,-78.85,high
ventura county,2007.0,ford,utility truck,gas,66713.0,clean,automatic,ca,33.874815,-117.553492,low
lexington,2012.0,lexus,is 250,gas,102518.0,clean,automatic,ky,38.219687,-84.541856,medium
maine,2005.0,ford,freestyle awd,gas,143623.0,clean,automatic,me,42.8285,-71.6606,low
fairbanks,2005.0,ford,f350,diesel,48000.0,lien,automatic,ak,64.8378,-147.7164,medium
hawaii,2020.0,ford,f-150,gas,3486.0,clean,automatic,hi,21.328284,-157.871254,low
little rock,2017.0,ford,f-150,gas,83066.0,clean,automatic,ar,38.4018,-93.785,high
springfield,2017.0,buick,enclave leather sport,gas,50847.0,clean,other,il,39.78,-89.64,high
asheville,2018.0,ford,expedition max,gas,53758.0,clean,automatic,nc,35.481252,-82.564822,high
spokane / coeur d'alene,2018.0,chevrolet,camaro ls rwd gas,gas,16865.0,clean,manual,id,47.65613,-117.236949,high
sioux falls / SE SD,2016.0,dodge,challenger,gas,22436.0,clean,automatic,sd,43.54342,-96.755714,high
bend,2006.0,honda,pilot,gas,95674.0,clean,automatic,or,45.374861,-122.602289,medium
saginaw-midland-baycity,2016.0,toyota,4runner sr5 sport utility,other,49940.0,clean,other,mi,43.41,-83.94,high
syracuse,2020.0,tesla,model 3 standard range,electric,10309.0,clean,other,ny,43.04,-76.14,high
east oregon,2018.0,chrysler,300-series,gas,9766.0,clean,automatic,or,44.025215,-116.991138,high
las vegas,2007.0,dodge,magnum,gas,110834.0,clean,automatic,nv,36.1433,-115.2004,low
north jersey,2018.0,nissan,rogue,gas,10008.0,clean,automatic,nj,40.2043,-74.1779,medium
ft myers / SW florida,2019.0,chevrolet,blazer 2lt sport,gas,30734.0,clean,other,fl,26.14,-81.79,high
rhode island,2017.0,audi,a4 2.0t quattro,gas,64431.0,clean,automatic,ri,41.9099,-72.6029,medium
hartford,2006.0,acura,tlx,gas,157800.0,clean,manual,ct,41.8341,-72.5576,low
flint,2009.0,ford,f250,diesel,160939.0,clean,automatic,mi,43.1824,-84.1122,medium
maine,2013.0,kia,sorento,gas,108922.0,clean,automatic,me,44.093108,-69.845924,medium
kenosha-racine,2017.0,buick,enclave leather sport,gas,50847.0,clean,other,wi,42.72,-87.8,high
hanford-corcoran,2017.0,ram,1500 quad cab slt pickup 4d,gas,13970.0,clean,other,ca,36.27,-119.63,high
monterey bay,2001.0,honda,accord,gas,208000.0,salvage,automatic,ca,36.6849,-121.7934,low
richmond,2013.0,bmw,x5 xdrive35d,diesel,118811.0,clean,automatic,va,38.50724,-77.37407,medium
killeen / temple / ft hood,2002.0,bmw,325i,gas,161053.0,clean,automatic,tx,31.12551,-97.724811,low
albany,2008.0,other,hummer h3 4dr 4wd suv,gas,132000.0,clean,automatic,ny,40.4444,-74.3801,low
chattanooga,2012.0,mercedes-benz,benz c250 coupe,gas,73000.0,clean,other,tn,35.20183,-85.155678,medium
worcester / central MA,2014.0,toyota,rav4,gas,81359.0,clean,automatic,ma,42.33593,-71.54233,medium
dothan,2020.0,ford,f150 xlt 4wd f-150 4x4,gas,13.0,clean,automatic,al,29.80343,-82.527209,high
reno / tahoe,2015.0,jeep,wrangler sport unlimited,gas,148973.0,clean,automatic,ca,39.545552,-119.816895,high
south florida,2004.0,mercury,grand marquis,gas,92698.0,clean,automatic,fl,27.2889,-80.298,low
houston,2015.0,toyota,corolla,gas,89153.0,clean,automatic,tx,29.858879,-95.412569,medium
baltimore,2014.0,nissan,sentra,gas,47010.0,clean,automatic,md,39.3127,-76.581,low
south florida,2006.0,ford,f-350 super duty,diesel,260421.0,clean,automatic,fl,26.176613,-80.135957,medium
reno / tahoe,1979.0,chevrolet,k10 4x4,gas,3000.0,clean,automatic,ca,39.5483,-119.7957,medium
memphis,2011.0,infiniti,g37s,gas,185000.0,clean,automatic,tn,37.008583,-95.778044,low
spokane / coeur d'alene,2013.0,toyota,tacoma,gas,84753.0,clean,automatic,id,47.664705,-117.310362,high
albany,2012.0,volkswagen,tiguan sel,gas,108371.0,clean,automatic,ny,41.9099,-72.6029,medium
space coast,2018.0,jeep,wrangler unlimited sport,other,39595.0,clean,manual,fl,28.109121,-80.618252,high
stockton,2018.0,chevrolet,colorado,gas,22915.0,clean,automatic,ca,38.605011,-121.401917,high
stockton,2010.0,toyota,prius four panel solar,hybrid,146598.0,,automatic,ca,37.739885,-121.43198,low
dallas / fort worth,2008.0,chevrolet,tahoe,gas,283466.0,clean,automatic,tx,32.856174,-96.672722,low
nashville,2017.0,toyota,rav4,gas,102357.0,,automatic,tn,36.138022,-86.732261,medium
champaign urbana,2020.0,volkswagen,golf gti s hatchback,gas,1309.0,clean,other,il,40.11,-88.26,high
missoula,2012.0,ford,f-150,gas,34585.0,clean,automatic,mt,47.714927,-116.790784,high
redding,2016.0,chrysler,300-series,gas,71110.0,clean,automatic,ca,40.572233,-122.368501,medium
spokane / coeur d'alene,1979.0,datsun,280zx,gas,88500.0,clean,automatic,id,47.755395,-117.416439,low
wenatchee,2011.0,volvo,s60,gas,185000.0,clean,automatic,wa,48.4756,-120.1805,low
roanoke,2003.0,ford,f150,gas,220500.0,clean,automatic,va,37.14629,-80.008016,low
kenosha-racine,2008.0,nissan,rogue,gas,159369.0,clean,automatic,wi,43.1188,-87.9478,low
northern panhandle,2017.0,alfa-romeo,romeo giulia ti sedan 4d,other,17703.0,clean,other,oh,40.07,-80.69,high
skagit / island / SJI,2004.0,volvo,xc90,gas,178000.0,clean,automatic,wa,48.441571,-122.316949,low
st cloud,2020.0,infiniti,q50 3.0t luxe sedan 4d,gas,19385.0,clean,other,mn,45.55,-94.22,high
medford-ashland,2005.0,volkswagen,jetta,gas,191236.0,clean,automatic,or,42.347261,-122.887309,low
yuba-sutter,2014.0,chevrolet,spark lt,gas,94828.0,clean,automatic,ca,39.123441,-121.61144,low
space coast,2015.0,ford,f-350,diesel,126340.0,clean,automatic,fl,29.186992,-82.193104,high
colorado springs,2004.0,ford,f150 lariat,gas,85000.0,clean,automatic,co,38.8546,-105.3121,low
buffalo,2011.0,chevrolet,cruze lt,gas,80202.0,clean,automatic,ny,42.989738,-78.873188,low
tampa bay area,2017.0,ford,edge,gas,44191.0,clean,automatic,fl,28.4655,-82.5981,high
central NJ,2001.0,ford,excursion,diesel,182000.0,salvage,automatic,nj,40.2153,-74.6159,low
new orleans,2015.0,ford,taurus,gas,147435.0,clean,automatic,la,30.4558,-91.0596,low
philadelphia,1999.0,mercury,mountaineer,gas,198000.0,missing,automatic,pa,39.9541,-75.2262,low
baltimore,2007.0,hyundai,sonata,gas,501.0,clean,automatic,md,39.433086,-76.343119,low
modesto,2004.0,lexus,rx,gas,138000.0,clean,automatic,ca,37.284043,-121.840888,low
las vegas,2015.0,chevrolet,,other,1749.0,clean,automatic,nv,45.494265,-122.579192,high
rhode island,2020.0,dodge,charger scat pack sedan 4d,gas,7149.0,clean,other,ri,41.82,-71.41,high
spokane / coeur d'alene,2007.0,other,2007 Silverado crew cab 4x4,gas,190000.0,clean,automatic,id,48.1695,-117.1508,medium
raleigh / durham / CH,2012.0,chevrolet,suburban,gas,26845.0,clean,automatic,nc,,,high
columbus,1997.0,honda,accord,gas,253000.0,clean,automatic,ga,32.8735,-84.896,low
janesville,2019.0,other,Janesville,gas,1.0,clean,automatic,wi,42.6683,-89.0025,low
amarillo,2011.0,honda,pilot,gas,147995.0,clean,automatic,tx,35.216559,-101.829738,medium
pensacola,2018.0,gmc,sierra 1500,gas,41941.0,clean,automatic,fl,30.807559,-86.971729,high
lubbock,2011.0,chevrolet,silverado 1500 lt,gas,171000.0,clean,automatic,tx,33.3299,-101.7122,medium
chicago,2013.0,hyundai,accent,gas,61068.0,clean,automatic,il,41.640194,-87.718249,low
milwaukee,2019.0,gmc,sierra 1500 double cab,gas,8218.0,clean,other,wi,43.06,-87.96,high
louisville,2010.0,ford,focus ses,gas,130000.0,clean,automatic,ky,38.191379,-85.644264,low
austin,2017.0,porsche,,other,4012.0,clean,automatic,tx,44.927304,-123.030322,high
moses lake,2015.0,chevrolet,cruze 1lt auto,gas,72110.0,,automatic,wa,46.609386,-120.518686,medium
wichita,2017.0,buick,envision,gas,40003.0,clean,automatic,ks,38.990868,-95.233358,medium
colorado springs,1998.0,cadillac,deville,gas,134000.0,clean,automatic,co,38.886,-104.7399,low
east oregon,2013.0,chevrolet,silverado 3500hd,diesel,130251.0,clean,automatic,or,47.81247,-122.32164,high
charleston,2005.0,volkswagen,gls new beetle convertible,gas,73095.0,clean,automatic,sc,32.756221,-79.983045,low
ft myers / SW florida,2018.0,toyota,camry,gas,17721.0,clean,automatic,fl,26.571661,-81.877633,medium
sacramento,2017.0,gmc,sierra 1500 elevation,gas,71357.0,clean,automatic,ca,47.412043,-122.241112,high
minneapolis / st paul,2001.0,jaguar,xk8,gas,67000.0,clean,automatic,mn,44.9497,-93.3373,medium
baltimore,2019.0,ford,ranger supercrew xl pickup,gas,7042.0,clean,other,md,39.3,-76.61,high
norfolk / hampton roads,1995.0,lexus,ls 400,gas,134319.0,clean,automatic,va,36.7978,-76.1759,low
"washington, DC",2006.0,honda,civic,gas,124272.0,clean,automatic,dc,39.1148,-77.0059,low
madison,2018.0,audi,s5 prestige coupe 2d,gas,48674.0,clean,other,wi,43.07,-89.38,high
south bend / michiana,2013.0,kia,forte ex hatchback,gas,113283.0,clean,automatic,in,41.6763,-85.9621,low
brunswick,2020.0,lincoln,continental sedan 4d,gas,1772.0,clean,other,ga,31.15,-81.48,high
reno / tahoe,2010.0,subaru,forester xt premium,gas,91519.0,clean,automatic,ca,38.6093,-121.4443,medium
mansfield,2010.0,lincoln,navigator sport utility,other,136022.0,clean,automatic,oh,40.785262,-82.459155,medium
milwaukee,2008.0,ford,f-450 super duty,diesel,106905.0,clean,other,wi,42.3542,-87.8651,medium
western massachusetts,2003.0,subaru,outback,gas,203000.0,clean,manual,ma,42.1931,-73.0918,low
albuquerque,2015.0,ford,mustang,gas,74100.0,clean,automatic,nm,35.0818,-106.6482,medium
kalamazoo,2017.0,toyota,camry se,gas,57989.0,clean,automatic,mi,42.6746,-85.643229,medium
charlotte,2011.0,ford,e350,gas,163000.0,clean,automatic,nc,33.8206,-84.3549,medium
flint,2017.0,jeep,wrangler sport suv 2d,gas,32918.0,clean,other,mi,43.02,-83.69,high
"kansas city, MO",2008.0,dodge,grand caravan sxt,gas,146271.0,clean,automatic,ks,39.0803,-94.7806,low
lakeland,2020.0,kia,sportage lx sport utility 4d,gas,24182.0,clean,other,fl,28.04,-81.96,medium
modesto,2000.0,jaguar,xj,gas,74101.0,clean,automatic,ca,38.611335,-121.430953,low
houston,1994.0,ford,f150 4x4,gas,138000.0,clean,automatic,tx,29.7991,-95.4118,low
tampa bay area,2009.0,rover,sport,gas,140590.0,clean,automatic,fl,28.0772,-82.4455,medium
knoxville,2018.0,ford,transit,gas,104624.0,rebuilt,automatic,tn,36.107596,-86.743824,medium
fargo / moorhead,2018.0,jeep,grand cherokee,gas,32040.0,clean,automatic,mn,46.590185,-95.57469,high
brainerd,2007.0,toyota,prius,hybrid,197000.0,clean,automatic,mn,46.450158,-95.124203,low
texoma,1979.0,chevrolet,silverado,gas,79000.0,clean,automatic,ok,34.0784,-96.7597,medium
east idaho,2016.0,hyundai,accent,gas,70000.0,clean,automatic,id,43.81,-111.789,low
fresno / madera,2007.0,jeep,liberty limited,gas,116392.0,clean,automatic,ca,37.797142,-121.230484,low
merced,2008.0,other,FORD/RANGER,gas,143276.0,clean,automatic,ca,37.7005,-121.0252,low
maine,2013.0,toyota,tundra,gas,133000.0,clean,automatic,me,43.188723,-71.504929,medium
SF bay area,2011.0,ram,dakota,gas,136296.0,clean,automatic,ca,37.797445,-121.201865,medium
chicago,2005.0,other,freightliner m2,diesel,120000.0,clean,manual,il,42.3813,-87.9991,medium
southeast missouri,2019.0,toyota,tacoma,gas,31485.0,clean,automatic,mo,37.35653,-89.613253,high
galveston,2020.0,jaguar,e-pace p300 r-dynamic se,gas,79.0,clean,other,tx,29.3,-94.79,high
north jersey,2003.0,toyota,camry xle,gas,113169.0,clean,automatic,nj,40.7465,-74.2575,low
"kansas city, MO",2014.0,dodge,charger,gas,74142.0,clean,automatic,ks,38.644406,-94.353818,medium
daytona beach,2018.0,toyota,rav4 limited,hybrid,27500.0,clean,automatic,fl,29.4661,-81.2828,high
lansing,2016.0,chevrolet,silverado 1500 double,gas,29499.0,clean,other,mi,42.7,-84.55,high
buffalo,2015.0,dodge,grand caravan se wheelcha,gas,34358.0,clean,automatic,ny,33.681077,-112.05849,high
denver,2018.0,ford,f-250,diesel,81575.0,clean,automatic,co,39.595086,-104.845088,high
north jersey,2015.0,hyundai,sonata,gas,64578.0,clean,automatic,nj,40.9252,-74.1781,medium
hawaii,2009.0,ford,expedition xlt,gas,40984.0,clean,automatic,hi,21.2938,-157.8468,low
hawaii,2012.0,chevrolet,cruze lt,gas,69000.0,clean,automatic,hi,21.2808,-157.7552,low
northwest CT,2020.0,buick,encore gx select sport,gas,4414.0,clean,other,ct,41.81,-72.9,high
central NJ,2008.0,chevrolet,uplander cargo van,gas,50181.0,clean,automatic,nj,40.40825,-74.372882,low
long island,2015.0,cadillac,srx,other,84011.0,clean,automatic,ny,,,medium
orlando,2013.0,volkswagen,jetta,gas,58687.0,clean,automatic,fl,28.8013,-81.285,low
ocala,2014.0,chevrolet,silverado,other,121409.0,clean,automatic,fl,29.23086,-82.14915,high
north jersey,2017.0,ram,"promaster cargo van 1500 low roof 118"" wb",,88836.0,clean,automatic,nj,40.821805,-74.061962,medium
orlando,2015.0,ford,f250 super duty crew cab,diesel,181402.0,clean,automatic,fl,28.8013,-81.285,high
modesto,2013.0,kia,optima,gas,94335.0,clean,automatic,ca,37.600004,-120.938713,medium
santa maria,2018.0,gmc,sierra 1500 double cab sle,other,19458.0,clean,other,ca,33.779214,-84.411811,high
south bend / michiana,2010.0,mazda,mazda3,gas,107444.0,clean,automatic,in,41.604567,-85.872891,low
central NJ,2018.0,jeep,cherokee,gas,31291.0,clean,automatic,nj,40.2043,-74.1779,medium
ocala,2014.0,toyota,tacoma access cab pickup,other,17805.0,clean,other,fl,29.18,-82.13,high
orlando,2008.0,buick,enclave,gas,100000.0,clean,automatic,fl,28.1384,-80.6524,low
pittsburgh,2018.0,toyota,tacoma access cab sr5,other,20624.0,clean,other,pa,40.43,-79.97,high
philadelphia,2016.0,ram,5500,diesel,84604.0,clean,automatic,pa,40.894535,-74.152367,high
port huron,2011.0,toyota,sienna limited awd,gas,171000.0,clean,automatic,mi,42.942409,-82.448088,medium
monroe,2013.0,ford,edge,gas,100061.0,clean,automatic,mi,41.61285,-83.480782,medium
dallas / fort worth,2019.0,subaru,legacy 2.5i sedan 4d,gas,11016.0,clean,other,tx,32.79,-96.76,medium
pullman / moscow,1963.0,other,cadvwrambuick,gas,283466.0,missing,other,id,46.7352,-117.1729,high
eastern NC,2013.0,bmw,7 series,gas,48752.0,clean,automatic,nc,,,high
central NJ,2008.0,chrysler,pacifica,gas,172000.0,clean,automatic,nj,40.2825,-74.3424,low
el paso,2020.0,volkswagen,jetta,gas,2800.0,rebuilt,automatic,tx,31.8045,-105.9661,medium
inland empire,1972.0,gmc,sierra 2500,gas,85000.0,clean,automatic,ca,34.0794,-117.4551,low
atlanta,2019.0,honda,passport sport suv 4d,gas,21325.0,clean,other,ga,33.75,-84.39,high
fargo / moorhead,2016.0,jeep,patriot high altitude 4x4,gas,103372.0,clean,automatic,mn,47.920244,-97.044974,medium
tucson,2013.0,dodge,durango sxt,gas,96371.0,clean,automatic,az,32.236075,-110.878886,medium
lakeland,2017.0,lincoln,navigator l select sport,gas,28475.0,clean,automatic,fl,28.04,-81.96,high
hartford,2011.0,toyota,sienna le,gas,187571.0,clean,automatic,ct,41.654092,-72.775884,low
charlotte,2009.0,cadillac,escalade,gas,144402.0,clean,automatic,nc,35.5808,-82.6078,medium
springfield,2013.0,ram,pickup 3500 laramie,diesel,152268.0,clean,automatic,il,39.7622,-89.6275,high
myrtle beach,2019.0,jeep,renegade sport suv 4d,other,21667.0,clean,other,sc,33.69,-78.89,medium
syracuse,2008.0,subaru,legacy 3.0r,gas,62000.0,clean,automatic,ny,43.4605,-76.2446,low
salt lake city,2018.0,nissan,rogue sv awd gas suv auto,gas,24501.0,clean,automatic,ut,43.61974,-116.29469,high
medford-ashland,1990.0,gmc,vandura 3500,gas,157724.0,clean,automatic,or,42.287,-122.928,low
roanoke,2007.0,ford,mustang,gas,159342.0,clean,,va,37.335355,-79.859385,low
la crosse,2015.0,chevrolet,silverado high country,gas,111000.0,clean,automatic,wi,44.0496,-92.4896,high
jackson,2011.0,toyota,prius,hybrid,166997.0,clean,automatic,ms,32.193017,-90.249853,low
western slope,2008.0,volkswagen,gti,gas,188000.0,clean,automatic,co,39.5296,-107.3252,low
eastern CT,2011.0,ford,fiesta,gas,148000.0,clean,manual,ct,41.58507,-71.94037,low
springfield,2016.0,mazda,mx-5 miata,gas,12525.0,clean,automatic,mo,38.382623,-93.77344,high
tuscarawas co,2020.0,buick,enclave essence sport,gas,18318.0,clean,other,oh,40.35,-81.43,high
colorado springs,2015.0,ford,f-250 super duty super duty,gas,62000.0,clean,automatic,co,36.1149,-115.2161,high
sacramento,2007.0,other,Isizu NPR,diesel,166521.0,clean,automatic,ca,38.5662,-121.3286,low
oklahoma city,2017.0,chevrolet,silverado 2500 6.0l 1-owner 4x4 crew*new wheels* clean car-fax!!!,other,82994.0,clean,automatic,ok,36.434187,-99.43055,high
oklahoma city,2020.0,chevrolet,silverado 2500hd ltz,diesel,10507.0,clean,automatic,ok,34.1566,-97.1792,high
chico,2019.0,ford,ranger supercrew xl pickup,gas,8511.0,clean,other,ca,39.71,-121.81,high
phoenix,2002.0,chevrolet,express 1500 cargo van,gas,162000.0,salvage,automatic,az,33.3782,-111.6406,low
yakima,2012.0,jeep,liberty,gas,95674.0,clean,automatic,wa,46.584837,-120.508958,low
corpus christi,2019.0,ford,super duty f-250 srw,gas,58566.0,clean,automatic,tx,27.798089,-97.475153,high
charlotte,2016.0,ford,mustang,gas,38863.0,clean,manual,nc,35.354893,-80.620315,high
syracuse,2009.0,chevrolet,malibu,gas,190000.0,clean,automatic,ny,43.0354,-76.1282,low
fort collins / north CO,2017.0,volkswagen,jetta gli,gas,21194.0,clean,automatic,co,40.528724,-105.074725,medium
anchorage / mat-su,2017.0,volkswagen,golf gti,gas,57175.0,clean,other,ak,61.1381,-149.86727,high
north jersey,2005.0,honda,civic,gas,186757.0,clean,automatic,nj,40.18157,-74.663384,low
ft myers / SW florida,2018.0,toyota,camry,gas,29201.0,clean,automatic,fl,26.571661,-81.877633,medium
orlando,2011.0,gmc,yukon denali,gas,147945.0,clean,automatic,fl,27.5885,-80.3923,medium
fort collins / north CO,2001.0,lexus,es 300,gas,170085.0,clean,manual,co,40.580944,-105.062408,low
lewiston / clarkston,2016.0,ford,f-150,gas,84802.0,clean,automatic,id,45.876983,-119.293925,high
columbia,2018.0,mercedes-benz,metris passenger,gas,7896.0,clean,other,sc,34.0,-81.03,high
huntington-ashland,2010.0,ford,mustang,gas,90070.0,clean,automatic,ky,39.254962,-84.107453,medium
new orleans,2011.0,other,FordE350,gas,40000.0,clean,automatic,la,33.8206,-84.3549,medium
youngstown,1987.0,chevrolet,cavalier convertible,gas,109792.0,clean,automatic,oh,41.227367,-80.795361,low
boulder,2015.0,toyota,rav4 xle sport utility 4d,other,55899.0,clean,other,co,40.02104,-105.26465,medium
orlando,2016.0,toyota,prius,hybrid,132000.0,clean,automatic,fl,28.4871,-81.4082,medium
columbus,2010.0,chevrolet,camaro ss coupe 2d,gas,16903.0,clean,other,ga,32.51,-84.87,high
"st louis, MO",2016.0,gmc,acadia slt,gas,99000.0,clean,automatic,il,38.211614,-90.012617,medium
tri-cities,2012.0,ford,escape,gas,136257.0,clean,automatic,tn,36.438087,-82.302045,low
tampa bay area,2012.0,volkswagen,jetta,gas,168534.0,clean,manual,fl,28.3011,-82.6927,low
the thumb,2020.0,bmw,3 series 330i xdrive sedan,gas,5580.0,clean,other,mi,33.7865,-84.4454,high
lubbock,2007.0,gmc,yukon xl,gas,123041.0,clean,automatic,tx,33.56211,-101.856583,low
atlanta,2017.0,ford,f-150,gas,152200.0,clean,automatic,ga,33.552199,-84.352522,high
ann arbor,2003.0,nissan,pathfinder se,gas,173612.0,,automatic,mi,42.300673,-84.024108,low
SF bay area,2019.0,toyota,highlander le sport,gas,31422.0,clean,other,ca,37.81,-122.3,high
asheville,2013.0,other,International 4300 -,diesel,220040.0,clean,automatic,nc,35.9244,-84.0015,high
las vegas,2014.0,nissan,nv passenger,gas,79800.0,clean,automatic,nv,36.1035,-115.2491,medium
modesto,1968.0,gmc,,gas,11875.0,clean,automatic,ca,37.516382,-120.842855,high
lafayette,2006.0,volkswagen,,gas,103292.0,rebuilt,automatic,la,30.3244,-92.0423,low
pittsburgh,1946.0,ford,coupe,gas,100000.0,clean,automatic,pa,40.017034,-79.831414,medium
minneapolis / st paul,2009.0,toyota,venza,gas,97642.0,rebuilt,automatic,mn,45.30052,-92.970287,medium
ft myers / SW florida,2019.0,lincoln,mkc reserve sport,gas,16561.0,clean,other,fl,26.63,-81.85,high
phoenix,2003.0,ford,f-250,diesel,220860.0,clean,automatic,az,33.534798,-112.180236,medium
colorado springs,2000.0,ford,super duty,diesel,170000.0,clean,automatic,co,38.839387,-105.058136,medium
los angeles,2013.0,audi,s5,gas,108000.0,clean,automatic,ca,33.9218,-118.1395,medium
yakima,2010.0,jeep,wrangler,gas,84602.0,clean,automatic,wa,47.81247,-122.32164,high
oklahoma city,2016.0,mini,cooper countryman s all4,gas,39816.0,clean,automatic,ok,37.710584,-97.209255,medium
new river valley,2017.0,toyota,tacoma access cab sr,gas,22820.0,clean,other,va,37.12,-80.55,high
sarasota-bradenton,2005.0,mazda,b2300,gas,115237.0,clean,automatic,fl,27.329701,-82.530265,low
medford-ashland,2010.0,jeep,grand cherokee laredo,gas,157600.0,clean,automatic,or,42.402459,-122.855755,medium
oregon coast,2004.0,toyota,tacoma,gas,117357.0,clean,automatic,or,44.05278,-123.128308,medium
austin,2012.0,nissan,rogue,gas,131581.0,clean,automatic,tx,30.473225,-97.68912,low
fort dodge,2008.0,ford,f350 work truck,diesel,192337.0,clean,automatic,ia,42.6609,-93.9049,medium
charlotte,2006.0,other,pontaic g6,gas,177400.0,clean,automatic,nc,35.254703,-80.836372,low
monroe,2019.0,infiniti,qx60 luxe,gas,20000.0,clean,automatic,la,32.513345,-92.113044,high
dallas / fort worth,2001.0,chevrolet,tahoe 4x4,gas,265736.0,clean,automatic,tx,33.4235,-96.3398,low
boston,2017.0,toyota,camry le,gas,45000.0,clean,automatic,ma,42.6496,-71.1565,medium
bend,2019.0,volvo,v90,gas,27147.0,clean,automatic,or,44.114947,-121.292667,low
monroe,2016.0,chevrolet,equinox,gas,117905.0,clean,automatic,mi,43.1824,-84.1122,medium
central michigan,2018.0,chrysler,300 limited sedan 4d,gas,42786.0,clean,other,mi,42.7,-84.55,high
orlando,2017.0,toyota,camry,gas,80000.0,clean,automatic,fl,28.623511,-81.424693,medium
orlando,2012.0,mazda,mazda3,gas,149366.0,clean,manual,fl,28.478567,-81.396692,low
hudson valley,2015.0,kia,soul plus,gas,73000.0,clean,automatic,ny,41.3917,-73.4532,medium
inland empire,2015.0,hyundai,elantra,gas,68000.0,clean,automatic,ca,33.4983,-117.0958,low
salt lake city,1997.0,other,gmc/chev c3500hd bucket boom,diesel,44000.0,clean,automatic,ut,37.3729,-121.856,medium
syracuse,2005.0,buick,lacrosse cxl 4dr sedan,gas,197000.0,clean,automatic,ny,43.018047,-76.141733,low
wilmington,2019.0,dodge,challenger sxt coupe 2d,gas,43062.0,clean,other,nc,34.21,-77.91,high
redding,2016.0,dodge,jouney,gas,98009.0,clean,automatic,ca,40.450919,-122.300934,medium
detroit metro,2018.0,ford,escape awd,gas,107716.0,clean,automatic,mi,42.4337,-83.0434,medium
grand rapids,2016.0,ford,fusion,gas,68110.0,clean,automatic,mi,42.449125,-85.669529,medium
odessa / midland,2009.0,chevrolet,silverado 3500hd,diesel,97000.0,clean,automatic,tx,31.861454,-102.343971,high
orlando,2011.0,ford,e350,gas,163000.0,clean,automatic,fl,33.8206,-84.3549,medium
hudson valley,2004.0,honda,civic lx,gas,167655.0,clean,automatic,ny,41.5372,-74.0526,low
kalamazoo,2011.0,dodge,durango,gas,168000.0,clean,automatic,mi,42.316052,-85.188374,medium
missoula,2017.0,hyundai,santa fe,gas,42056.0,clean,automatic,mt,46.236301,-114.154659,high
lakeland,2013.0,ford,f-350,other,184691.0,clean,automatic,fl,28.00853,-82.45974,high
mohave county,2003.0,chevrolet,avalanche 4x4,gas,174000.0,clean,automatic,az,34.4814,-114.3483,medium
houston,2014.0,toyota,tundra limited,gas,999.0,clean,automatic,tx,29.714423,-95.644677,high
western massachusetts,2017.0,gmc,acadia sle-1 sport utility,gas,48959.0,clean,other,ma,42.11,-72.53,medium
springfield,2017.0,jeep,wrangler unlimited sport,gas,34703.0,clean,other,il,39.78,-89.64,high
wichita,2020.0,ford,explorer,gas,27130.0,clean,automatic,ks,38.990868,-95.233358,high
jacksonville,2005.0,chevrolet,silverado 1500 ls ext. cab long bed 4wd 4-speed au,gas,153544.0,clean,automatic,fl,30.127548,-81.792056,medium
charlottesville,2015.0,cadillac,srx luxury collection,other,57304.0,clean,other,va,38.03,-78.48,high
flint,2007.0,chrysler,300,gas,94603.0,clean,automatic,mi,43.1824,-84.1122,low
las vegas,2016.0,gmc,sierra 1500,gas,27368.0,clean,automatic,nv,36.143249,-115.226909,high
lansing,2009.0,chevrolet,malibu lt,gas,127968.0,clean,automatic,mi,42.7008,-84.549,low
buffalo,2016.0,chevrolet,sonic,gas,76000.0,clean,automatic,ny,43.04223,-78.88114,low
south florida,2018.0,ford,fusion energi,other,37535.0,clean,automatic,fl,26.251909,-80.208929,high
winston-salem,2009.0,bmw,328i,gas,107290.0,clean,automatic,nc,36.051287,-79.399078,low
austin,2009.0,nissan,sentra s,gas,78180.0,clean,automatic,tx,30.959988,-97.531701,low
buffalo,2013.0,nissan,rogue,gas,65000.0,clean,automatic,ny,42.944115,-78.677566,medium
cincinnati,2015.0,volkswagen,golf sportwagen tdi s,gas,49203.0,clean,automatic,oh,39.09,-84.51,medium
albuquerque,2015.0,bmw,i3 hatchback 4d,other,23894.0,clean,other,nm,35.11,-106.62,medium
lafayette / west lafayette,2019.0,mini,countryman cooper se all4,gas,21246.0,clean,automatic,in,40.41,-86.87,high
rhode island,2007.0,toyota,rav4 fwd,gas,160000.0,clean,automatic,ri,41.8541,-71.4378,low
akron / canton,2006.0,jeep,mariner,gas,62000.0,clean,manual,oh,40.9637,-81.4211,low
greensboro,2007.0,other,scion tc,gas,119000.0,clean,automatic,nc,36.099867,-79.891813,low
la crosse,2018.0,alfa-romeo,romeo stelvio ti sport,gas,16493.0,clean,other,wi,43.82,-91.23,high
roseburg,2015.0,ford,super duty f-250 srw,gas,132291.0,clean,automatic,or,47.81247,-122.32164,high
moses lake,2017.0,ford,f150 xlt xtr 4x4 half ton,gas,30524.0,clean,automatic,wa,46.234838,-119.128015,high
phoenix,2004.0,other,E46 330ci,gas,60000.0,salvage,manual,az,33.683095,-111.97197,low
lincoln,2012.0,mercedes-benz,glk-class,gas,85980.0,clean,automatic,ne,39.0299,-96.8396,medium
redding,2019.0,ram,2500 4wd,diesel,46432.0,clean,automatic,ca,39.748325,-122.197907,high
lincoln,2016.0,dodge,challenger,gas,65122.0,salvage,automatic,ne,40.8233,-96.6766,high
san luis obispo,2010.0,dodge,grand caravan,gas,129000.0,clean,automatic,ca,35.4754,-120.6638,low
yakima,2016.0,ford,escape,gas,89824.0,clean,automatic,wa,46.567948,-120.485788,medium
pittsburgh,2008.0,other,Saab 9-7X,gas,106006.0,clean,automatic,pa,39.905181,-79.727095,low
south bend / michiana,2007.0,honda,cr-v,gas,145832.0,clean,automatic,in,41.66553,-86.249468,low
fayetteville,2004.0,lexus,gx 470,gas,148895.0,clean,automatic,nc,35.5068,-78.3479,medium
tucson,2012.0,chevrolet,equinox,gas,102450.0,clean,automatic,az,32.260949,-110.96056,low
long island,2005.0,toyota,highlander,gas,139123.0,clean,automatic,ny,40.8143,-73.3634,low
orange county,2010.0,hyundai,sonata,gas,95000.0,clean,automatic,ca,33.6829,-117.8298,low
new orleans,2013.0,volkswagen,jetta,gas,41232.0,clean,automatic,la,29.993717,-90.181751,medium
akron / canton,2018.0,bmw,x6 xdrive35i sport utility,other,23725.0,clean,manual,oh,41.08,-81.52,high
chicago,2008.0,jeep,patriot,gas,1.0,clean,manual,il,41.622595,-87.633814,low
milwaukee,2014.0,ram,promaster 1500 136 wb,gas,118968.0,clean,automatic,wi,42.3542,-87.8651,medium
columbia / jeff city,2021.0,chevrolet,silverado 1500,gas,14.0,clean,automatic,mo,38.382623,-93.77344,high
houston,2008.0,infiniti,g35,gas,160000.0,clean,automatic,tx,29.6601,-95.2258,low
east oregon,2020.0,ram,2500 laramie cummins,diesel,12751.0,,automatic,or,47.717677,-117.411665,low
ventura county,2010.0,audi,s5,gas,98175.0,clean,automatic,ca,38.59448,-121.26603,medium
bozeman,1999.0,audi,a6 quattro,gas,255000.0,clean,automatic,mt,45.8811,-111.5436,low
cleveland,2008.0,nissan,altima sport,gas,93814.0,clean,automatic,oh,41.353202,-82.019647,low
binghamton,2004.0,toyota,tacoma,gas,227500.0,clean,automatic,ny,42.146,-76.088,low
tucson,2019.0,chevrolet,silverado 2500 ltz,other,23958.0,clean,automatic,az,33.396353,-111.954863,high
winchester,2013.0,ford,f 150 xl super cab,gas,155271.0,clean,automatic,va,39.587886,-78.249312,medium
daytona beach,,other,Transit Cargo Van,gas,567.0,clean,automatic,fl,29.04624,-80.934561,high
north jersey,2018.0,ford,explorer,gas,42788.0,clean,automatic,nj,40.990965,-74.347378,high
hawaii,2019.0,toyota,sienna le fwd 8-passenger (natl),,18762.0,clean,automatic,hi,21.344376,-157.896975,high
kennewick-pasco-richland,2018.0,chevrolet,silverado duramax hd,diesel,50689.0,clean,automatic,wa,46.234838,-119.128015,high
ventura county,2004.0,toyota,tacoma,gas,283466.0,clean,automatic,ca,34.171896,-119.229555,low
bozeman,2017.0,ram,2500,gas,113344.0,clean,manual,mt,45.735902,-111.184215,high
east idaho,2017.0,ram,1500 express 4x4 gas,gas,18641.0,clean,automatic,id,43.61974,-116.29469,high
long island,2012.0,honda,fit,gas,169000.0,clean,manual,ny,40.6842,-73.4171,low
yuba-sutter,2015.0,volkswagen,beetle - new tires - leather and heated seats -,gas,95674.0,clean,automatic,ca,38.5892,-121.4057,medium
erie,2015.0,chevrolet,equinox ls awd,gas,134697.0,clean,automatic,pa,42.1109,-80.1534,medium
santa barbara,2018.0,acura,rdx technology and,gas,30386.0,clean,other,ca,33.779214,-84.411811,high
odessa / midland,2013.0,other,International Crew cab,diesel,46413.0,clean,manual,tx,33.435423,-112.101231,high
rochester,2009.0,kia,rio,gas,64000.0,clean,automatic,ny,43.1685,-77.6845,low
nashville,2008.0,chevrolet,silverado 1500,gas,190800.0,clean,automatic,tn,35.6156,-87.038,low
syracuse,2017.0,gmc,savana cargo van,other,42763.0,clean,automatic,ny,43.220454,-77.819038,high
champaign urbana,2008.0,ford,ranger sport,gas,180000.0,clean,automatic,il,40.120599,-88.203049,low
erie,2011.0,chevrolet,equinox,gas,121205.0,clean,automatic,pa,41.8018,-81.048149,low
danville,2013.0,gmc,sierra,gas,121000.0,clean,automatic,va,35.8713,-80.0913,high
beaumont / port arthur,2014.0,toyota,tundra crewmax sr5 pickup,other,55251.0,clean,other,tx,30.08,-94.14,high
pittsburgh,2020.0,infiniti,qx60 luxe sport utility,other,8140.0,clean,other,pa,40.43,-79.97,high
rhode island,2013.0,audi,a4,gas,96947.0,clean,automatic,ri,42.857322,-71.281917,medium
oklahoma city,2011.0,honda,accord crosstour ex-l awd,gas,163950.0,clean,automatic,ok,35.636599,-97.489693,low
baltimore,2008.0,honda,accord ex,gas,150000.0,clean,automatic,md,39.2856,-76.6899,low
dallas / fort worth,2000.0,ford,excursion limited,gas,180000.0,clean,automatic,tx,32.8958,-96.8588,low
fargo / moorhead,1986.0,pontiac,fiero 2m4,gas,40000.0,clean,automatic,mn,46.8677,-96.7572,low
"washington, DC",2001.0,jeep,grand cherokee limited,gas,164970.0,,automatic,dc,38.217782,-77.50965,low
oklahoma city,2010.0,chevrolet,camaro ss coupe 2d,gas,50570.0,clean,other,ok,35.46,-97.51,high
poconos,2003.0,ram,2500,diesel,283466.0,clean,manual,pa,40.9877,-75.2485,medium
altoona-johnstown,2017.0,bmw,3 series 340i sedan 4d,gas,19366.0,clean,automatic,pa,40.5,-78.4,high
salem,2012.0,kia,sedona,gas,118144.0,clean,automatic,or,44.9225,-123.32,low
eastern CT,2002.0,mercedes-benz,benz clk 430,gas,154999.0,rebuilt,other,ct,41.4622,-72.1126,low
"washington, DC",2018.0,honda,accord touring sedan 4d,other,13576.0,clean,other,dc,38.89,-77.03,high
western massachusetts,1976.0,dodge,truck d100,gas,138368.0,clean,manual,ma,42.1762,-72.3288,low
louisville,2015.0,bmw,6 series 650i convertible 2d,other,33456.0,clean,other,ky,38.22,-85.74,high
rochester,1998.0,honda,odyssey minivan,gas,198000.0,clean,automatic,mn,44.0496,-92.4896,low
eugene,2011.0,chevrolet,equinox,gas,130151.0,clean,automatic,or,45.382346,-122.605132,medium
greenville / upstate,2018.0,toyota,tundra,gas,45605.0,clean,automatic,sc,34.9352,-81.9654,high
richmond,2015.0,dodge,dart,gas,88798.0,clean,manual,va,38.2481,-77.4681,low
southern maryland,2016.0,chevrolet,silverado,gas,109000.0,lien,automatic,md,38.6955,-76.6061,high
springfield,2008.0,chevrolet,cobalt lt coupe,gas,158000.0,clean,automatic,mo,37.06318,-93.3087,low
south florida,2008.0,infiniti,g37,gas,95000.0,rebuilt,automatic,fl,26.3464,-80.1564,low
boulder,2020.0,cadillac,xt4 premium luxury,gas,14266.0,clean,other,co,40.02104,-105.26465,high
northwest GA,2016.0,toyota,tacoma double cab sr5,other,30176.0,clean,other,ga,34.92,-85.25,high
sierra vista,2011.0,chevrolet,tahoe ltz,other,128689.0,clean,automatic,az,32.235669,-110.864815,medium
potsdam-canton-massena,2014.0,subaru,xv crosstrek 2.0i limited,gas,104385.0,clean,automatic,ny,44.760849,-73.956699,medium
fredericksburg,2010.0,nissan,frontier,gas,160000.0,clean,automatic,va,38.357302,-77.514186,medium
north central FL,2019.0,ford,edge se suv,gas,22160.0,clean,automatic,fl,29.802715,-82.529335,medium
central NJ,2012.0,mercedes-benz,benz ml350,diesel,155000.0,clean,automatic,nj,40.6354,-74.2556,medium
austin,2019.0,lincoln,mkz reserve i sedan 4d,gas,10916.0,clean,other,tx,30.26,-97.74,high
sacramento,2011.0,bmw,3 series,gas,114295.0,clean,automatic,ca,38.61508,-121.271713,low
missoula,2019.0,ford,explorer limited 4x4 gas,gas,23377.0,clean,automatic,mt,47.65613,-117.236949,high
san diego,2018.0,cadillac,xt5,gas,36384.0,clean,automatic,ca,33.164373,-117.240271,high
rockford,1992.0,toyota,pickup,gas,75000.0,clean,manual,il,42.2166,-89.0512,medium
"washington, DC",2006.0,mazda,3,gas,110000.0,clean,automatic,dc,39.04,-77.0444,low
cincinnati,2018.0,bmw,7 series 750i xdrive sedan,gas,34049.0,clean,other,oh,39.09,-84.51,high
sheboygan,2017.0,bmw,x5 xdrive35d sport utility,other,48655.0,clean,other,wi,43.7,-87.74,high
dallas / fort worth,2014.0,jeep,wrangler,gas,71000.0,clean,automatic,tx,32.416441,-95.354847,high
charlotte,2016.0,toyota,scion tc,gas,95674.0,clean,manual,nc,35.589154,-80.832039,medium
wyoming,2019.0,ford,f350 crew cab 4x4 flat bed,gas,18671.0,clean,automatic,wy,42.7178,-114.5012,high
portland,2015.0,bmw,6 series 640i gran coupe,gas,71853.0,clean,automatic,or,45.387624,-122.610827,high
new hampshire,2015.0,bmw,x5,gas,58415.0,clean,automatic,nh,42.756205,-71.210258,high
long island,2015.0,lexus,nx,gas,60129.0,clean,automatic,ny,40.845787,-73.265338,medium
plattsburgh-adirondacks,2016.0,mitsubishi,fuso fe180,diesel,33474.0,clean,automatic,ny,40.468785,-74.281707,high
detroit metro,2017.0,ram,1500,gas,40575.0,clean,automatic,mi,42.66029,-83.40542,high
madison,2018.0,cadillac,cts sedan 4d,gas,70471.0,clean,other,wi,43.07,-89.38,high
des moines,2013.0,chevrolet,equinox,gas,134830.0,clean,automatic,ia,41.637128,-93.700064,low
the thumb,2009.0,chevrolet,malibu,gas,152796.0,clean,automatic,mi,43.1824,-84.1122,low
gainesville,2009.0,chrysler,300,gas,128000.0,clean,automatic,fl,29.770834,-82.283186,low
colorado springs,2020.0,jeep,gladiator,gas,75.0,clean,automatic,co,38.815698,-104.832238,high
ft myers / SW florida,2012.0,jeep,grand cherokee,gas,116079.0,clean,,fl,26.49896,-81.81938,medium
los angeles,2012.0,acura,tsx,gas,116590.0,clean,automatic,ca,33.85943,-118.003741,medium
greensboro,2016.0,ford,f150 supercrew fx4 4x4,gas,119898.0,clean,automatic,nc,36.027233,-79.819574,high
milwaukee,2014.0,honda,cr-v,gas,93975.0,,automatic,wi,43.176636,-88.023648,medium
norfolk / hampton roads,2013.0,honda,crv ex-l awd,gas,100544.0,clean,automatic,va,36.8881,-76.1446,medium
lehigh valley,2008.0,ford,f-550,diesel,70740.0,clean,automatic,pa,40.894535,-74.152367,medium
richmond,2010.0,subaru,impreza,gas,132089.0,clean,automatic,va,38.2481,-77.4681,low
north jersey,2014.0,bmw,535i,gas,112336.0,clean,automatic,nj,40.81603,-73.46397,medium
eau claire,1993.0,chevrolet,grumman,gas,175000.0,clean,automatic,wi,44.861522,-91.445847,low
worcester / central MA,2013.0,other,Suzuki SFV650,gas,6453.0,clean,other,ma,42.33593,-71.54233,low
myrtle beach,2020.0,infiniti,q50 3.0t luxe sedan 4d,other,21812.0,clean,other,sc,33.69,-78.89,high
jonesboro,2019.0,ram,2500,diesel,41172.0,clean,automatic,ar,36.058573,-91.900284,high
omaha / council bluffs,1999.0,gmc,yukon slt 4x4,gas,133000.0,clean,automatic,ia,41.371899,-96.152653,low
kennewick-pasco-richland,2021.0,mitsubishi,outlander sport 2.0,gas,9.0,clean,automatic,wa,45.38845,-122.610757,high
san diego,2010.0,chevrolet,equinox lt,gas,99650.0,clean,automatic,ca,32.685248,-117.040478,low
anchorage / mat-su,2019.0,honda,accord,gas,6824.0,clean,manual,ak,61.176984,-149.86941,high
kennewick-pasco-richland,2019.0,subaru,crosstrek,gas,30381.0,rebuilt,automatic,wa,46.2522,-119.288,medium
visalia-tulare,2017.0,chevrolet,colorado extended cab,gas,22120.0,clean,other,ca,36.4,-119.38,high
wichita falls,2011.0,ram,dakota,gas,98979.0,clean,automatic,tx,33.219733,-98.165417,medium
statesboro,2012.0,toyota,camry,gas,64950.0,clean,automatic,ga,34.0025,-84.4633,medium
columbia,2007.0,ram,1500,gas,150614.0,clean,automatic,sc,34.1103,-81.1966,low
milwaukee,2014.0,ford,super duty f-550 drw,diesel,136250.0,clean,automatic,wi,40.468785,-74.281707,high
SF bay area,1970.0,jaguar,,gas,102489.0,clean,manual,ca,38.3847,-121.9887,high
east idaho,2015.0,gmc,sierra 2500hd available wifi,diesel,68080.0,clean,automatic,id,40.376357,-111.806112,high
eugene,2008.0,mazda,cx-7,gas,131374.0,clean,automatic,or,44.05294,-123.11188,low
sarasota-bradenton,2012.0,mercedes-benz,e-class,gas,32057.0,clean,automatic,fl,27.299365,-82.513647,medium
billings,2012.0,hyundai,tucson,gas,117310.0,clean,automatic,mt,45.819032,-108.470189,medium
rockford,2012.0,nissan,rogue,gas,119021.0,clean,automatic,il,42.224548,-89.028197,medium
hawaii,2015.0,chevrolet,silverado 1500,gas,77453.0,clean,automatic,hi,21.3488,-157.8759,high
new hampshire,2010.0,honda,accord,gas,118000.0,clean,automatic,nh,43.188723,-71.504929,low
sacramento,2006.0,acura,tl,gas,139150.0,clean,automatic,ca,38.6707,-121.3781,low
charlotte,2012.0,ford,fusion se,gas,99000.0,clean,automatic,nc,35.548625,-81.082814,low
detroit metro,2004.0,honda,civic hybrid,gas,147390.0,clean,manual,mi,42.197416,-83.273364,low
texoma,2012.0,toyota,tacoma access cab pickup,gas,37725.0,clean,other,ok,33.75,-96.56,high
louisville,2017.0,jeep,wrangler unlimited rubicon,gas,20676.0,clean,other,ky,38.22,-85.74,high
flint,2000.0,other,Saab 9-3,gas,110592.0,clean,automatic,mi,43.047207,-83.28696,low
albuquerque,2012.0,lincoln,mkz,hybrid,134000.0,clean,automatic,nm,35.1506,-106.569,low
jackson,2013.0,ford,f150,gas,121079.0,clean,automatic,tn,35.172002,-89.943849,medium
tucson,2016.0,ram,2500 tradesman lifted 4wd cummins,diesel,75588.0,clean,automatic,az,33.396353,-111.954863,high
north jersey,2012.0,chevrolet,2500,gas,112000.0,clean,automatic,nj,40.855645,-74.632308,high
madison,2016.0,chevrolet,silverado 2500hd,gas,118898.0,clean,automatic,wi,44.741365,-90.485795,high
sarasota-bradenton,2008.0,pontiac,grand prix,gas,96864.0,clean,automatic,fl,27.298842,-82.524861,low
augusta,2011.0,chevrolet,malibu,gas,157200.0,clean,automatic,ga,33.3589,-82.0099,low
cleveland,1976.0,cadillac,fleetwood brougham,gas,85345.0,clean,automatic,oh,41.76067,-81.189947,medium
eastern NC,2000.0,cadillac,eldorado,gas,97000.0,clean,automatic,nc,34.7236,-76.7452,low
detroit metro,2007.0,chevrolet,equinox,gas,186579.0,clean,automatic,mi,42.42711,-83.283638,low
shreveport,2016.0,volkswagen,jetta 1.4t s sedan 4d,gas,35415.0,clean,other,la,33.7865,-84.4454,medium
visalia-tulare,2018.0,audi,a4 ultra premium sedan 4d,gas,24116.0,clean,other,ca,36.4,-119.38,high
jackson,2017.0,ford,escape s,gas,106730.0,,automatic,mi,42.300673,-84.024108,medium
tulsa,2015.0,chevrolet,silverado 1500,gas,76996.0,clean,automatic,ok,38.4018,-93.785,high
detroit metro,2011.0,volkswagen,jetta,gas,167100.0,clean,automatic,mi,43.1824,-84.1122,low
"st louis, MO",2012.0,chevrolet,silverado 2500hd,diesel,148122.0,clean,automatic,il,39.0012,-90.9624,high
binghamton,2010.0,chrysler,300,gas,133881.0,clean,automatic,ny,42.129842,-76.065839,low
reno / tahoe,2000.0,ford,f350 7.3l,diesel,187000.0,clean,manual,ca,39.6836,-119.864,medium
sacramento,2014.0,subaru,impreza sport awd,gas,169000.0,clean,automatic,ca,38.581598,-121.487675,low
la crosse,2002.0,ram,1500 4x4,gas,121000.0,rebuilt,automatic,wi,43.5667,-91.913,low
north jersey,2016.0,volkswagen,passat 4dr sdn 1.8t auto r-line pzev,,54477.0,clean,automatic,nj,40.821805,-74.061962,medium
odessa / midland,2014.0,ford,f250,diesel,161533.0,clean,automatic,tx,30.649697,-97.866554,high
milwaukee,2012.0,audi,a7 3.0t prestige quattro,gas,108953.0,clean,automatic,wi,44.8346,-91.5159,medium
nashville,2014.0,honda,accord,gas,116834.0,clean,automatic,tn,36.150429,-86.701409,medium
macon / warner robins,2014.0,bmw,5 series,diesel,78313.0,clean,automatic,ga,,,medium
twin falls,2005.0,nissan,titan crew cab,gas,219122.0,clean,automatic,id,42.6008,-114.7825,low
eugene,2005.0,toyota,camry le,gas,78215.0,clean,automatic,or,44.923356,-122.982387,low
charlotte,2020.0,ford,f150 regular cab xlt pickup,other,7575.0,clean,other,nc,35.19,-80.83,high
"kansas city, MO",2004.0,chevrolet,trailblazer,gas,179292.0,clean,automatic,ks,39.029278,-94.692924,low
corpus christi,2014.0,ford,explorer,gas,118083.0,clean,automatic,tx,27.65787,-97.479816,medium
hickory / lenoir,1989.0,volvo,,gas,153000.0,clean,automatic,nc,35.7346,-81.7042,low
raleigh / durham / CH,2013.0,subaru,xv crosstrek premium,gas,57371.0,clean,other,nc,35.82,-78.65,medium
palm springs,2008.0,nissan,sentra,gas,130000.0,clean,automatic,ca,33.7532,-116.2676,low
albuquerque,2006.0,ford,f250 super duty,diesel,262000.0,salvage,automatic,nm,34.969253,-106.630982,medium
buffalo,2018.0,bmw,x5 xdrive40e iperformance,hybrid,24235.0,clean,automatic,ny,42.88,-78.85,high
iowa city,2007.0,chrysler,sebring,gas,57000.0,clean,automatic,ia,41.6355,-91.5016,low
columbia / jeff city,2004.0,honda,odyssey,gas,283466.0,clean,automatic,mo,38.05708,-91.401701,low
columbus,2007.0,ford,expedition,gas,139047.0,clean,automatic,oh,40.144587,-84.109144,low
portland,2010.0,ford,super duty f-250 srw,diesel,119030.0,clean,automatic,or,45.496521,-122.631949,high
richmond,1988.0,other,Comanche pioneer,gas,114602.0,clean,automatic,va,37.403173,-77.663319,low
tulsa,2017.0,bmw,2 series m240i coupe 2d,other,20713.0,clean,other,ok,36.12,-95.91,high
lansing,2016.0,kia,sorento ex sport utility 4d,other,43156.0,clean,automatic,mi,42.7,-84.55,medium
norfolk / hampton roads,2008.0,hyundai,tucson,gas,147925.0,clean,automatic,va,36.86981,-76.22502,low
seattle-tacoma,2014.0,chevrolet,silverado 1500 crew cab,other,82179.0,rebuilt,automatic,wa,46.2522,-119.288,medium
hartford,2014.0,ford,super duty f-450 drw,gas,42213.0,clean,automatic,ct,40.468785,-74.281707,high
knoxville,2010.0,chevrolet,malibu,gas,,clean,automatic,tn,36.048228,-83.952543,low
harrisonburg,2013.0,dodge,dart rallye,gas,74185.0,lien,manual,va,38.1574,-79.0651,low
fayetteville,2009.0,lexus,rx 350,gas,98123.0,clean,automatic,nc,35.5068,-78.3479,medium
eugene,2015.0,acura,tlx,gas,45940.0,clean,automatic,or,45.382346,-122.605132,high
dallas / fort worth,2016.0,dodge,challenger,gas,46919.0,clean,automatic,tx,32.840011,-97.225295,high
knoxville,2016.0,honda,cr-v,gas,75119.0,clean,automatic,tn,,,medium
buffalo,2018.0,ford,super duty f-350 drw,diesel,177641.0,clean,automatic,ny,40.833834,-81.338867,high
st cloud,2020.0,other,Xx,other,12345.0,clean,other,mn,45.541,-94.1819,low
"washington, DC",2015.0,audi,a6,gas,95791.0,clean,automatic,dc,38.759388,-77.454182,medium
harrisburg,2010.0,ford,focus se,gas,107000.0,clean,automatic,pa,40.476,-76.894,low
victoria,2018.0,jeep,wrangler unlimited all new,other,13992.0,clean,other,tx,28.82,-96.98,high
poconos,2016.0,jeep,wrangler unlimited sahara,other,43644.0,clean,other,pa,41.11,-75.45,high
norfolk / hampton roads,2012.0,kia,optima lx,gas,151000.0,clean,automatic,va,36.765,-76.227779,low
sierra vista,2009.0,lexus,ls 460,gas,99915.0,clean,automatic,az,32.235669,-110.864815,medium
merced,2017.0,bmw,4 series 440i xdrive gran,gas,49355.0,clean,automatic,ca,33.779214,-84.411811,high
akron / canton,2016.0,ford,transit connect,gas,17908.0,clean,automatic,oh,41.24643,-81.35853,high
williamsport,2019.0,ford,f250 super duty regular cab,other,9313.0,clean,other,pa,41.23,-77.03,high
baltimore,2007.0,volvo,xc90,gas,147000.0,clean,manual,md,39.3429,-76.5448,low
milwaukee,2016.0,honda,accord sedan,gas,92170.0,clean,automatic,wi,43.302071,-88.376508,medium
cleveland,2006.0,ford,f 250 super duty lariat,diesel,152000.0,clean,automatic,oh,41.6046,-81.4692,medium
des moines,2009.0,gmc,sierra,gas,141657.0,clean,automatic,ia,41.970512,-91.669785,medium
fayetteville,2012.0,nissan,murano sv,other,83162.0,clean,automatic,ar,36.004709,-94.284022,medium
los angeles,1998.0,honda,,gas,150000.0,clean,automatic,ca,34.1672,-118.3989,low
greenville / upstate,2002.0,chrysler,town and country,other,1.0,clean,automatic,sc,34.20432,-84.13759,low
tucson,2012.0,ram,pickup 2500,gas,158510.0,clean,automatic,az,32.260949,-110.96056,high
tulsa,2011.0,nissan,quest 3.5le,gas,131665.0,clean,automatic,ok,36.5929,-94.7565,medium
kennewick-pasco-richland,2019.0,chevrolet,silverado deisel 3500,diesel,29987.0,clean,automatic,wa,46.234838,-119.128015,high
greensboro,2014.0,jeep,wrangler unlimited sport,gas,70817.0,clean,automatic,nc,36.238102,-79.978967,high
pueblo,2004.0,ford,ranger,gas,156969.0,clean,,co,38.298339,-104.616024,low
south jersey,2007.0,bmw,328i,gas,115085.0,clean,automatic,nj,40.40825,-74.372882,low
yuba-sutter,2012.0,nissan,altima,gas,145000.0,clean,automatic,ca,39.1038,-121.6474,low
southwest KS,2018.0,buick,encore premium,gas,42232.0,clean,automatic,ks,36.797161,-98.686752,medium
kennewick-pasco-richland,2015.0,ford,super duty f-250 srw,gas,132291.0,clean,automatic,wa,47.81247,-122.32164,high
olympic peninsula,2015.0,ford,super duty f-350 srw,diesel,121033.0,clean,automatic,wa,47.81247,-122.32164,high
flagstaff / sedona,2010.0,lexus,rx,gas,124774.0,clean,automatic,az,34.728066,-112.019379,medium
rochester,2004.0,chevrolet,silverado 1500,gas,104821.0,clean,automatic,ny,43.1964,-76.9152,medium
bellingham,2017.0,subaru,outback,gas,33118.0,clean,automatic,wa,48.756909,-122.452132,high
eugene,2012.0,toyota,highlander,gas,138361.0,clean,automatic,or,45.51796,-122.57857,medium
rhode island,2006.0,honda,pilot ex-l,gas,225320.0,clean,automatic,ri,41.531378,-71.421432,low
san antonio,2018.0,mitsubishi,outlander sport es 2.0 cvt,,25655.0,clean,automatic,tx,29.529409,-98.496166,medium
san antonio,2013.0,chrysler,200,gas,107063.0,clean,automatic,tx,29.358741,-98.560407,low
ocala,2017.0,mitsubishi,mirage,gas,74751.0,clean,automatic,fl,29.188875,-82.140901,low
fort collins / north CO,2011.0,mazda,3i touring,gas,113750.0,clean,automatic,co,40.5813,-105.1039,low
rochester,2011.0,ford,f-150,gas,188000.0,clean,automatic,ny,43.174,-77.5637,low
ft myers / SW florida,2017.0,lincoln,navigator l select sport,gas,28475.0,clean,automatic,fl,26.63,-81.85,high
new york city,2008.0,volkswagen,r32,gas,101000.0,clean,automatic,ny,40.9231,-73.8299,medium
eugene,1992.0,toyota,land cruiser hdj81 - 80 series,diesel,180000.0,,automatic,or,32.7939,-96.8319,high
the thumb,2015.0,honda,odyssey,gas,22082.0,clean,automatic,mi,43.1824,-84.1122,high
hudson valley,2012.0,subaru,impreza,gas,160000.0,clean,automatic,ny,41.595,-73.8876,low
hawaii,2007.0,mercedes-benz,ml350 ml 350,gas,30515.0,clean,automatic,hi,21.403933,-157.980453,medium
bakersfield,2002.0,mercedes-benz,benz ml320,gas,131000.0,clean,automatic,ca,34.04941,-117.624686,low
rochester,2012.0,nissan,rogue,gas,79433.0,clean,automatic,ny,43.175284,-77.518164,low
south jersey,2013.0,nissan,murano,gas,149306.0,clean,automatic,nj,39.829891,-75.125281,low
indianapolis,2010.0,nissan,titan,gas,169564.0,clean,automatic,in,39.684448,-86.133435,medium
greenville / upstate,2018.0,jeep,renegade,gas,42544.0,clean,automatic,sc,34.9352,-81.9654,medium
new hampshire,2015.0,lincoln,mkc,gas,101449.0,clean,automatic,nh,42.765709,-71.235073,medium
minneapolis / st paul,2009.0,nissan,altima coupe se 3.5l v6,gas,148000.0,clean,automatic,mn,45.089564,-93.45327,low
green bay,2003.0,ford,ranger,gas,127700.0,clean,other,wi,44.405015,-88.811252,low
colorado springs,2006.0,volkswagen,beetle tdi,diesel,208998.0,clean,automatic,co,38.909638,-104.785056,low
tucson,2011.0,toyota,prius,gas,150000.0,clean,automatic,az,32.3472,-111.0419,low
bakersfield,2005.0,hyundai,tucson,gas,160083.0,clean,automatic,ca,34.34568,-119.072296,low
parkersburg-marietta,2011.0,gmc,canyon,gas,72747.0,clean,manual,oh,39.748631,-82.660598,medium
"kansas city, MO",2013.0,ford,f150,gas,178576.0,clean,automatic,ks,39.017216,-94.696677,medium
louisville,2017.0,gmc,yukon denali,gas,63495.0,clean,automatic,ky,38.1381,-85.6953,high
new haven,2006.0,nissan,titan,gas,213165.0,clean,automatic,ct,41.582861,-73.037706,medium
little rock,2016.0,mazda,mx-5 miata,gas,12525.0,clean,automatic,ar,38.4018,-93.785,high
charleston,1998.0,other,Pierce Model Tilt Cab,diesel,156623.0,clean,automatic,wv,37.1952,-78.1961,medium
mankato,2012.0,dodge,grand caravan sxt,gas,107.0,clean,automatic,mn,43.696275,-93.721104,low
stockton,2013.0,ford,e-series cargo e-150,other,126175.0,clean,automatic,ca,37.797142,-121.230484,medium
houston,2015.0,kia,optima gdi,gas,128000.0,clean,automatic,tx,29.79028,-95.404716,low
reno / tahoe,2016.0,hyundai,accent,gas,78543.0,clean,automatic,nv,39.179138,-119.725304,medium
minneapolis / st paul,1999.0,chrysler,sebring convertible,gas,98000.0,clean,automatic,mn,45.348702,-93.233496,low
wichita,2019.0,ram,rebel,gas,45785.0,clean,automatic,ks,36.797711,-98.685207,high
bakersfield,2007.0,bmw,328i,gas,140000.0,salvage,automatic,ca,35.3729,-119.0001,low
finger lakes,2013.0,cadillac,cts,gas,70000.0,clean,automatic,ny,43.0777,-76.9896,medium
SF bay area,2017.0,infiniti,q50,gas,50468.0,clean,automatic,ca,37.6875,-122.4388,high
central michigan,2015.0,ford,super duty f-350 srw,gas,143783.0,clean,automatic,mi,43.34116,-85.81076,high
tallahassee,2013.0,ford,f-450,other,225804.0,clean,,fl,29.23086,-82.14915,high
jersey shore,2002.0,mitsubishi,eclipse gt,gas,69300.0,clean,automatic,nj,40.215625,-74.041607,low
el paso,2005.0,chevrolet,silverado,gas,158967.0,clean,automatic,tx,31.8045,-105.9661,low
charleston,2016.0,ford,transit cargo van,gas,93017.0,clean,automatic,wv,40.833834,-81.338867,high
san antonio,2015.0,ram,2500,diesel,195463.0,clean,automatic,tx,29.431138,-98.553186,high
fort collins / north CO,2015.0,toyota,prius two hatchback 4d,gas,86887.0,clean,other,co,40.55,-105.06,medium
"st louis, MO",2019.0,nissan,sentra,gas,90811.0,clean,,il,38.802269,-90.673649,medium
rochester,2011.0,volkswagen,jetta,gas,127435.0,clean,automatic,ny,43.195438,-77.6055,low
worcester / central MA,2008.0,honda,civic,gas,223215.0,clean,automatic,ma,41.915593,-72.61482,low
rhode island,2010.0,honda,civic,gas,157000.0,clean,automatic,ri,41.733605,-71.547921,low
gainesville,2017.0,chevrolet,impala lt,gas,55432.0,clean,automatic,fl,29.770834,-82.283186,low
scottsbluff / panhandle,2014.0,dodge,durango,gas,149508.0,clean,automatic,ne,40.09429,-104.81014,medium
south jersey,2016.0,other,Scion iM Hatchback 4D,gas,32573.0,clean,other,nj,39.46,-74.99,medium
anchorage / mat-su,2016.0,mercedes-benz,benz,gas,17567.0,clean,automatic,ak,61.166353,-149.847206,high
seattle-tacoma,2008.0,lexus,ls 460,gas,55700.0,clean,automatic,wa,46.983481,-122.3293,medium
new hampshire,2004.0,other,ROLLS ROYCE PHANTOM,gas,26000.0,clean,automatic,nh,42.756205,-71.210258,high
south florida,2006.0,toyota,corolla,gas,142000.0,clean,automatic,fl,26.1817,-80.1746,low
el paso,2006.0,chevrolet,suburban 2500,gas,44400.0,clean,automatic,tx,31.725922,-106.266589,medium
chicago,2008.0,mazda,cx-7,gas,177000.0,clean,automatic,il,41.813,-87.8236,low
nashville,2015.0,kia,rio,gas,111179.0,rebuilt,automatic,tn,36.118792,-86.748858,low
boston,2012.0,nissan,sentra,gas,133000.0,clean,automatic,ma,41.983481,-70.699794,low
detroit metro,2017.0,nissan,rogue,gas,46000.0,clean,automatic,mi,42.5991,-83.1789,medium
greensboro,2014.0,mercedes-benz,cls,gas,57406.0,clean,automatic,nc,,,high
anchorage / mat-su,2020.0,chevrolet,spark,gas,14517.0,clean,automatic,ak,61.56939,-149.35645,medium
tampa bay area,2008.0,rover,lr2 se,gas,95746.0,clean,automatic,fl,27.917,-82.8027,low
louisville,2006.0,chevrolet,tahoe,gas,157432.0,clean,automatic,ky,38.678459,-84.600891,medium
bozeman,2007.0,gmc,yukon slt,gas,197046.0,clean,automatic,mt,47.7989,-116.7423,low
minneapolis / st paul,2019.0,cadillac,cts sedan 4d,other,3204.0,clean,other,mn,45.034712,-93.049396,high
green bay,2018.0,ram,promaster cargo van,gas,105285.0,clean,automatic,wi,44.477555,-88.071556,high
san luis obispo,2017.0,audi,a4,gas,48349.0,clean,automatic,ca,35.283445,-120.658029,high
orange county,2008.0,infiniti,g37,gas,80000.0,clean,automatic,ca,33.604,-117.647,low
wilmington,2002.0,chevrolet,tahoe lt 4x4,gas,208265.0,clean,automatic,nc,33.987893,-78.390884,low
oklahoma city,2014.0,chrysler,300,gas,180513.0,clean,automatic,ok,35.435501,-97.518547,medium
boston,2016.0,toyota,4runner sr5 sport utility,other,64057.0,clean,other,ma,42.37,-71.11,high
central NJ,2009.0,chevrolet,silverado 1500,gas,181295.0,clean,automatic,nj,40.043135,-74.221945,medium
northwest GA,2016.0,kia,forte koup ex coupe 2d,gas,17631.0,clean,other,ga,34.92,-85.25,medium
little rock,2019.0,lexus,es,gas,18677.0,clean,automatic,ar,38.4018,-93.785,high
port huron,2017.0,ford,expedition xlt sport,gas,70760.0,clean,other,mi,43.01717,-82.45099,high
indianapolis,2018.0,volkswagen,jetta 1.4t s sedan 4d,gas,51500.0,clean,automatic,in,39.77,-86.14,medium
boise,2010.0,nissan,pathfinder se,gas,113371.0,clean,automatic,id,43.618804,-116.254921,medium
seattle-tacoma,2014.0,nissan,altima,gas,81745.0,clean,automatic,wa,47.313584,-122.225521,medium
atlanta,2009.0,chevrolet,tahoe,gas,140000.0,clean,automatic,ga,33.8879,-84.2905,medium
rapid city / west SD,2016.0,ford,f-150,gas,74182.0,clean,automatic,sd,44.0036,-103.3589,high
"kansas city, MO",2004.0,mercedes-benz,s500,gas,146083.0,clean,automatic,ks,38.943781,-94.436011,low
hartford,2007.0,chevrolet,tahoe ltz,gas,160777.0,clean,automatic,ct,41.579866,-72.723249,medium
dallas / fort worth,2018.0,toyota,tacoma access cab sr,other,28458.0,clean,other,tx,32.79,-96.76,high
charlotte,2011.0,ford,f150 stx,gas,202893.0,clean,automatic,nc,35.244,-80.7387,low
des moines,2005.0,dodge,dakota,gas,126864.0,rebuilt,automatic,ia,41.614356,-93.600567,medium
tampa bay area,2015.0,toyota,camry se,gas,100000.0,clean,automatic,fl,28.0509,-82.6164,medium
boston,2008.0,mercedes-benz,350 clk convertible,gas,90000.0,clean,automatic,ma,42.713072,-70.90694,medium
akron / canton,2011.0,subaru,impreza wagon,gas,121998.0,clean,automatic,oh,41.117453,-81.349004,low
hartford,2018.0,jeep,grand cherokee,gas,53417.0,clean,automatic,ct,41.784114,-72.276023,high
maine,1974.0,other,plymouth roadrunner,gas,38913.0,clean,automatic,me,44.0948,-70.239,high
flagstaff / sedona,2017.0,ford,f-150,gas,51003.0,salvage,automatic,az,25.827103,-80.24152,medium
chico,2011.0,chrysler,town & country,gas,131254.0,clean,automatic,ca,39.022483,-121.612859,low
baltimore,2009.0,toyota,rav4,gas,139000.0,clean,automatic,md,40.0391,-76.4862,low
dallas / fort worth,2011.0,kia,sorento,gas,198734.0,clean,automatic,tx,32.856174,-96.672722,low
harrisburg,2016.0,ford,fusion,,95674.0,,,pa,41.26154,-78.70452,medium
indianapolis,2019.0,ford,super duty f-250,diesel,99178.0,clean,automatic,in,40.833834,-81.338867,high
norfolk / hampton roads,2014.0,toyota,camry,gas,108579.0,clean,automatic,va,,,medium
oklahoma city,2014.0,lexus,ls 460 sedan 4d,other,80984.0,clean,automatic,ok,35.46,-97.51,high
charlotte,2013.0,bmw,x5,gas,109485.0,clean,automatic,nc,36.142952,-80.081908,medium
seattle-tacoma,2010.0,chevrolet,silverado,gas,174000.0,clean,automatic,wa,47.4889,-122.3012,medium
tulsa,2017.0,lincoln,navigator,gas,83170.0,clean,automatic,ok,37.132515,-94.474498,high
sarasota-bradenton,2012.0,audi,a5,gas,104000.0,rebuilt,automatic,fl,27.0748,-82.1756,medium
orange county,2009.0,toyota,camry hybrid,hybrid,122200.0,clean,automatic,ca,33.6483,-117.9155,low
appleton-oshkosh-FDL,2014.0,nissan,juke,gas,72500.0,clean,automatic,wi,44.2425,-88.3564,medium
des moines,2018.0,chevrolet,silverado 1500 lt,gas,30958.0,salvage,automatic,ia,41.580333,-93.557746,high
south jersey,2005.0,dodge,dakota,gas,150000.0,clean,automatic,nj,39.665,-74.971,low
columbus,2008.0,bmw,3-series,gas,131343.0,clean,manual,oh,40.064137,-82.998073,low
buffalo,2013.0,mini,roadster cooper s 2d,diesel,72800.0,clean,automatic,ny,42.88,-78.85,medium
tampa bay area,2010.0,jeep,grand cherokee,gas,115602.0,clean,automatic,fl,27.788266,-82.677461,high
northwest KS,2015.0,gmc,sierra 1500 crew cab slt,gas,35023.0,clean,other,ks,38.96,-95.25,high
albuquerque,2017.0,volkswagen,tiguan limited 2.0t,gas,22884.0,clean,other,nm,35.11,-106.62,medium
worcester / central MA,2008.0,chrysler,aspen limited,gas,115853.0,clean,automatic,ma,42.2541,-71.7746,low
long island,2018.0,jeep,grand cherokee,gas,32763.0,clean,automatic,ny,40.668604,-73.4094,high
baltimore,2014.0,ford,f-250 super duty,gas,4202.0,clean,automatic,md,39.115711,-76.892291,high
central NJ,2004.0,jeep,grand cherokee,gas,243000.0,clean,automatic,nj,40.2507,-74.0486,low
springfield,2011.0,ford,fusion se,other,94652.0,clean,automatic,mo,37.204246,-93.227256,low
flagstaff / sedona,1989.0,chevrolet,corvette,gas,147000.0,clean,manual,az,35.0242,-110.6974,low
tucson,2013.0,kia,sorento sx,gas,138000.0,rebuilt,automatic,az,32.307395,-111.010323,low
buffalo,2014.0,honda,ridgeline rtl pickup 4d 5,gas,54066.0,clean,other,ny,42.88,-78.85,high
oregon coast,2016.0,ram,2500,diesel,95718.0,clean,automatic,or,44.083056,-123.153025,high
ocala,2014.0,nissan,nv2500hd,gas,114326.0,clean,automatic,fl,28.763821,-81.282651,medium
oklahoma city,2019.0,kia,forte lxs,gas,41240.0,clean,automatic,ok,35.51099,-97.599471,medium
palm springs,2011.0,buick,enclave cxl-1,gas,90412.0,clean,automatic,ca,33.745583,-116.361979,medium
southeast alaska,2011.0,ram,dakota,gas,31662.0,clean,automatic,ak,58.3628,-134.5294,high
pittsburgh,2018.0,toyota,tacoma trd 4x4,gas,62300.0,clean,automatic,pa,40.303011,-79.549259,high
pittsburgh,2009.0,chevrolet,impala lt,gas,98549.0,clean,automatic,pa,40.3234,-80.1879,low
"kansas city, MO",2016.0,chevrolet,malibu limited lt,other,35793.0,clean,other,ks,39.09,-94.58,medium
yuba-sutter,2011.0,mercedes-benz,glk-class,gas,143062.0,clean,automatic,ca,38.608933,-121.430188,low
bend,2016.0,chevrolet,silverado 3500hd ltz,diesel,179450.0,clean,automatic,or,47.81247,-122.32164,high
el paso,2014.0,ford,focus titanium hatchback,gas,46900.0,clean,automatic,tx,31.8048,-106.4568,low
spokane / coeur d'alene,1930.0,ford,tudor,gas,0.0,clean,automatic,id,48.432675,-122.339826,high
stockton,2017.0,chevrolet,silverado 1500 2wd,other,61600.0,clean,automatic,ca,38.610767,-121.422557,high
oklahoma city,2016.0,ford,f350 super duty,diesel,148000.0,clean,automatic,ok,35.1192,-97.6401,high
louisville,2008.0,ford,f450 xl,gas,79000.0,clean,automatic,ky,42.117249,-88.437229,high
south florida,2015.0,ford,escape,gas,98000.0,clean,automatic,fl,25.913009,-80.218463,low
albuquerque,2013.0,chevrolet,silverado 1500,gas,187300.0,clean,automatic,nm,35.004363,-106.049794,medium
fort collins / north CO,2016.0,acura,tlx 2.4 sedan 4d,gas,25393.0,clean,automatic,co,40.55,-105.06,medium
reading,1998.0,ford,f-150,gas,182780.0,clean,manual,pa,40.2075,-75.5329,low
denver,2004.0,chevrolet,silverado,gas,87600.0,salvage,automatic,co,39.6575,-104.7846,low
pittsburgh,2017.0,ram,1500 crew cab big horn,other,10193.0,clean,other,pa,40.43,-79.97,high
long island,1973.0,volkswagen,bus,gas,24600.0,clean,manual,ny,40.6842,-73.4171,medium
flint,2014.0,hyundai,sonata hybrid,hybrid,145908.0,clean,automatic,mi,43.0128,-83.6914,low
"kansas city, MO",2006.0,ford,escape limited,gas,200000.0,clean,automatic,ks,39.0123,-94.5938,low
sarasota-bradenton,2018.0,dodge,challenger,gas,38625.0,clean,automatic,fl,27.26977,-82.48229,high
spokane / coeur d'alene,2002.0,honda,civic coupe ex,gas,269000.0,clean,manual,id,47.6686,-117.3049,low
buffalo,2014.0,ford,f150 supercab 4x4,gas,127012.0,clean,automatic,ny,42.199377,-79.879103,medium
lima / findlay,2017.0,chrysler,pacifica,gas,84380.0,clean,automatic,oh,40.573231,-84.184755,medium
jackson,2003.0,honda,cr-v,gas,120000.0,clean,automatic,tn,36.8478,-88.6788,low
great falls,2002.0,buick,lesabre,gas,195000.0,clean,automatic,mt,47.88102,-111.033354,low
san antonio,2013.0,ford,,gas,200000.0,clean,automatic,tx,29.9796,-95.4625,medium
greensboro,2015.0,dodge,charger sxt,gas,1.0,clean,automatic,nc,36.12256,-80.070741,medium
visalia-tulare,2001.0,ford,mustang,gas,190000.0,clean,manual,ca,35.858725,-119.487547,medium
central michigan,2009.0,dodge,charger se,gas,82903.0,clean,automatic,mi,43.095332,-83.733785,medium
saginaw-midland-baycity,2009.0,chevrolet,impala,gas,112000.0,clean,automatic,mi,42.851055,-83.45119,low
skagit / island / SJI,2008.0,bmw,x3 xdrive30i,gas,95051.0,clean,other,wa,48.7542,-122.471,low
omaha / council bluffs,2014.0,other,GEHL R220,gas,398.0,clean,automatic,ia,41.268218,-95.980655,high
lakeland,2016.0,mercedes-benz,c-class,gas,103672.0,clean,automatic,fl,28.00853,-82.45974,high
anchorage / mat-su,2013.0,gmc,yukon,gas,126646.0,clean,automatic,ak,61.8966,-150.0038,medium
western slope,2016.0,bmw,x5 m,gas,40000.0,clean,automatic,co,37.226532,-107.813687,high
charlotte,2003.0,ford,thunderbird w/hardtop,gas,121100.0,clean,automatic,nc,35.456477,-80.618076,medium
fresno / madera,2016.0,mazda,3,gas,86000.0,clean,automatic,ca,36.868713,-119.702911,medium
flagstaff / sedona,2015.0,nissan,leaf sv hatchback 4d,electric,26816.0,clean,other,az,33.7865,-84.4454,medium
medford-ashland,2005.0,dodge,2500,diesel,163000.0,clean,automatic,or,42.3989,-123.3538,high
tri-cities,2016.0,ford,transit cargo cargo 250,gas,120280.0,clean,automatic,tn,35.9244,-84.0015,medium
lubbock,2009.0,ford,f-150 xlt,gas,184465.0,clean,automatic,tx,33.561995,-101.856308,low
minneapolis / st paul,2013.0,toyota,venza,gas,145803.0,clean,automatic,mn,45.049163,-93.035945,medium
santa maria,2012.0,toyota,tundra 4x4 trd,gas,67580.0,clean,automatic,ca,35.246801,-120.667596,high
south florida,2012.0,ford,transit connect,gas,128000.0,rebuilt,automatic,fl,25.813,-80.232,low
tyler / east TX,2019.0,kia,forte fe sedan 4d,gas,18761.0,clean,other,tx,32.32,-95.3,medium
cape cod / islands,2018.0,volkswagen,golf wagon 4motion,gas,5600.0,clean,automatic,ma,41.6881,-70.6105,medium
baton rouge,2018.0,ram,1500,other,2842.0,clean,automatic,la,30.2684,-91.2524,high
reno / tahoe,2018.0,mazda,cx-5,gas,77119.0,clean,automatic,ca,38.597771,-121.403061,medium
lakeland,2016.0,chevrolet,tahoe,gas,110343.0,clean,automatic,fl,28.027023,-82.459896,high
duluth / superior,2016.0,chrysler,200,gas,66000.0,clean,automatic,mn,47.047586,-92.055405,medium
denver,2012.0,kia,forte ex,gas,79232.0,clean,automatic,co,39.928431,-104.939003,low
butte,2007.0,pontiac,g6,gas,153000.0,clean,automatic,mt,46.133456,-112.978077,low
"washington, DC",2011.0,hyundai,sonata sdn 2.4l auto,gas,121668.0,,automatic,dc,38.217782,-77.50965,low
central NJ,2010.0,mercedes-benz,ml 350,gas,119690.0,clean,automatic,nj,40.40825,-74.372882,medium
south florida,2010.0,toyota,4runner 4x4,gas,158000.0,clean,automatic,fl,26.0697,-80.2246,medium
charlotte,2017.0,chevrolet,impala,other,112899.0,clean,automatic,nc,36.024189,-79.802689,medium
nashville,2017.0,lexus,is,gas,,clean,automatic,tn,36.171462,-86.497053,high
atlanta,2015.0,bmw,535xi,gas,84722.0,clean,automatic,ga,33.6676,-83.9835,medium
minneapolis / st paul,2012.0,chevrolet,malibu,gas,94179.0,clean,automatic,mn,44.773573,-93.921635,low
grand rapids,2015.0,cadillac,escalade,gas,109369.0,clean,automatic,mi,42.907531,-85.665714,high
knoxville,2018.0,jeep,cherokee latitude,gas,39873.0,clean,automatic,tn,35.766026,-83.972154,medium
buffalo,2018.0,ford,explorer,gas,26050.0,clean,automatic,ny,42.787426,-78.7621,high
monterey bay,2005.0,lexus,gx470,gas,154643.0,clean,automatic,ca,35.246801,-120.667596,medium
atlanta,2012.0,chrysler,town & country,gas,170762.0,clean,automatic,ga,33.970289,-84.172051,low
appleton-oshkosh-FDL,2018.0,honda,civic si sedan 4d,diesel,47829.0,clean,other,wi,44.26,-88.39,high
fresno / madera,2005.0,chevrolet,corvette,gas,34959.0,clean,automatic,ca,36.812126,-119.789185,high
fayetteville,2015.0,nissan,rogue sl,other,93736.0,clean,automatic,ar,36.093598,-94.19146,medium
philadelphia,2008.0,audi,a4,gas,88900.0,clean,automatic,pa,40.2084,-75.1045,medium
north jersey,2019.0,hyundai,ioniq plug-in hybrid,hybrid,7799.0,clean,automatic,nj,40.2043,-74.1779,medium
greensboro,2007.0,bmw,750i,gas,119000.0,clean,automatic,nc,35.939371,-80.027508,medium
"kansas city, MO",2006.0,toyota,tundra,gas,172000.0,salvage,automatic,ks,38.9928,-94.6771,low
prescott,2010.0,volkswagen,jetta sel,gas,73000.0,clean,automatic,az,34.4958,-112.3783,low
san antonio,2018.0,lexus,is 300,gas,6592.0,clean,automatic,tx,29.516724,-98.53066,high
la crosse,2011.0,ford,f550 super duty,diesel,172000.0,clean,automatic,wi,43.5623,-91.6368,high
san diego,2002.0,honda,accord sedan,gas,171221.0,clean,automatic,ca,32.697,-117.1153,low
college station,2015.0,jeep,patriot,gas,75000.0,clean,automatic,tx,30.633017,-96.295338,medium
fresno / madera,2019.0,mercedes-benz,c-class,gas,31540.0,clean,automatic,ca,38.637299,-121.320559,high
little rock,2002.0,ford,f250,diesel,283466.0,clean,automatic,ar,34.76591,-92.338715,low
bellingham,2017.0,bmw,x5 xdrive35d m-sport pkg,diesel,21762.0,clean,automatic,wa,48.754959,-122.46596,low
portland,2006.0,mazda,mazda5,gas,189280.0,clean,automatic,or,45.578341,-122.337295,low
omaha / council bluffs,2009.0,ford,escape limited 4x4,gas,141000.0,clean,automatic,ne,41.371899,-96.152653,medium
moses lake,2015.0,chevrolet,silverado 1500,gas,117014.0,clean,automatic,wa,47.692931,-117.411632,high
kennewick-pasco-richland,2017.0,buick,envision,gas,25932.0,rebuilt,automatic,wa,46.2522,-119.288,medium
dallas / fort worth,2007.0,honda,cr-v,gas,231850.0,clean,automatic,tx,32.856174,-96.672722,low
roanoke,2011.0,toyota,avalon xls,gas,61000.0,clean,automatic,va,37.3515,-79.9052,medium
new hampshire,2012.0,other,PROGRAMS as little as $500 DOWN!,gas,50000.0,clean,automatic,nh,42.756379,-71.210435,low
denver,2012.0,bmw,535i xdrive gran turismo,gas,104520.0,clean,automatic,co,39.740286,-105.04986,medium
wyoming,2012.0,lexus,es 350 sedan 4d,gas,35444.0,clean,other,wy,33.779214,-84.411811,medium
south bend / michiana,2007.0,ford,,gas,150000.0,clean,automatic,in,42.3173,-85.1782,low
lubbock,2015.0,chevrolet,suburban,gas,144000.0,clean,automatic,tx,33.526,-101.8333,high
tyler / east TX,2014.0,volkswagen,jetta sportwagen 2.0l,gas,40364.0,clean,automatic,tx,32.32,-95.3,medium
boulder,1988.0,cadillac,deville,gas,30250.0,clean,automatic,co,40.216883,-105.529932,low
pittsburgh,2005.0,chevrolet,silverado 1500,gas,128000.0,clean,automatic,pa,40.8859,-79.934,low
boston,2017.0,ford,fusion,gas,53514.0,clean,automatic,ma,41.666672,-70.300985,medium
wichita falls,2018.0,ford,focus st hatchback 4d,gas,15353.0,clean,other,tx,33.89,-98.51,high
york,2014.0,chevrolet,silverado 1500 regular,other,82140.0,clean,automatic,pa,39.96,-76.73,high
columbus,2013.0,acura,ilx,gas,140044.0,clean,automatic,oh,40.034,-82.868,low
SF bay area,2009.0,audi,"a3, 2.0l",gas,92000.0,clean,automatic,ca,38.445561,-121.824248,low
daytona beach,2011.0,cadillac,srx,gas,127926.0,clean,automatic,fl,28.647059,-81.352268,medium
yakima,2019.0,gmc,sierra 2500hd,diesel,59582.0,clean,automatic,wa,47.81247,-122.32164,high
hartford,2011.0,toyota,avalon,gas,140377.0,clean,automatic,ct,,,low
dallas / fort worth,2004.0,ford,explorer,gas,140000.0,clean,automatic,tx,32.7678,-96.6082,low
madison,2015.0,chevrolet,equinox lt,gas,70000.0,clean,automatic,wi,43.3661,-90.4302,medium
roanoke,2019.0,nissan,370z nismo coupe 2d,gas,8373.0,clean,other,va,37.27,-79.95,high
san diego,2010.0,audi,a4 avant,gas,102000.0,clean,automatic,ca,33.6607,-117.8264,low
worcester / central MA,2008.0,ford,edge,gas,165072.0,clean,automatic,ma,42.2541,-71.7746,low
fargo / moorhead,2016.0,hyundai,elantra,gas,62864.0,clean,automatic,mn,46.590185,-95.57469,medium
norfolk / hampton roads,2006.0,ford,explorer xlt,gas,130000.0,clean,automatic,va,36.9356,-76.3034,low
dallas / fort worth,2015.0,ford,mustang,gas,76650.0,clean,automatic,tx,32.964447,-96.918586,high
reno / tahoe,2001.0,chevrolet,2500hd duramax diesel,diesel,177000.0,clean,automatic,ca,39.389748,-119.799557,medium
sarasota-bradenton,2014.0,chrysler,town & country touring,other,112067.0,clean,automatic,fl,27.29845,-82.488954,medium
houston,2009.0,other,2009 scion xb,gas,139925.0,rebuilt,automatic,tx,29.779245,-95.967598,low
las vegas,2019.0,chevrolet,camaro,gas,35015.0,clean,automatic,nv,36.143249,-115.226909,high
charlotte,2018.0,ram,1500,gas,104000.0,clean,automatic,nc,35.2358,-80.8964,high
albuquerque,2017.0,ford,f-150,other,114304.0,clean,automatic,nm,39.73995,-105.088307,high
hartford,2019.0,gmc,sierra 1500 double cab,gas,8218.0,clean,other,ct,41.76,-72.68,high
birmingham,2017.0,infiniti,qx70,gas,84416.0,clean,automatic,al,35.839799,-86.386926,high
montgomery,2015.0,gmc,sierra 1500 crew cab sle,gas,35423.0,clean,automatic,al,32.35,-86.28,high
vermont,2019.0,nissan,sentra,gas,7480.0,clean,automatic,vt,44.1945,-72.4936,medium
central NJ,2020.0,subaru,brz limited coupe 2d,gas,2185.0,clean,other,nj,40.22,-74.76,high
dayton / springfield,2014.0,hyundai,santa fe sport,gas,93442.0,clean,automatic,oh,40.573231,-84.184755,medium
indianapolis,1980.0,other,triumph spitfire,gas,32000.0,clean,manual,in,40.540678,-85.76889,low
asheville,2014.0,gmc,sierra 1500 regular cab,gas,15575.0,clean,other,nc,35.57,-82.54,high
state college,2018.0,jeep,wrangler unlimited all new,diesel,15813.0,clean,other,pa,40.79,-77.85,high
ft myers / SW florida,2016.0,kia,forte koup sx coupe 2d,gas,53066.0,clean,other,fl,26.63,-81.85,medium
rapid city / west SD,2018.0,ford,2018 f-250 4x4 crew-cab flatbed truck,diesel,61313.0,clean,automatic,sd,45.527739,-94.091488,high
south florida,2016.0,mazda,mx-5 miata grand touring,gas,16234.0,clean,other,fl,26.74,-80.12,high
monroe,2011.0,ford,fiesta,gas,170395.0,clean,automatic,mi,43.1824,-84.1122,low
"kansas city, MO",2007.0,honda,odyssey exl,gas,190116.0,clean,automatic,ks,39.065395,-94.857021,low
chicago,2008.0,buick,enclave,gas,141000.0,clean,automatic,il,42.1458,-88.023,low
san luis obispo,1996.0,gmc,yukon,gas,222000.0,clean,automatic,ca,35.6406,-120.7003,low
corvallis/albany,2002.0,ram,,diesel,116240.0,clean,automatic,or,45.382346,-122.605132,high
new hampshire,2015.0,ford,flex,gas,97324.0,clean,automatic,nh,42.7564,-71.4667,medium
huntsville / decatur,,other,a Camry,gas,46947.0,clean,automatic,al,33.669601,-86.817617,high
medford-ashland,2016.0,ford,fusion,gas,167000.0,clean,automatic,or,42.1288,-123.6152,low
chicago,2004.0,buick,park avenue,gas,180000.0,clean,automatic,il,42.112,-87.9792,low
charleston,2003.0,ford,super duty f-550 drw,diesel,54703.0,clean,manual,wv,40.468785,-74.281707,high
san luis obispo,2011.0,ram,3500 laramie,diesel,80759.0,clean,automatic,ca,35.25365,-120.666049,high
tucson,2015.0,audi,s7,gas,27994.0,clean,automatic,az,32.252346,-110.978729,high
daytona beach,2010.0,honda,civic,gas,183526.0,clean,automatic,fl,29.196674,-81.016966,low
des moines,2017.0,bmw,440xi xdrive gran coupe,gas,70541.0,clean,automatic,ia,44.8346,-91.5159,high
lansing,2010.0,ford,f-150,gas,207891.0,clean,automatic,mi,43.1824,-84.1122,low
florence,2011.0,chevrolet,corvette grand sport,gas,30237.0,clean,other,sc,34.18,-79.78,high
fort collins / north CO,2014.0,jeep,compass,gas,75607.0,clean,automatic,co,39.71087,-105.00285,medium
bellingham,2009.0,nissan,murano s,gas,42947.0,clean,other,wa,48.7535,-122.469,medium
stockton,2019.0,honda,accord,gas,41270.0,clean,automatic,ca,38.630615,-121.20752,high
boston,2009.0,dodge,challenger srt8,gas,13773.0,clean,manual,ma,42.3837,-71.4282,high
springfield,2017.0,chevrolet,traverse,gas,127749.0,clean,automatic,mo,37.2593,-93.2912,medium
albany,2013.0,bmw,x-3,gas,171663.0,clean,automatic,ny,42.675374,-73.784585,low
rochester,2006.0,bmw,330xi xdrive awd sport sedan,gas,159399.0,clean,automatic,mn,44.8346,-91.5159,low
corvallis/albany,2009.0,ram,,diesel,115176.0,clean,automatic,or,45.382346,-122.605132,high
baltimore,2002.0,toyota,sequoia sr5,gas,204826.0,clean,automatic,md,39.1618,-76.6297,low
knoxville,2018.0,lexus,gx470,gas,53000.0,clean,automatic,tn,35.858,-84.1194,high
ocala,2014.0,ram,1500,gas,138400.0,clean,automatic,fl,29.23086,-82.14915,medium
new hampshire,2017.0,ford,escape,gas,71033.0,clean,automatic,nh,42.68101,-71.42583,medium
south florida,2010.0,nissan,pathfinder le,gas,150066.0,clean,automatic,fl,25.849858,-80.316943,low
bellingham,2018.0,toyota,tacoma trd off road 4x4,gas,22360.0,clean,automatic,wa,48.118005,-122.183513,high
birmingham,2019.0,nissan,rogue sport,gas,11285.0,clean,automatic,al,32.9229,-86.545,high
nashville,2013.0,ford,f150,gas,147898.0,clean,automatic,tn,35.59352,-87.05396,high
northwest CT,2012.0,acura,rdx sh-awd sport utility,gas,57685.0,clean,automatic,ct,41.81,-72.9,medium
bellingham,2016.0,mini,countryman,gas,29844.0,clean,automatic,wa,48.75674,-122.45052,medium
"st louis, MO",2006.0,mercury,milan,gas,100000.0,clean,automatic,il,38.5476,-90.3241,low
wilmington,2010.0,toyota,camry,gas,136020.0,clean,automatic,nc,34.2651,-77.867,low
fresno / madera,2006.0,ford,f-250 4x4 super duty 5.4l triton v8 ext cab short bed fabtech lift one owner,gas,109000.0,clean,automatic,ca,38.653713,-121.46615,high
chicago,2018.0,acura,ilx premium pkg sedan 4d,gas,23556.0,clean,other,il,41.53,-87.26,medium
greenville / upstate,2016.0,chevrolet,crew cab,gas,130308.0,clean,automatic,sc,34.0004,-81.0334,high
austin,2018.0,audi,q3 sport premium utility 4d,gas,13698.0,clean,other,tx,30.26,-97.74,high
salem,2018.0,ford,f-350,diesel,44576.0,clean,automatic,or,44.039006,-121.303704,high
kalamazoo,1930.0,chevrolet,coupe,gas,999.0,clean,manual,mi,42.258963,-85.677328,medium
syracuse,2015.0,ford,f-150 xlt,gas,60277.0,clean,automatic,ny,43.208309,-76.81423,high
monterey bay,2013.0,bmw,x1 xdrive28i,gas,74800.0,clean,automatic,ca,36.6002,-121.8947,medium
richmond,2007.0,ford,mustang,gas,151000.0,clean,automatic,va,37.6691,-77.3294,low
salem,2010.0,other,Scion xB,gas,136821.0,clean,automatic,or,44.925908,-122.982753,low
wenatchee,2019.0,toyota,tundra 4wd sr5,gas,42041.0,clean,other,wa,47.713556,-116.91795,high
austin,2017.0,jeep,cherokee,other,48996.0,clean,automatic,tx,30.582572,-97.692412,medium
rhode island,2005.0,toyota,rav4,gas,221000.0,clean,automatic,ri,41.4114,-71.7465,low
long island,2015.0,ford,transit 350hd,gas,52000.0,clean,automatic,ny,40.843,-73.2799,high
baltimore,2016.0,tesla,model s,electric,45183.0,clean,automatic,md,39.444084,-76.60759,high
prescott,2015.0,chevrolet,spark ev 2lt hatchback,electric,25817.0,clean,other,az,34.62,-112.42,medium
tucson,2010.0,ford,fusion s,gas,102241.0,clean,automatic,az,32.200727,-110.874757,low
philadelphia,2019.0,nissan,sentra,gas,62576.0,clean,automatic,pa,40.622791,-73.74012,medium
kenosha-racine,2020.0,chevrolet,spark activ hatchback,gas,6395.0,clean,other,wi,42.72,-87.8,medium
south jersey,2014.0,dodge,journey,gas,100678.0,clean,automatic,nj,39.8911,-75.117,medium
el paso,2011.0,lexus,is,gas,135660.0,clean,automatic,tx,31.77458,-106.38551,medium
hickory / lenoir,2013.0,bmw,x5,gas,97195.0,clean,automatic,nc,,,medium
eastern NC,2012.0,ford,fusion se,gas,122525.0,rebuilt,automatic,nc,34.8235,-78.0166,low
denver,2006.0,other,hummer h2,gas,112000.0,clean,automatic,co,39.6012,-104.7394,high
wyoming,2018.0,other,Genesis G80 3.8 Sedan 4D,other,34054.0,clean,other,wy,33.779214,-84.411811,high
fayetteville,2017.0,ford,escape,gas,87159.0,clean,automatic,ar,38.4018,-93.785,medium
chico,2013.0,ford,edge,gas,101000.0,clean,automatic,ca,39.3532,-121.7137,medium
hawaii,2018.0,chevrolet,camaro,gas,33226.0,clean,other,hi,21.334986,-157.903554,high
laredo,2020.0,chevrolet,silverado 1500,gas,7136.0,clean,automatic,tx,29.148519,-98.875934,high
vermont,2007.0,chevrolet,impala,gas,87000.0,clean,automatic,vt,43.6141,-72.9708,low
ann arbor,2008.0,other,Scion xD Base,gas,174102.0,,automatic,mi,42.568136,-83.813674,low
san luis obispo,2011.0,other,isuzu npr hd boxtruck,diesel,114156.0,clean,automatic,ca,37.3476,-121.887,high
omaha / council bluffs,2019.0,gmc,terrain,gas,83172.0,clean,automatic,ia,41.1345,-96.2458,high
madison,2008.0,ford,super duty f-350 srw,diesel,169724.0,clean,automatic,wi,43.029559,-89.397796,medium
columbia,2013.0,hyundai,elantra,gas,120424.0,clean,automatic,sc,34.1103,-81.1966,low
los angeles,2007.0,toyota,sequoia,gas,95000.0,clean,automatic,ca,34.2262,-118.447,low
waco,2017.0,ford,fusion,gas,38552.0,clean,automatic,tx,31.539723,-97.195009,medium
yakima,2018.0,ford,f150 lariat 4x4 1/2 ton gas,gas,39202.0,clean,automatic,wa,46.234838,-119.128015,high
santa barbara,2017.0,bmw,5 series 535i gran turismo,gas,27288.0,clean,other,ca,33.7865,-84.4454,high
valdosta,1994.0,jeep,wrangler,gas,108000.0,clean,manual,ga,31.501304,-82.849355,low
boulder,2017.0,ford,focus,gas,49065.0,clean,automatic,co,40.0597,-105.0686,low
anchorage / mat-su,2018.0,chrysler,pacifica,gas,125468.0,clean,automatic,ak,61.166683,-149.868236,medium
central NJ,2010.0,ford,econoline cargo van,gas,32988.0,clean,automatic,nj,40.468785,-74.281707,medium
denver,2015.0,audi,q3 premium plus**navi*moon,gas,77678.0,clean,automatic,co,39.675975,-105.008636,medium
bellingham,2015.0,jeep,grand cherokee high 4x4,diesel,75175.0,clean,automatic,wa,47.839605,-122.302203,high
hawaii,2017.0,dodge,journey,,30273.0,clean,automatic,hi,21.318059,-157.865187,medium
billings,2017.0,toyota,tacoma trd off road,gas,123235.0,clean,manual,mt,47.81247,-122.32164,high
pittsburgh,2018.0,honda,civic lx coupe 2d,gas,33876.0,clean,other,pa,40.43,-79.97,medium
monterey bay,2013.0,tesla,model s sedan 4d,electric,59613.0,clean,other,ca,36.6,-121.88,high
minneapolis / st paul,2012.0,nissan,leaf,gas,69999.0,clean,automatic,mn,44.857113,-93.335433,low
chattanooga,2017.0,ram,promaster 1500 cargo van,gas,147064.0,clean,automatic,tn,34.9506,-85.2432,medium
baltimore,2004.0,gmc,sierra 3500 duramax,diesel,86310.0,clean,automatic,md,38.5128,-90.6306,high
western slope,2008.0,chevrolet,impala,gas,247114.0,clean,automatic,co,37.318373,-108.762219,low
decatur,2008.0,harley-davidson,davidson heritage classi,gas,22618.0,clean,automatic,il,39.81138,-89.60592,low
lexington,2018.0,nissan,sentra,gas,77628.0,clean,automatic,ky,38.219687,-84.541856,medium
dallas / fort worth,2011.0,toyota,sienna,gas,149343.0,clean,automatic,tx,32.746976,-96.986368,medium
florence,2016.0,ford,f150 regular cab xl pickup,gas,14230.0,clean,other,sc,34.18,-79.78,high
western massachusetts,2016.0,other,Scion FR-S Release Series 2.0,gas,39647.0,clean,other,ma,42.11,-72.53,medium
space coast,2017.0,ram,1500 quad cab express pickup,gas,42253.0,clean,other,fl,28.17,-80.6,high
albany,1934.0,chevrolet,sedan,gas,6000.0,clean,manual,ny,42.88,-73.9913,high
space coast,2016.0,toyota,tundra double cab sr,gas,22870.0,clean,other,fl,28.17,-80.6,high
bowling green,2018.0,jeep,wrangler unlimited all new,gas,22092.0,clean,other,ky,36.97,-86.44,high
eastern kentucky,2014.0,toyota,tacoma access cab pickup,other,17805.0,clean,other,ky,38.04,-84.45,high
space coast,2020.0,infiniti,qx60 luxe sport utility,gas,6500.0,clean,automatic,fl,28.17,-80.6,high
sioux falls / SE SD,2013.0,chrysler,town and country,gas,90656.0,clean,automatic,sd,43.60743,-96.717839,medium
tri-cities,2013.0,ford,f150 limited,gas,132237.0,clean,automatic,tn,36.2245,-79.8901,high
hartford,2014.0,lexus,ls 460 sedan 4d,diesel,72772.0,clean,other,ct,41.76,-72.68,high
stockton,2006.0,other,Acuarea MDX,gas,217000.0,clean,automatic,ca,37.997821,-121.720167,low
galveston,2018.0,ford,f150 super cab xl pickup 4d,other,13670.0,clean,other,tx,29.3,-94.79,high
clovis / portales,2013.0,chevrolet,tahoe z71,gas,104300.0,clean,automatic,nm,34.442635,-103.178429,medium
chicago,2019.0,hyundai,accent se sedan 4d,gas,31919.0,clean,other,il,41.53,-87.26,medium
lansing,2018.0,acura,mdx sport utility 4d,other,42224.0,clean,other,mi,42.7,-84.55,high
western massachusetts,2007.0,pontiac,grand prix,gas,185073.0,clean,automatic,ma,41.915593,-72.61482,low
"st louis, MO",2010.0,jeep,wrangler unlimited,gas,129000.0,clean,automatic,il,38.511253,-90.434132,medium
el paso,2018.0,toyota,corolla im,gas,28420.0,clean,manual,tx,31.77458,-106.38551,medium
cleveland,2005.0,ford,f450 xl,gas,42000.0,clean,automatic,oh,42.118853,-88.43565,medium
albuquerque,2012.0,kia,forte ex,gas,157000.0,clean,automatic,nm,35.076337,-106.695952,low
des moines,2014.0,ford,f250 super duty,gas,163000.0,clean,automatic,ia,41.2756,-96.2431,high
atlanta,2006.0,audi,a4 2.0t quattro,gas,170991.0,clean,automatic,ga,33.8236,-84.3214,low
new hampshire,2014.0,gmc,savana 2500 cargo,gas,100415.0,clean,automatic,nh,42.8874,-71.302,medium
central NJ,2011.0,ford,f 450,diesel,145249.0,clean,automatic,nj,40.464,-74.2742,high
sacramento,2014.0,ford,f-150,gas,107158.0,clean,automatic,ca,38.741801,-121.290161,high
chicago,2007.0,toyota,corolla,gas,139005.0,clean,automatic,il,42.027,-87.7221,low
denver,2010.0,ford,escape limited,gas,156000.0,clean,automatic,co,39.813333,-105.072255,low
nashville,2015.0,ford,super duty f-350 srw,diesel,161867.0,clean,automatic,tn,35.501561,-86.45741,high
houston,2019.0,other,Genesis G70 3.3T Advanced Sedan,gas,41725.0,clean,other,tx,29.76,-95.38,high
jackson,2020.0,infiniti,qx50 luxe sport utility,other,19042.0,clean,other,tn,35.63,-88.82,high
spokane / coeur d'alene,2019.0,ram,1500 classic sport 4x4,gas,4316.0,clean,automatic,id,47.65613,-117.236949,high
lexington,2005.0,honda,odyssey,gas,272434.0,clean,automatic,ky,37.9872,-84.1789,low
rockford,2021.0,jeep,grand cherokee,gas,11.0,clean,automatic,il,42.2554,-89.0768,low
muskegon,2015.0,dodge,journey r/t sport utility,gas,77833.0,clean,other,mi,43.22,-86.25,medium
houston,2018.0,bmw,x3,gas,31828.0,clean,automatic,tx,29.784739,-95.72725,high
fort collins / north CO,2017.0,ford,edge sel,other,89249.0,clean,automatic,co,40.39442,-104.736165,medium
north jersey,2013.0,volvo,xc90,gas,120760.0,clean,automatic,nj,40.13519,-74.70357,medium
buffalo,1988.0,chevrolet,camaro,gas,38138.0,clean,manual,ny,42.965,-78.677,low
charleston,2012.0,other,Frtlner Cascadia,diesel,283466.0,clean,manual,sc,32.853,-79.9913,medium
north jersey,2013.0,nissan,altima,gas,136498.0,clean,automatic,nj,40.862572,-74.096558,low
albany,2000.0,volkswagen,cabrio,gas,140000.0,clean,manual,ny,42.9082,-73.7228,low
flint,2012.0,cadillac,cts,gas,130000.0,clean,automatic,mi,42.851055,-83.45119,low
toledo,2019.0,gmc,sierra 1500 limited double,gas,14222.0,clean,other,oh,41.66,-83.58,high
gainesville,2006.0,volkswagen,passat,gas,74578.0,clean,automatic,fl,29.6785,-82.3679,low
wichita,2016.0,jeep,patriot,gas,141000.0,clean,automatic,ks,35.395,-97.4972,low
charlotte,2008.0,saturn,astra,gas,128452.0,clean,automatic,nc,34.952829,-80.998136,low
harrisburg,2018.0,kia,soul wagon 4d,gas,27502.0,clean,other,pa,40.27,-76.88,medium
seattle-tacoma,2012.0,jeep,liberty limited 4dr suv,gas,132499.0,,automatic,wa,47.816633,-122.318936,medium
amarillo,2015.0,chevrolet,express cutaway,gas,116661.0,clean,automatic,tx,35.177308,-101.794475,medium
harrisburg,2004.0,other,MERCUTY SABLE,gas,79000.0,clean,automatic,pa,40.23421,-77.125304,low
utica-rome-oneida,2016.0,dodge,challenger r/t coupe 2d,gas,26229.0,clean,other,ny,43.1,-75.23,high
eastern NC,1991.0,gmc,sierra,gas,180274.0,clean,automatic,nc,35.7554,-77.5833,low
new hampshire,2005.0,pontiac,grand prix gt,gas,78808.0,clean,automatic,nh,43.407168,-71.449585,low
SF bay area,2015.0,ford,f-450sd,diesel,64417.0,clean,automatic,ca,34.070311,-117.446303,high
south jersey,2010.0,ford,focus,gas,98316.0,clean,automatic,nj,40.082046,-74.166607,low
western massachusetts,1997.0,volkswagen,jetta,gas,151425.0,clean,manual,ma,42.2653,-73.3745,low
boise,2011.0,ford,super duty f-350 srw laria,diesel,103639.0,clean,automatic,id,47.81247,-122.32164,high
reno / tahoe,2019.0,honda,civic,gas,45490.0,clean,automatic,ca,38.641098,-121.428624,medium
boise,2018.0,other,Jayco Jay Feather,gas,0.0,clean,automatic,id,43.862345,-116.499187,high
oklahoma city,2017.0,chevrolet,equinox,gas,111209.0,clean,automatic,ok,35.419228,-97.50761,medium
cleveland,2001.0,acura,mdx,gas,175000.0,clean,automatic,oh,41.4735,-81.7398,low
seattle-tacoma,1987.0,porsche,944 - 5 speed ----,gas,108959.0,clean,manual,wa,47.828151,-122.309275,medium
raleigh / durham / CH,2005.0,bmw,325ci convertible,gas,185000.0,clean,automatic,nc,35.8673,-78.5381,low
sacramento,2014.0,chevrolet,suburban,gas,161033.0,clean,automatic,ca,38.782359,-121.241768,medium
"washington, DC",2015.0,ford,f-250 crew cab xl 4x4,gas,135497.0,clean,automatic,dc,39.512938,-76.909548,high
fresno / madera,2011.0,dodge,nitro heat 4x4 suv,gas,150253.0,clean,automatic,ca,36.770328,-119.69995,medium
amarillo,2007.0,honda,element,gas,182365.0,clean,automatic,tx,35.216559,-101.829738,low
orlando,2014.0,ram,3500,diesel,204866.0,clean,automatic,fl,29.23086,-82.14915,high
new york city,2004.0,ford,f-150,gas,124630.0,clean,automatic,ny,40.862572,-74.096558,low
seattle-tacoma,2018.0,chevrolet,suburban lt,other,40270.0,clean,automatic,wa,48.0564,-122.185,high
dayton / springfield,2009.0,nissan,altima,gas,101408.0,clean,automatic,oh,39.93716,-84.024989,low
reno / tahoe,2006.0,cadillac,cts,gas,126111.0,clean,automatic,ca,38.608933,-121.430188,low
baltimore,2018.0,toyota,sienna,gas,111701.0,clean,automatic,md,39.115711,-76.892291,medium
eugene,2014.0,dodge,charger,gas,93695.0,clean,automatic,or,44.05294,-123.11188,medium
chicago,2014.0,toyota,rav4 limited,gas,167504.0,clean,automatic,il,41.572305,-88.113993,medium
zanesville / cambridge,2012.0,gmc,sierra,gas,149721.0,clean,automatic,oh,39.748631,-82.660598,medium
topeka,2017.0,infiniti,q60 3.0t premium coupe,gas,67004.0,clean,other,ks,39.03,-95.69,high
minneapolis / st paul,2003.0,toyota,camry,gas,230133.0,clean,automatic,mn,44.9026,-93.2886,low
flint,2008.0,ford,f350 super duty,diesel,205033.0,rebuilt,automatic,mi,43.1824,-84.1122,medium
south jersey,2012.0,hyundai,sonata,gas,101100.0,clean,automatic,nj,36.944935,-95.900725,low
oklahoma city,2016.0,audi,a6 2.0t premium plus sedan,gas,36368.0,clean,other,ok,35.46,-97.51,high
reading,2014.0,chevrolet,silverado 2500 hd crew,gas,53263.0,clean,other,pa,40.33,-75.92,high
wichita falls,2018.0,chevrolet,silverado,gas,70526.0,clean,automatic,tx,35.199,-97.4841,high
jackson,2008.0,chevrolet,equinox,gas,162185.0,clean,automatic,mi,42.303,-85.1304,low
columbus,2013.0,chevrolet,equinox,gas,104103.0,clean,automatic,oh,40.573231,-84.184755,medium
ventura county,2011.0,toyota,tacoma,gas,104000.0,clean,automatic,ca,34.20512,-118.420258,low
muskegon,2008.0,ford,f450 super duty,gas,233198.0,clean,automatic,mi,43.1824,-84.1122,medium
kennewick-pasco-richland,2016.0,jeep,cherokee limited 4x4 gas,gas,62727.0,clean,automatic,wa,46.234838,-119.128015,medium
seattle-tacoma,2012.0,chevrolet,impala,other,114845.0,clean,automatic,wa,47.75695,-122.21223,low
jacksonville,2020.0,chrysler,pacifica touring l,gas,70.0,,automatic,fl,28.59698,-81.398555,high
ann arbor,2008.0,buick,lucerne cxl v6,gas,75000.0,clean,automatic,mi,42.09435,-83.679878,low
fort collins / north CO,2007.0,honda,civic lx,gas,81424.0,clean,automatic,co,40.151342,-105.103948,low
central NJ,2017.0,rover,evoque,gas,40398.0,clean,automatic,nj,40.2043,-74.1779,high
buffalo,2019.0,ford,edge,gas,16935.0,clean,automatic,ny,42.787426,-78.7621,high
baltimore,2010.0,jeep,wrangler,gas,123908.0,clean,automatic,md,39.401274,-76.94095,high
holland,2020.0,ford,transit cargo van,gas,9767.0,clean,automatic,mi,42.449125,-85.669529,high
colorado springs,2010.0,ford,f-150 svt raptor,gas,162000.0,rebuilt,automatic,co,39.1007,-104.8542,medium
los angeles,2008.0,pontiac,g6,gas,95674.0,clean,automatic,ca,33.882239,-118.123972,low
colorado springs,2016.0,kia,soul ! wagon 4d,other,9763.0,clean,other,co,38.82108,-104.82311,medium
los angeles,2001.0,gmc,yukon xl,gas,169000.0,salvage,automatic,ca,34.01098,-118.495458,low
vermont,2010.0,honda,pilot,gas,204500.0,clean,automatic,vt,43.2817,-71.6595,low
bowling green,2016.0,ford,f-150,gas,85000.0,rebuilt,automatic,ky,36.7614,-86.1929,medium
bakersfield,2020.0,gmc,terrain slt,gas,31026.0,clean,automatic,ca,34.076749,-117.89112,high
el paso,2013.0,cadillac,xts sedan 4d,gas,37938.0,clean,other,tx,31.84,-106.43,medium
flagstaff / sedona,1999.0,bmw,540i,gas,110000.0,clean,automatic,az,34.894205,-111.874246,low
tucson,2017.0,ford,focus st,gas,48421.0,clean,manual,az,32.236075,-110.878886,medium
college station,2011.0,ford,f250,diesel,237000.0,clean,automatic,tx,30.648073,-97.861404,high
north mississippi,2014.0,chrysler,300,gas,129128.0,clean,automatic,ms,35.172002,-89.943849,medium
spokane / coeur d'alene,1974.0,chevrolet,1 ton,gas,89000.0,clean,automatic,id,47.809,-117.62,low
hartford,1994.0,ford,f350,diesel,186000.0,clean,automatic,ct,41.5569,-72.6652,medium
topeka,2013.0,ram,1500,gas,129705.0,clean,automatic,ks,39.23492,-94.57671,medium
new york city,2000.0,toyota,land cruiser,gas,140000.0,clean,automatic,ny,40.5979,-73.9743,medium
ft myers / SW florida,2017.0,hyundai,elantra,gas,115273.0,clean,automatic,fl,26.657967,-81.844788,medium
hattiesburg,1991.0,gmc,truck sle sierra,gas,146000.0,clean,automatic,ms,31.77627,-89.688247,low
chattanooga,2019.0,ford,transit,gas,6735.0,clean,automatic,tn,36.4641,-86.65828,high
omaha / council bluffs,2016.0,gmc,sierra 1500,gas,87638.0,clean,automatic,ia,41.1345,-96.2458,high
chattanooga,2020.0,chevrolet,silverado 1500 crew,gas,19160.0,clean,other,tn,35.06,-85.25,high
austin,2017.0,ford,super duty f-350 srw xl automatic,diesel,131458.0,clean,automatic,tx,30.08502,-97.81943,high
hudson valley,2017.0,jaguar,xe 35t r-sport sedan 4d,other,17022.0,clean,other,ny,41.93,-73.99,high
santa barbara,2005.0,toyota,4runner,gas,133000.0,clean,automatic,ca,33.811,-117.8493,low
east idaho,2015.0,gmc,sierra slt,gas,108729.0,clean,automatic,id,43.494763,-111.9839,high
cleveland,2008.0,mercedes-benz,s-class,gas,155255.0,clean,automatic,oh,41.124422,-81.8943,medium
philadelphia,2014.0,mercedes-benz,sprinter 2500 cargo,diesel,163382.0,clean,automatic,pa,40.2084,-74.8291,medium
harrisburg,2008.0,jeep,grand cherokee,gas,132000.0,clean,automatic,pa,40.7503,-78.5352,low
ft myers / SW florida,2019.0,dodge,grand caravan sxt,gas,39359.0,,automatic,fl,27.270402,-82.530222,high
santa fe / taos,,other,Grand Caravan,,21.0,clean,automatic,nm,39.674406,-104.998604,high
albuquerque,2013.0,volkswagen,jetta sportwagen 2.0l,gas,47380.0,clean,other,nm,35.11,-106.62,medium
saginaw-midland-baycity,2015.0,mercedes-benz,sl-class sl 400,gas,24048.0,clean,other,mi,43.41,-83.94,high
madison,2003.0,chevrolet,silverado,gas,144000.0,clean,automatic,wi,43.793645,-89.834632,medium
"washington, DC",2009.0,subaru,impreza,gas,91000.0,rebuilt,automatic,dc,38.8307,-77.2142,low
south florida,1955.0,other,Chevorlet 210,gas,1.0,clean,automatic,fl,26.0255,-80.2535,high
brainerd,2014.0,chrysler,300,gas,,clean,automatic,mn,46.3502,-94.1,medium
wilmington,2017.0,chevrolet,silverado 1500 double cab,gas,80100.0,clean,automatic,nc,34.254848,-77.845567,high
roseburg,2014.0,chevrolet,silverado 1500 ltz 4x4,gas,147250.0,clean,automatic,or,43.21893,-123.35784,high
minneapolis / st paul,2008.0,ford,f-350 xlt super duty,gas,261002.0,clean,manual,mn,45.301033,-92.970836,medium
asheville,2000.0,jeep,cherokee,gas,100.0,clean,automatic,nc,34.5271,-82.7087,low
wyoming,2003.0,nissan,murano,gas,168055.0,clean,automatic,wy,45.7629,-108.539,low
indianapolis,2017.0,lexus,rx 350 sport utility 4d,gas,28185.0,clean,other,in,39.77,-86.14,high
yuba-sutter,2009.0,nissan,versa 1.6,gas,29145.0,clean,automatic,ca,39.123441,-121.61144,low
los angeles,2017.0,jeep,wrangler,gas,80449.0,clean,automatic,ca,33.946412,-117.295118,high
salem,2007.0,mini,cooper s,gas,81081.0,clean,automatic,or,44.039006,-121.303704,low
tulsa,1946.0,other,studebaker pickup,gas,40000.0,clean,manual,ok,35.944353,-95.646114,low
san antonio,2013.0,ford,explorer,gas,142261.0,clean,automatic,tx,29.407854,-98.556488,medium
grand rapids,1998.0,ford,mustang svt cobra,gas,131400.0,clean,manual,mi,42.8135,-86.1426,medium
janesville,2009.0,chevrolet,colbalt,gas,223000.0,clean,manual,wi,42.658302,-88.887119,low
north jersey,2005.0,dodge,stratus,other,138658.0,clean,automatic,nj,40.862572,-74.096558,low
"kansas city, MO",2008.0,honda,element sc,gas,194700.0,clean,automatic,ks,39.221593,-94.470999,low
altoona-johnstown,2012.0,hyundai,veloster coupe 3d,other,49704.0,clean,other,pa,40.5,-78.4,medium
valdosta,2018.0,chevrolet,equinox lt,gas,26345.0,clean,automatic,ga,29.802119,-82.530022,high
south bend / michiana,2014.0,chevrolet,silverado 1500 double,gas,26129.0,clean,other,in,41.67,-86.26,high
billings,2007.0,ford,escape xlt 4x4,gas,215000.0,clean,automatic,mt,45.7813,-108.5727,low
"washington, DC",2017.0,other,Jauguar F-Pace,gas,58017.0,clean,automatic,dc,38.9797,-76.7435,high
pueblo,2018.0,infiniti,qx60 3.5 sport utility,other,31047.0,clean,automatic,co,33.7865,-84.4454,high
"st louis, MO",2020.0,buick,encore gx,gas,172.0,clean,automatic,il,38.857153,-90.0684,high
colorado springs,1999.0,chevrolet,blazer,gas,188000.0,clean,automatic,co,38.788094,-104.756928,low
amarillo,2016.0,dodge,challenger,gas,53887.0,clean,manual,tx,35.203066,-101.895003,high
pittsburgh,2005.0,lexus,rx,gas,236726.0,clean,automatic,pa,40.37621,-79.992571,low
winchester,2020.0,lincoln,continental sedan 4d,gas,1772.0,clean,other,va,39.17,-78.17,high
columbia / jeff city,2012.0,jeep,wrangler sahara sport,gas,66649.0,clean,other,mo,38.95,-92.32,high
san diego,2017.0,ram,promaster 2500,gas,65000.0,clean,automatic,ca,33.0459,-117.2906,high
flagstaff / sedona,2021.0,honda,accord,gas,696.0,clean,automatic,az,35.1859,-111.662,high
birmingham,2019.0,toyota,corolla,gas,44752.0,clean,automatic,al,34.0025,-84.4633,medium
omaha / council bluffs,2015.0,mazda,cx-5 touring,gas,117600.0,clean,automatic,ia,41.212606,-95.974555,medium
santa maria,2014.0,mercedes-benz,c-class c 63 amg,gas,39558.0,clean,automatic,ca,33.7865,-84.4454,high
harrisburg,2007.0,ford,ranger xlt,gas,106501.0,clean,automatic,pa,40.198881,-77.151408,low
bellingham,2018.0,toyota,tacoma,gas,16739.0,clean,automatic,wa,47.1991,-122.3151,high
springfield,2021.0,buick,envision,gas,393.0,clean,automatic,mo,38.382623,-93.77344,high
oklahoma city,2013.0,ram,2500,diesel,132405.0,clean,automatic,ok,30.65014,-97.868786,high
rhode island,2017.0,other,International 4300,diesel,,clean,automatic,ri,41.66203,-71.571768,high
long island,2012.0,nissan,xterra,gas,127778.0,clean,automatic,ny,40.8705,-73.0822,medium
fort wayne,2011.0,dodge,grand caravan,gas,129400.0,clean,automatic,in,42.9468,-83.817,low
western slope,2012.0,buick,enclave awd,gas,130570.0,clean,automatic,co,38.406556,-107.844243,medium
hattiesburg,2015.0,chevrolet,silverado 1500,gas,214000.0,clean,automatic,ms,30.520244,-89.647288,medium
fort collins / north CO,2005.0,jeep,liberty crd,diesel,66046.0,clean,automatic,co,40.62392,-105.08972,medium
wilmington,2013.0,bmw,3 series,gas,32359.0,clean,automatic,nc,,,medium
long island,2018.0,toyota,c-hr,gas,23764.0,clean,automatic,ny,40.774935,-73.731811,medium
charlottesville,2006.0,chrysler,300,gas,52258.0,clean,automatic,va,38.2095,-78.3098,low
springfield,2005.0,ram,2500 cummins,diesel,27741.0,clean,automatic,mo,38.5128,-90.6306,high
"quad cities, IA/IL",1999.0,other,Plymouth Prowler,gas,95674.0,clean,automatic,il,42.4778,-92.3661,high
south jersey,2010.0,jeep,compass,gas,102100.0,clean,automatic,nj,36.944935,-95.900725,low
hartford,2009.0,toyota,corolla,gas,106222.0,clean,automatic,ct,41.658369,-72.866606,low
bend,2015.0,toyota,tacoma,gas,44592.0,clean,automatic,or,46.9996,-120.5163,high
port huron,2012.0,chevrolet,corvette grand sport,other,9169.0,clean,automatic,mi,43.01717,-82.45099,high
missoula,2010.0,ford,f-150,gas,88664.0,clean,automatic,mt,47.692931,-117.411632,high
duluth / superior,2013.0,hyundai,veloster,gas,78875.0,clean,automatic,mn,45.551583,-93.230391,low
grand rapids,2014.0,ram,2500,diesel,197754.0,clean,automatic,mi,43.0506,-83.61512,high
binghamton,2014.0,honda,accord,gas,80000.0,clean,automatic,ny,42.1138,-76.2528,medium
appleton-oshkosh-FDL,2019.0,lincoln,nautilus select sport,gas,13065.0,clean,other,wi,44.26,-88.39,high
hartford,2017.0,rover,discovery sport hse,other,43902.0,clean,other,ct,41.76,-72.68,high
corvallis/albany,2003.0,ram,,diesel,188030.0,clean,manual,or,45.382346,-122.605132,high
redding,2016.0,ford,f150 supercrew cab lariat,other,41448.0,clean,other,ca,33.7865,-84.4454,high
lake of the ozarks,2020.0,jeep,wrangler sport suv 2d,gas,3181.0,clean,other,mo,37.99,-92.83,high
indianapolis,2015.0,chevrolet,silverado 1500 double,gas,33088.0,clean,other,in,39.77,-86.14,high
orlando,2005.0,ford,excursion,gas,172000.0,clean,automatic,fl,28.3537,-81.4198,medium
stockton,2007.0,dodge,caliber sxt,gas,108279.0,clean,automatic,ca,38.0315,-121.2589,low
state college,2019.0,ford,f250 super duty regular cab,other,9313.0,clean,other,pa,40.79,-77.85,high
lansing,2013.0,dodge,grand caravan,gas,157068.0,clean,automatic,mi,43.1824,-84.1122,low
lincoln,2011.0,ford,edge,gas,137325.0,clean,automatic,ne,41.438366,-97.316899,medium
richmond,2016.0,tesla,s model 90d,electric,53248.0,clean,automatic,va,37.4638,-77.398,high
eugene,2012.0,ford,f-150,gas,89548.0,clean,automatic,or,45.379929,-122.583757,high
mason city,2009.0,chevrolet,hhr ls,gas,124500.0,clean,automatic,ia,42.740738,-93.202465,low
cleveland,2005.0,chevrolet,trailblazer,gas,151000.0,clean,automatic,oh,41.103533,-81.152649,low
roanoke,2016.0,kia,soul,gas,89291.0,clean,automatic,va,,,medium
los angeles,2010.0,ford,focus,gas,133254.0,clean,automatic,ca,33.946412,-117.295118,low
appleton-oshkosh-FDL,2017.0,mini,hardtop 2 door john cooper,other,24062.0,clean,other,wi,44.26,-88.39,high
south jersey,2014.0,bmw,x3 xdrive28i,gas,118986.0,clean,automatic,nj,39.9999,-74.2228,medium
okaloosa / walton,2011.0,ford,f-150,gas,155000.0,clean,automatic,fl,30.441402,-86.595601,medium
pittsburgh,2004.0,honda,civic,gas,163519.0,clean,automatic,pa,39.905181,-79.727095,low
little rock,2007.0,bmw,328ci,gas,121988.0,clean,automatic,ar,34.5268,-92.9587,low
fort collins / north CO,2015.0,lincoln,mkz base,other,49112.0,clean,automatic,co,40.40815,-105.064075,medium
baton rouge,2019.0,audi,q8 premium sport utility 4d,gas,8930.0,clean,automatic,la,30.44,-91.12,high
minneapolis / st paul,2017.0,hyundai,veloster coupe,gas,70343.0,clean,automatic,mn,44.840182,-93.463783,medium
las vegas,2002.0,lexus,es 300,gas,14800.0,clean,automatic,nv,36.167,-115.361,low
redding,2011.0,chevrolet,silverado 1500 extended cab,gas,143438.0,clean,automatic,ca,38.669027,-121.333868,medium
richmond,2011.0,toyota,tacoma,gas,168000.0,clean,automatic,va,37.585607,-77.789469,medium
athens,1997.0,ford,ranger super cab,gas,165000.0,salvage,manual,ga,33.5637,-83.1702,low
"st louis, MO",2014.0,subaru,xv crosstrek limited,other,62991.0,clean,other,il,38.63,-90.24,medium
grand rapids,2014.0,subaru,outback,gas,134502.0,clean,automatic,mi,42.914352,-85.730042,medium
hickory / lenoir,2013.0,bmw,3 series,gas,32359.0,clean,automatic,nc,,,medium
jackson,2019.0,ram,3500 4x4 cummins,diesel,55822.0,clean,automatic,mi,41.8276,-83.8773,high
yuba-sutter,1997.0,lincoln,"mark viii intech v8 lsc - moon roof - leather,heat",gas,95674.0,clean,automatic,ca,38.5892,-121.4057,low
raleigh / durham / CH,2003.0,honda,accord sdn,gas,116429.0,clean,automatic,nc,35.885534,-78.263054,low
central NJ,2007.0,ford,expedition,gas,161928.0,clean,automatic,nj,40.188232,-74.753705,medium
western slope,2013.0,honda,odyssey,gas,109020.0,clean,automatic,co,39.674406,-104.998604,high
jacksonville,2010.0,toyota,tundra,gas,170569.0,clean,automatic,fl,30.2231,-81.7556,medium
tucson,2018.0,audi,q5 premium sport utility 4d,other,36722.0,clean,other,az,32.21,-110.96,high
modesto,2012.0,nissan,rogue,gas,170725.0,clean,automatic,ca,37.600004,-120.938713,low
phoenix,2012.0,chrysler,200 s convertible,gas,94000.0,clean,automatic,az,33.415628,-111.657894,medium
"kansas city, MO",2017.0,lincoln,navigator,gas,83988.0,clean,automatic,ks,38.382623,-93.77344,high
dallas / fort worth,2015.0,chevrolet,equinox 1 owner,gas,98597.0,clean,automatic,tx,32.906234,-96.698652,medium
muskegon,2014.0,chrysler,town & country,gas,164231.0,clean,automatic,mi,43.1824,-84.1122,low
springfield,2012.0,ford,fusion,gas,159723.0,clean,automatic,mo,38.05708,-91.401701,low
"kansas city, MO",2012.0,audi,a5 2.0t quattro premium,gas,48086.0,clean,other,ks,39.09,-94.58,medium
san diego,2017.0,jeep,cherokee trailhawk l plus,gas,31920.0,clean,automatic,ca,32.8933,-117.118915,high
kennewick-pasco-richland,2020.0,chevrolet,lifted silverado 1500,gas,15966.0,clean,automatic,wa,46.234838,-119.128015,high
san marcos,2015.0,volkswagen,beetle 1.8t fleet,gas,39649.0,clean,other,tx,29.88,-97.92,medium
des moines,2017.0,lexus,gx 460 premium,other,41555.0,clean,automatic,ia,41.653787,-93.698698,high
bellingham,2017.0,subaru,forester,gas,35241.0,clean,automatic,wa,48.756909,-122.452132,high
wyoming,2014.0,ram,5500,diesel,112902.0,clean,automatic,wy,40.374375,-104.694103,high
inland empire,2020.0,volkswagen,,gas,123456.0,clean,manual,ca,34.4449,-117.5196,low
hickory / lenoir,2014.0,toyota,tacoma access cab pickup,other,17805.0,clean,other,nc,35.73,-81.32,high
salem,2016.0,kia,soul,gas,63618.0,clean,automatic,or,44.039006,-121.303704,medium
chico,2012.0,buick,lacrosse touring,gas,159087.0,clean,automatic,ca,39.145315,-121.59608,low
pittsburgh,2012.0,chevrolet,sonic,gas,69500.0,clean,automatic,pa,39.86351,-79.763489,low
albuquerque,2016.0,ford,fusion,gas,137049.0,clean,automatic,nm,35.087703,-106.579999,low
atlanta,2008.0,nissan,quest,gas,194232.0,clean,automatic,ga,33.6053,-84.4813,low
rhode island,2001.0,cadillac,eldorado,gas,59000.0,clean,automatic,ri,41.6498,-71.474,low
central michigan,2013.0,lexus,gs 350 sedan 4d,gas,54357.0,clean,other,mi,42.7,-84.55,high
roanoke,2013.0,nissan,altima,gas,87004.0,clean,,va,37.335355,-79.859385,low
modesto,1982.0,gmc,2500 pick up,gas,121000.0,clean,automatic,ca,33.9291,-117.8845,medium
inland empire,,other,olet Impala,other,1.0,clean,other,ca,34.45193,-117.28706,low
sacramento,2020.0,volkswagen,arteon sel r-line,gas,3984.0,clean,other,ca,38.58,-121.49,high
"washington, DC",2014.0,chevrolet,express,gas,,clean,automatic,dc,38.762669,-77.461754,medium
flagstaff / sedona,1972.0,chevrolet,c10,gas,39000.0,clean,automatic,az,38.38629,-104.724034,high
bozeman,2012.0,chevrolet,impala,gas,103000.0,clean,automatic,mt,45.348309,-111.737866,low
oklahoma city,2015.0,chevrolet,cruze rs,gas,63437.0,clean,automatic,ok,35.5184,-97.5746,low
yakima,2017.0,infiniti,qx80,gas,58644.0,clean,automatic,wa,46.567948,-120.485788,high
jackson,2010.0,ram,1500,gas,145031.0,clean,automatic,mi,43.1824,-84.1122,medium
susanville,2014.0,rover,evoque,gas,102757.0,clean,automatic,ca,38.608933,-121.430188,medium
saginaw-midland-baycity,2015.0,hyundai,genesis coupe 3.8 2d,gas,20346.0,clean,other,mi,43.41,-83.94,high
southern maryland,2004.0,chevrolet,silverado,gas,185000.0,salvage,automatic,md,38.8377,-76.798,low
southwest KS,1973.0,mercedes-benz,benz 450sl,gas,161000.0,clean,automatic,ks,37.6836,-96.9648,low
toledo,2016.0,ford,f150 regular cab xl pickup,gas,14230.0,clean,other,oh,41.66,-83.58,high
eugene,1999.0,ford,f-350,diesel,181510.0,clean,automatic,or,45.382346,-122.605132,high
chicago,2014.0,dodge,grand caravan,gas,93405.0,clean,automatic,il,42.06685,-88.267779,medium
raleigh / durham / CH,2005.0,honda,odyssey ex at,gas,104845.0,,automatic,nc,38.217782,-77.50965,low
boise,2015.0,ford,c - max se hybrid,hybrid,146168.0,clean,automatic,id,40.74621,-111.93974,medium
columbia / jeff city,2019.0,honda,civic type r touring,gas,2066.0,clean,other,mo,38.95,-92.32,high
harrisonburg,1978.0,ford,f-150 ranger,gas,73000.0,lien,automatic,va,38.2346,-79.1791,low
ft myers / SW florida,2009.0,ram,1500,gas,180000.0,clean,automatic,fl,26.638,-81.836,medium
cleveland,2016.0,chevrolet,express commercial cutaway,gas,12398.0,clean,automatic,oh,40.468785,-74.281707,high
cleveland,2014.0,dodge,challenger r/t classic,other,13807.0,clean,other,oh,41.47,-81.67,high
western slope,2007.0,cadillac,srx,gas,118404.0,clean,automatic,co,38.406637,-107.844243,low
central NJ,2015.0,porsche,boxster roadster 2d,other,61163.0,clean,other,nj,40.22,-74.76,high
new hampshire,2009.0,ford,flex sel 3.5l awd suv,gas,180000.0,clean,automatic,nh,42.977356,-71.454804,low
milwaukee,2012.0,ford,escape,gas,1.0,clean,automatic,wi,41.622595,-87.633814,low
philadelphia,2019.0,gmc,savana g2500 6.0l,gas,21300.0,clean,automatic,pa,40.152432,-75.00189,high
atlanta,2008.0,other,S60 2.5 t5,gas,164000.0,clean,automatic,ga,34.0213,-84.3104,low
green bay,2018.0,jeep,grand cherokee,gas,36000.0,lien,automatic,wi,45.2617,-88.078,high
long island,2010.0,acura,tl sedan 4d,gas,88542.0,clean,other,ny,40.8,-73.12,medium
minneapolis / st paul,2020.0,hyundai,accent se sedan 4d,gas,18336.0,clean,automatic,mn,45.20332,-93.39728,medium
kennewick-pasco-richland,2015.0,ford,f-150,gas,134471.0,clean,automatic,wa,45.509778,-122.967379,high
san antonio,2012.0,volkswagen,jetta,gas,124551.0,clean,manual,tx,29.4973,-98.4252,low
san luis obispo,2013.0,chevrolet,camaro,gas,84015.0,clean,automatic,ca,35.02422,-120.47218,medium
san diego,2005.0,toyota,camry,gas,205000.0,clean,automatic,ca,32.767707,-117.028916,low
toledo,2011.0,toyota,sienna,gas,126996.0,clean,automatic,oh,40.573231,-84.184755,medium
anchorage / mat-su,2006.0,subaru,baja turbo,gas,104000.0,salvage,automatic,ak,61.1549,-149.8866,low
jersey shore,2004.0,ram,2500,gas,149000.0,clean,automatic,nj,40.1481,-74.2137,low
spokane / coeur d'alene,2017.0,ram,1500 laramie 4x4 gas,gas,52216.0,clean,automatic,id,47.65613,-117.236949,high
denver,2010.0,porsche,panamera 4s sedan 4d,gas,63694.0,clean,other,co,39.76,-104.87,high
mankato,2018.0,hyundai,sonata se sedan 4d,gas,24163.0,clean,other,mn,44.16,-93.99,medium
cincinnati,2020.0,kia,forte fe sedan 4d,gas,1082.0,clean,other,oh,39.09,-84.51,medium
sarasota-bradenton,2010.0,audi,a4,gas,99098.0,clean,automatic,fl,27.0933,-82.4498,low
topeka,2002.0,gmc,4500,diesel,100000.0,clean,automatic,ks,38.716055,-95.84919,low
"st louis, MO",2004.0,ford,explorer xlt,gas,217427.0,clean,automatic,il,38.6108,-90.292,low
western massachusetts,2018.0,acura,ilx technology plus and,other,,clean,automatic,ma,42.11,-72.53,high
fresno / madera,2004.0,bmw,x3,gas,87643.0,clean,automatic,ca,36.815675,-119.695804,low
indianapolis,2018.0,audi,s4 prestige sedan 4d,other,33824.0,clean,other,in,39.77,-86.14,high
cleveland,2015.0,nissan,rogue,gas,63564.0,clean,automatic,oh,41.24643,-81.35853,medium
grand rapids,2014.0,chrysler,200,gas,88000.0,clean,automatic,mi,42.9737,-85.7265,low
north jersey,2018.0,ford,transit passenger,gas,28194.0,clean,automatic,nj,40.990965,-74.347378,high
okaloosa / walton,1997.0,other,Thomas School Bus,diesel,135000.0,clean,automatic,fl,37.13284,-95.78558,low
detroit metro,2019.0,subaru,forester sport suv 4d,gas,11113.0,clean,other,mi,42.58,-82.81,high
fayetteville,2006.0,chevrolet,equinox,gas,150088.0,clean,automatic,nc,35.58096,-78.81976,low
akron / canton,2013.0,ford,f-250 sd,gas,143822.0,clean,automatic,oh,40.85882,-81.57895,high
birmingham,2019.0,gmc,savana,gas,24585.0,clean,automatic,al,36.4641,-86.65828,high
stockton,2017.0,toyota,rav4,gas,47551.0,clean,automatic,ca,38.020966,-121.28853,medium
vermont,2015.0,jeep,grand cherokee,gas,104194.0,clean,automatic,vt,42.857322,-71.281917,low
winston-salem,2013.0,audi,a6,gas,127051.0,clean,automatic,nc,,,medium
florida keys,2019.0,audi,q8 premium sport utility 4d,gas,8798.0,clean,automatic,fl,25.08,-80.44,high
birmingham,2020.0,gmc,yukon slt sport utility 4d,other,33829.0,clean,other,al,33.52,-86.79,high
monterey bay,2014.0,kia,sorento,gas,71091.0,clean,automatic,ca,37.321152,-121.950555,medium
dallas / fort worth,2017.0,jaguar,xf 20d prestige sedan 4d,other,32431.0,clean,automatic,tx,32.79,-96.76,high
hawaii,2018.0,audi,q3,gas,11351.0,clean,automatic,hi,21.296235,-157.859345,high
tampa bay area,2000.0,lincoln,ls,gas,69000.0,clean,automatic,fl,28.2129,-82.6807,low
chico,2018.0,kia,soul wagon 4d,gas,26506.0,clean,other,ca,39.71,-121.81,medium
bozeman,2019.0,jeep,grand cherokee,gas,20739.0,clean,automatic,mt,47.7989,-116.7423,high
austin,2005.0,toyota,sequoia limited,gas,218000.0,clean,automatic,tx,30.491106,-97.572155,low
frederick,2020.0,mazda,mx-5 miata club,gas,2195.0,clean,other,md,39.42,-77.41,high
fresno / madera,2015.0,toyota,corolla,gas,96955.0,clean,automatic,ca,38.611926,-121.423565,medium
orlando,2006.0,bmw,325ci convertible,gas,167590.0,clean,automatic,fl,28.681011,-81.256445,low
vermont,2019.0,ford,f-350 flat bed,gas,34158.0,clean,automatic,vt,43.9919,-73.1716,high
san diego,2019.0,other,Genesis G70 2.0T Advanced Sedan,gas,1639.0,clean,other,ca,32.86,-117.24,high
heartland florida,2014.0,chevrolet,silverado 1500 lt,gas,65550.0,clean,automatic,fl,27.234099,-80.829894,high
jacksonville,2020.0,ford,ranger supercab xl pickup,gas,10688.0,clean,other,fl,30.33,-81.65,high
minneapolis / st paul,1987.0,jeep,grand cherokee,gas,161744.0,salvage,other,mn,44.9394,-92.7716,medium
central NJ,2019.0,mini,cooper,gas,73037.0,clean,automatic,nj,40.923344,-74.143356,high
skagit / island / SJI,2014.0,ram,2500 tradesman,diesel,198339.0,clean,automatic,wa,47.81247,-122.32164,high
odessa / midland,1996.0,ford,f700,gas,52686.0,clean,manual,tx,33.5924,-101.9367,medium
montgomery,2019.0,cadillac,xt4 sport suv 4d,other,12102.0,clean,other,al,32.35,-86.28,high
nashville,2015.0,ford,explorer,gas,92908.0,,automatic,tn,36.138022,-86.732261,medium
bellingham,2018.0,jeep,wrangler unlimited sport,gas,15047.0,clean,automatic,wa,47.841211,-122.297249,high
wenatchee,2017.0,ford,f-150,,70927.0,clean,automatic,wa,47.434493,-120.320759,high
baltimore,2015.0,chevrolet,ss sedan 4d,gas,48774.0,clean,other,md,39.3,-76.61,high
new york city,2007.0,mazda,3,gas,135000.0,clean,automatic,ny,40.6548,-73.6097,low
columbus,1990.0,mazda,miata mx-5,gas,158000.0,clean,manual,oh,40.08755,-83.040848,low
houston,2019.0,volvo,xc40 t5 momentum sport,other,39813.0,clean,other,tx,29.76,-95.38,high
lubbock,2017.0,ford,f250 lariat 4x4 diesel,diesel,160867.0,clean,automatic,tx,30.663,-97.9316,high
maine,2014.0,ford,escape,gas,143515.0,clean,automatic,me,44.0985,-70.1916,low
lima / findlay,2001.0,ford,f-150,gas,142071.0,clean,automatic,oh,40.4051,-84.2103,low
evansville,2016.0,nissan,frontier crew cab pro-4x,gas,24661.0,clean,automatic,in,37.98,-87.54,high
rhode island,2005.0,chevrolet,colorado z71,gas,140000.0,clean,automatic,ri,41.7845,-71.3959,low
grand rapids,2015.0,mitsubishi,mirage,gas,85657.0,clean,automatic,mi,42.898299,-85.804452,low
st cloud,2012.0,chevrolet,silverado 2500hd,gas,85450.0,clean,automatic,mn,45.1263,-94.5268,high
hudson valley,2007.0,ford,e350 12-passenger van,gas,100400.0,clean,automatic,ny,41.3554,-74.2651,medium
southwest KS,2009.0,saturn,vue hybrid,gas,109204.0,clean,automatic,ks,37.749544,-100.064163,low
austin,2017.0,ford,e450 bus,gas,15800.0,lien,automatic,tx,33.9631,-118.3941,high
detroit metro,2012.0,chevrolet,express cargo van,gas,145600.0,clean,automatic,mi,41.60201,-83.786937,medium
"kansas city, MO",2017.0,ford,escape,gas,174582.0,clean,automatic,ks,39.011818,-94.27298,medium
fort collins / north CO,2002.0,toyota,highlander,gas,202640.0,clean,other,co,40.589199,-105.074448,low
gainesville,2013.0,honda,odyssey,gas,139327.0,clean,automatic,fl,28.567037,-81.291542,medium
dothan,2000.0,ford,expedition,gas,171000.0,clean,automatic,al,31.086,-85.7192,low
cincinnati,2012.0,chevrolet,silverado 3500hd,diesel,188004.0,clean,automatic,oh,40.484468,-83.922597,high
greensboro,2016.0,kia,soul wagon 4d,gas,23972.0,clean,other,nc,36.07,-79.82,medium
saginaw-midland-baycity,2007.0,gmc,yukon,gas,204306.0,clean,automatic,mi,43.1824,-84.1122,low
northwest GA,2015.0,ford,fusion se,gas,99000.0,clean,automatic,ga,34.5404,-84.727,low
huntsville / decatur,2016.0,chevrolet,impala,gas,121792.0,clean,automatic,al,34.737481,-86.653907,medium
los angeles,2018.0,mitsubishi,outlander phev sel,gas,49231.0,clean,other,ca,34.61,-118.27,medium
seattle-tacoma,2013.0,dodge,charger r/t,gas,138964.0,clean,automatic,wa,47.2002,-121.967,medium
grand rapids,2011.0,cadillac,srx,gas,174980.0,clean,automatic,mi,43.1824,-84.1122,low
springfield,2014.0,mazda,cx-5 touring,gas,152900.0,clean,automatic,il,39.7622,-89.6275,low
daytona beach,2020.0,kia,sportage lx sport utility 4d,gas,19702.0,clean,other,fl,29.19,-81.05,medium
watertown,2007.0,lexus,rx 350,gas,172700.0,clean,automatic,ny,43.205252,-75.422916,low
detroit metro,2017.0,ford,escape,gas,92129.0,rebuilt,automatic,mi,42.6382,-83.639,medium
albuquerque,2015.0,nissan,sentra sv,gas,91000.0,clean,automatic,nm,35.1347,-106.6427,low
fredericksburg,2007.0,toyota,fj cruiser,gas,133143.0,clean,automatic,va,38.25997,-77.49321,medium
boise,2018.0,ford,f-150 lariat,gas,61341.0,clean,automatic,id,43.619468,-116.337566,high
"washington, DC",2021.0,other,WOLF RUGBY II,gas,500.0,clean,automatic,dc,38.759303,-77.454234,low
saginaw-midland-baycity,2013.0,chrysler,town & country,gas,126386.0,clean,automatic,mi,43.1824,-84.1122,low
killeen / temple / ft hood,2016.0,hyundai,elantra gt,other,92255.0,clean,automatic,tx,31.124479,-97.721092,medium
peoria,2018.0,gmc,acadia sle-2 sport utility,gas,27973.0,clean,other,il,40.74,-89.6,high
boston,2017.0,ford,expedition xlt sport,other,71758.0,clean,other,ma,42.78,-71.08,high
fairbanks,2019.0,volkswagen,jetta,gas,10871.0,clean,other,ak,64.81552,-147.71293,medium
wichita,2017.0,mercedes-benz,glc,gas,36358.0,clean,automatic,ks,38.990868,-95.233358,high
sarasota-bradenton,2010.0,honda,cr-v,gas,204880.0,clean,automatic,fl,27.318691,-82.450523,low
hudson valley,2015.0,volkswagen,gti,gas,31000.0,clean,manual,ny,41.1995,-74.0021,medium
boise,2018.0,hyundai,sonata,gas,27623.0,clean,automatic,id,43.633,-116.2951,high
wichita,2016.0,ford,escape,gas,16747.0,clean,automatic,ks,37.710584,-97.209255,medium
great falls,2008.0,dodge,dakota slt 4x4 crew,gas,86000.0,clean,automatic,mt,47.49536,-111.297502,medium
tuscarawas co,2020.0,lexus,nx 300 sport utility 4d,gas,6185.0,clean,other,oh,40.35,-81.43,high
phoenix,1979.0,chevrolet,k10,gas,283466.0,clean,automatic,az,33.422432,-111.511728,low
brainerd,1987.0,other,ASC McClaren,gas,49800.0,clean,automatic,mn,46.4799,-93.6454,medium
chattanooga,2012.0,ford,f250 super duty,gas,26896.0,clean,automatic,tn,34.9506,-85.2432,high
des moines,2009.0,jeep,patriot,gas,98737.0,clean,manual,ia,42.504823,-92.405569,low
toledo,2016.0,dodge,grand caravan,gas,83000.0,rebuilt,automatic,oh,41.5945,-83.8718,medium
frederick,2016.0,ford,f150 super cab xl pickup 4d,gas,44339.0,clean,other,md,39.42,-77.41,high
tyler / east TX,2011.0,mercedes-benz,cl-class cl 550,gas,66944.0,clean,automatic,tx,32.32,-95.3,high
lake of the ozarks,2007.0,chevrolet,equinox,gas,183000.0,clean,automatic,mo,38.003089,-92.755315,low
san antonio,2019.0,ram,1500,gas,19515.0,clean,automatic,tx,29.53723,-98.4147,high
kalamazoo,2017.0,lincoln,mkx reserve sport,gas,23545.0,clean,automatic,mi,42.27,-85.58,high
bend,2018.0,jeep,renegade,gas,39151.0,clean,automatic,or,45.334794,-122.762079,medium
appleton-oshkosh-FDL,2020.0,cadillac,ct5 premium luxury,gas,14215.0,clean,other,wi,44.26,-88.39,high
lima / findlay,2019.0,gmc,yukon,gas,28680.0,clean,automatic,oh,40.573231,-84.184755,high
vermont,2013.0,subaru,impreza,gas,130000.0,clean,manual,vt,44.457974,-73.146114,low
new orleans,1963.0,lincoln,continental,gas,51973.0,clean,automatic,la,33.6372,-96.6184,high
worcester / central MA,2002.0,mercury,mountaineer,gas,141000.0,clean,automatic,ma,41.9296,-71.3009,low
spokane / coeur d'alene,2015.0,toyota,4runner,gas,139398.0,clean,automatic,id,46.9996,-120.5163,high
savannah / hinesville,1978.0,gmc,cabellero,gas,49389.0,clean,automatic,ga,32.7993,-80.006,medium
lubbock,2004.0,toyota,matrix xr,gas,167000.0,clean,automatic,tx,33.56211,-101.856754,low
sacramento,2018.0,jeep,wrangler unlimited sport s,other,31178.0,clean,other,ca,38.58,-121.49,high
tampa bay area,2008.0,honda,cr-v,gas,148172.0,clean,automatic,fl,27.838871,-82.714995,low
des moines,2003.0,mercedes-benz,sl55,gas,83000.0,clean,automatic,ia,42.4755,-92.2812,medium
boston,2020.0,subaru,wrx sti sedan 4d,other,13565.0,clean,other,ma,42.35,-71.06,high
pittsburgh,2017.0,mazda,mazda3 touring 2.5,gas,34723.0,clean,other,pa,40.43,-79.97,medium
salem,2015.0,gmc,sierra 1500,gas,65269.0,clean,automatic,or,44.039006,-121.303704,high
albany,2011.0,toyota,tacoma access cab,gas,200000.0,clean,automatic,ny,42.773227,-73.322496,medium
houston,2014.0,ram,1500,gas,206349.0,clean,other,tx,29.55715,-95.15981,medium
sacramento,2000.0,jeep,wrangler,gas,123000.0,clean,automatic,ca,38.7811,-121.373,medium
indianapolis,2005.0,other,Sterling SC8000,diesel,24624.0,clean,automatic,in,40.468785,-74.281707,high
corvallis/albany,2019.0,honda,civic,gas,25307.0,clean,automatic,or,45.382346,-122.605132,high
prescott,2016.0,chrysler,town & country,gas,74118.0,clean,automatic,az,34.6019,-112.3264,medium
phoenix,2010.0,ford,fusion sport,gas,90000.0,clean,automatic,az,33.415592,-111.658001,low
dothan,2014.0,kia,soul wagon 4d,gas,11657.0,clean,other,al,31.23,-85.4,medium
oklahoma city,2017.0,chevrolet,equinox 1owner 88k ml. new tires well maint&clean carfax!!,gas,88544.0,clean,automatic,ok,36.434187,-99.43055,medium
baltimore,2006.0,honda,pilot,gas,184420.0,clean,automatic,md,39.3521,-76.5644,low
jacksonville,2018.0,volkswagen,golf,gas,16.0,clean,automatic,fl,29.834721,-81.323272,medium
corvallis/albany,1989.0,cadillac,fleetwood,gas,116000.0,clean,automatic,or,44.3935,-122.9867,low
albuquerque,2012.0,ford,f250,gas,141780.0,clean,automatic,nm,33.624311,-112.010851,medium
richmond,2009.0,toyota,camry,gas,117936.0,clean,automatic,va,37.622868,-77.528214,low
ventura county,2012.0,rover,sport,gas,95500.0,clean,automatic,ca,34.2846,-119.2222,medium
flagstaff / sedona,2020.0,chevrolet,malibu ls,gas,1268.0,clean,automatic,az,35.189958,-111.666438,high
tampa bay area,2011.0,ford,f-250 lariat,diesel,123456.0,clean,automatic,fl,28.0068,-82.556,high
maine,2015.0,gmc,sierra 1500,gas,100901.0,clean,automatic,me,42.838576,-71.10688,high
pueblo,2017.0,ford,f-450 super duty lariat,other,68700.0,clean,automatic,co,33.3917,-111.9249,high
medford-ashland,2014.0,porsche,cayenne,gas,73603.0,clean,automatic,or,45.523907,-122.538244,high
atlanta,2011.0,buick,lucerne cxl premium sedan,other,40374.0,clean,other,ga,33.75,-84.39,medium
pittsburgh,2010.0,nissan,altima 3.5 sr,gas,104000.0,clean,automatic,pa,40.2706,-80.1668,low
"washington, DC",2012.0,cadillac,escalade awd 4dr luxury,,153932.0,clean,automatic,dc,38.884033,-77.097657,medium
new hampshire,2006.0,ford,f350,gas,157604.0,clean,automatic,nh,42.882,-71.1758,low
chicago,2012.0,ford,focus zx5,gas,133432.0,clean,automatic,il,42.1458,-88.023,low
stockton,2013.0,honda,accord ex-l,gas,89000.0,clean,automatic,ca,37.9625,-121.2624,medium
knoxville,2002.0,lexus,rx 300,gas,129800.0,clean,automatic,tn,36.0435,-84.04,low
santa barbara,2017.0,fiat,124 spider classica,gas,13523.0,clean,other,ca,33.779214,-84.411811,medium
oklahoma city,2014.0,bmw,5 series,gas,73332.0,clean,automatic,ok,37.710584,-97.209255,medium
new york city,2016.0,hyundai,sonata sport,gas,69000.0,clean,automatic,ny,40.6225,-73.965,medium
anchorage / mat-su,1989.0,chevrolet,silverado 1500,gas,136000.0,clean,automatic,ak,61.119646,-149.809012,medium
yuba-sutter,2017.0,nissan,altima 2.5 sr,gas,40210.0,clean,automatic,ca,38.610767,-121.422557,medium
chico,2013.0,gmc,yukon slt,gas,86000.0,lien,automatic,ca,39.8032,-121.8673,medium
new river valley,2003.0,toyota,4runner,gas,182655.0,clean,automatic,va,37.245217,-80.779941,low
boise,2005.0,toyota,tundra,gas,118884.0,clean,automatic,id,38.597771,-121.403061,medium
omaha / council bluffs,,other,cadia,gas,3851.0,,automatic,ia,41.229172,-95.852118,high
greensboro,2016.0,chrysler,town and country tourin,gas,119429.0,clean,automatic,nc,35.790395,-78.771723,medium
port huron,2012.0,chrysler,300,gas,207112.0,clean,automatic,mi,43.1824,-84.1122,low
boise,2019.0,ram,1500 classic slt 4x4,gas,36060.0,clean,automatic,id,43.61974,-116.29469,high
rhode island,2007.0,chevrolet,hhr lt,gas,121350.0,clean,automatic,ri,41.8541,-71.4378,low
bakersfield,2015.0,ford,f-250 super duty 4x2 2dr re,gas,99000.0,clean,automatic,ca,36.1149,-115.2161,high
pittsburgh,2011.0,chevrolet,colorado,gas,156000.0,clean,automatic,pa,40.968,-80.391,low
charlotte,2013.0,ford,e350 box truck,gas,174037.0,clean,automatic,nc,35.303782,-80.857404,medium
ventura county,2011.0,other,John Deere 120D,other,3223.0,clean,other,ca,35.362291,-118.958642,high
charlottesville,2020.0,acura,mdx technology pkg sport,other,3207.0,clean,other,va,38.03,-78.48,high
medford-ashland,1994.0,mercury,grand marquis,gas,111700.0,clean,automatic,or,42.457435,-123.320814,low
omaha / council bluffs,2001.0,ford,taurus lx,gas,114936.0,clean,automatic,ia,41.1497,-95.9099,low
boston,2013.0,honda,civic,gas,81306.0,clean,automatic,ma,42.37967,-71.09024,medium
buffalo,2019.0,gmc,sierra 1500 crew cab slt,gas,25731.0,clean,other,ny,42.88,-78.85,high
chattanooga,2016.0,chrysler,200,gas,72754.0,clean,automatic,tn,34.9506,-85.2432,medium
billings,2004.0,chevrolet,colorado,other,174812.0,clean,automatic,mt,45.7935,-108.481,low
lake of the ozarks,2019.0,ram,1500 crew cab big horn,gas,68032.0,clean,other,mo,37.99,-92.83,high
"kansas city, MO",2008.0,jeep,wrangler,gas,95098.0,clean,automatic,ks,39.008811,-94.714109,medium
moses lake,2016.0,ram,2500 tradesman usa truck,diesel,136386.0,,automatic,wa,47.717677,-117.411665,low
dallas / fort worth,2014.0,jeep,wrangler unlimited sahara,gas,45741.0,clean,other,tx,32.79,-96.76,high
SF bay area,2020.0,ram,1500 classic crew cab,gas,2688.0,clean,other,ca,37.6,-122.45,high
central NJ,2019.0,nissan,altima 2.5 s sedan,,42683.0,clean,automatic,nj,40.46865,-74.29699,medium
janesville,2009.0,infiniti,g37,gas,133000.0,clean,automatic,wi,42.7791,-88.9531,medium
cincinnati,1979.0,chevrolet,corvette,gas,74250.0,clean,automatic,oh,38.839,-84.6907,medium
reno / tahoe,2012.0,ram,2500 laramie 4x4 diesel,diesel,86616.0,clean,automatic,ca,38.6946,-121.2692,high
decatur,2018.0,bmw,4 series 440i convertible 2d,gas,13492.0,clean,other,il,39.85,-88.93,high
st cloud,2018.0,nissan,murano,gas,37795.0,clean,automatic,mn,45.547556,-94.191288,high
palm springs,2006.0,chrysler,pt cruiser limited,gas,98539.0,clean,automatic,ca,33.745583,-116.361979,low
memphis,2000.0,toyota,echo,gas,117000.0,clean,manual,tn,35.178163,-89.884214,low
"kansas city, MO",2018.0,audi,s4 prestige sedan 4d,other,33824.0,clean,other,ks,39.09,-94.58,high
winston-salem,2018.0,ford,fusion platinum sedan 4d,other,29636.0,clean,other,nc,36.1,-80.24,medium
sierra vista,2007.0,honda,civic,gas,103975.0,clean,automatic,az,31.555116,-110.288143,low
austin,2005.0,other,thomas school bus,diesel,203432.0,clean,automatic,tx,30.7766,-98.2642,low
salem,2013.0,nissan,sentra sl,gas,140836.0,clean,automatic,or,44.925908,-122.982753,low
williamsport,2004.0,honda,cr-v ex,gas,167000.0,clean,automatic,pa,40.8934,-76.8006,low
brainerd,2002.0,chevrolet,malibu,gas,84000.0,clean,automatic,mn,46.4799,-93.6454,low
lubbock,2014.0,ford,mustang,gas,147755.0,clean,automatic,tx,33.561489,-101.856766,low
greensboro,2018.0,mazda,mx-5 miata grand touring,gas,11540.0,clean,other,nc,36.07,-79.82,high
omaha / council bluffs,2011.0,chevrolet,silverado 1500,gas,82928.0,clean,automatic,ia,41.1345,-96.2458,medium
brownsville,2008.0,ford,f150,gas,54040.0,clean,automatic,tx,26.1951,-97.689,medium
flint,2012.0,rover,range evoque coupe,gas,49214.0,clean,automatic,mi,43.02,-83.69,high
houston,2014.0,dodge,charger,gas,93050.0,clean,automatic,tx,29.68025,-95.404913,medium
modesto,1992.0,ford,f-150,gas,178000.0,clean,automatic,ca,37.492775,-120.86669,low
"quad cities, IA/IL",2018.0,ford,fusion se,gas,30543.0,clean,automatic,il,41.51494,-90.424379,medium
fort collins / north CO,2002.0,toyota,camry le,gas,154000.0,clean,automatic,co,40.384722,-105.073357,low
nashville,2020.0,mercedes-benz,cls-class,gas,11235.0,clean,automatic,tn,35.840175,-86.387603,high
louisville,2013.0,infiniti,jx35 awd,gas,72000.0,rebuilt,automatic,ky,38.1913,-85.7847,medium
rapid city / west SD,2017.0,gmc,sierra,gas,92614.0,clean,automatic,sd,44.4946,-103.865,high
orange county,2020.0,ford,f-250,diesel,27224.0,clean,automatic,ca,34.10722,-117.45531,high
mobile,2007.0,buick,lacrosse,gas,140500.0,clean,automatic,al,30.625468,-88.226849,low
elko,2010.0,chevrolet,silverado,other,199666.0,clean,automatic,nv,43.6403,-116.26346,medium
columbia,2014.0,chevrolet,silverado 1500,gas,109480.0,clean,automatic,sc,,,high
dayton / springfield,2017.0,ford,transit connect xlt,gas,73340.0,,automatic,oh,39.884989,-82.967588,medium
cleveland,2017.0,ford,explorer,gas,69428.0,clean,automatic,oh,41.599909,-81.468699,high
milwaukee,2010.0,lincoln,mkx,gas,124449.0,clean,automatic,wi,43.01683,-88.033653,medium
lansing,2009.0,pontiac,g6,gas,165649.0,clean,automatic,mi,43.1824,-84.1122,low
charleston,2011.0,dodge,grand caravan,gas,112000.0,clean,automatic,sc,32.7993,-80.006,low
boston,2012.0,toyota,tacoma,gas,99000.0,clean,automatic,ma,43.188723,-71.504929,medium
kenosha-racine,2015.0,other,BUY HERE PAY HERE,gas,56000.0,clean,automatic,wi,42.7433,-87.8053,low
boone,2017.0,jeep,wrangler unlimited sport,gas,35391.0,clean,other,nc,36.2,-81.66,high
reno / tahoe,2013.0,audi,a4 premium,gas,65593.0,clean,automatic,ca,39.495568,-119.789546,medium
akron / canton,2011.0,dodge,grand caravan,other,205950.0,clean,automatic,oh,41.041256,-81.607193,low
state college,2010.0,other,suzuki sx4,gas,87000.0,clean,automatic,pa,40.9417,-77.785,low
east oregon,2018.0,ford,f150 xlt sport 4x4 half ton,gas,11761.0,clean,automatic,or,46.234838,-119.128015,high
colorado springs,2018.0,kia,soul wagon 4d,gas,59158.0,clean,other,co,38.82108,-104.82311,medium
orlando,2018.0,toyota,corolla,gas,43248.0,clean,automatic,fl,28.610096,-81.298342,medium
madison,2012.0,ford,explorer limited,gas,112414.0,clean,automatic,wi,43.0372,-89.3971,medium
ventura county,2017.0,subaru,impreza 2.0i premium,other,85680.0,clean,automatic,ca,33.7865,-84.4454,medium
eau claire,2005.0,chevrolet,silverado 1500,gas,145197.0,clean,automatic,wi,44.741365,-90.485795,medium
daytona beach,2007.0,infiniti,m35,gas,166766.0,clean,automatic,fl,28.714015,-81.32564,low
grand rapids,2010.0,buick,enclave,gas,180000.0,clean,automatic,mi,43.1793,-85.2497,low
lakeland,2017.0,mercedes-benz,glc-class,gas,81450.0,clean,automatic,fl,28.00853,-82.45974,high
pueblo,2013.0,lexus,gx 460,gas,122311.0,clean,automatic,co,38.298476,-104.612853,high
south florida,2019.0,nissan,frontier crew cab sv,other,21939.0,clean,other,fl,26.14,-80.13,high
north jersey,2017.0,bmw,x6,gas,57012.0,clean,automatic,nj,40.923344,-74.143356,high
york,2007.0,chevrolet,impala lt sedan,gas,83000.0,clean,automatic,pa,39.94153,-76.703438,low
oklahoma city,2012.0,gmc,sierra 2500hd,gas,109000.0,clean,automatic,ok,35.4262,-97.079,medium
north jersey,2018.0,alfa-romeo,romeo stelvio awd,,55645.0,clean,automatic,nj,40.46865,-74.29699,high
greenville / upstate,1989.0,jeep,wrangler,gas,54045.0,clean,automatic,sc,34.8939,-81.834,medium
baltimore,2002.0,chevrolet,trailblazer,gas,178505.0,clean,automatic,md,39.433086,-76.343119,low
tallahassee,2015.0,chrysler,200 s,gas,165668.0,clean,automatic,fl,30.4478,-84.3211,medium
south florida,2020.0,nissan,maxima sl,gas,34000.0,clean,automatic,fl,25.813,-80.232,low
hudson valley,2002.0,bmw,325i,gas,142268.0,clean,automatic,ny,41.2496,-73.9446,low
indianapolis,2013.0,chevrolet,silverado 2500hd,gas,97697.0,clean,automatic,in,38.692648,-82.857744,medium
jacksonville,2017.0,jeep,grand cherokee,gas,72433.0,clean,automatic,fl,27.5885,-80.3923,high
akron / canton,2020.0,acura,mdx sh-awd sport utility,gas,1237.0,clean,other,oh,41.08,-81.52,high
bowling green,2017.0,hyundai,tucson,gas,74394.0,clean,automatic,ky,36.302267,-86.636868,medium
richmond,2003.0,toyota,camry,gas,229000.0,clean,automatic,va,37.5109,-77.6429,low
phoenix,2017.0,jeep,wrangler unlimited sport,gas,30041.0,clean,other,az,33.5,-112.05,high
colorado springs,2011.0,acura,mdx sh-awd,gas,161000.0,clean,automatic,co,38.836973,-104.791043,medium
eugene,2009.0,subaru,tribeca,gas,146484.0,clean,automatic,or,44.04814,-123.123142,low
oklahoma city,2014.0,ford,edge,gas,115887.0,clean,automatic,ok,35.435501,-97.518547,medium
east oregon,2007.0,toyota,"4runner sport edition 4dr suv 1-oregon owner*rust free* new bilstein lift*new 33""yokohama geolanders*new mk6 wheels*no accidents*tyger roof basket*all records since new",gas,171525.0,clean,automatic,or,45.5472,-122.5001,medium
jersey shore,1999.0,jeep,wrangler,gas,160880.0,clean,manual,nj,39.895139,-74.165647,low
sarasota-bradenton,2010.0,honda,civic,gas,79677.0,clean,automatic,fl,27.329701,-82.530265,low
columbia,1937.0,pontiac,2 door touring sedan,gas,34000.0,clean,manual,sc,33.9724,-81.2359,medium
"washington, DC",2008.0,ford,f250 xlt,gas,147000.0,clean,automatic,dc,39.1436,-77.7342,medium
san antonio,2019.0,ford,super duty f-250,diesel,50138.0,clean,automatic,tx,29.67838,-95.43512,high
erie,2015.0,buick,regal premium,gas,95000.0,rebuilt,automatic,pa,42.204994,-79.767952,low
boston,2001.0,other,isuzu npr box truck,diesel,113000.0,clean,automatic,ma,42.865114,-70.887757,low
south jersey,2010.0,mercury,milan,gas,90000.0,clean,automatic,nj,40.5393,-74.3117,low
reno / tahoe,2006.0,audi,a6 3.2,gas,161000.0,clean,automatic,ca,38.917,-119.9865,low
denver,2011.0,gmc,sierra denali,gas,181930.0,clean,automatic,co,39.914188,-105.076536,medium
harrisburg,2017.0,toyota,tundra platinum,gas,75225.0,clean,automatic,pa,40.353611,-76.374995,high
albuquerque,2016.0,gmc,terrain sle-1 sport utility,gas,54573.0,clean,other,nm,35.11,-106.62,medium
las cruces,2003.0,mercedes-benz,benz slk230,gas,60000.0,clean,automatic,nm,32.13058,-107.751305,medium
tri-cities,2016.0,ford,f350 super duty lariat,diesel,99575.0,clean,automatic,tn,36.2245,-79.8901,high
san diego,2005.0,toyota,tacoma 4x4,gas,129000.0,clean,automatic,ca,32.8178,-116.9223,medium
east idaho,2004.0,ford,explorer eddie bauer,gas,163717.0,clean,automatic,id,43.443236,-112.076172,low
denver,2005.0,honda,vtx1300c,other,5323.0,clean,other,co,38.8377,-104.837,low
vermont,2020.0,nissan,rogue,gas,36854.0,clean,automatic,vt,44.1945,-72.4936,high
central michigan,2013.0,lexus,ls 460 l sedan 4d,gas,60271.0,clean,automatic,mi,42.7,-84.55,high
des moines,2011.0,porsche,cayenne s awd luxury suv,gas,159937.0,clean,automatic,ia,44.8346,-91.5159,medium
kalamazoo,2013.0,ford,focus,gas,121166.0,clean,automatic,mi,43.1824,-84.1122,low
atlanta,2008.0,cadillac,escalade,gas,187000.0,clean,automatic,ga,34.0089,-84.6054,medium
santa barbara,2003.0,volkswagen,eurovan mv weekender,gas,109500.0,clean,automatic,ca,47.704884,-122.173819,high
appleton-oshkosh-FDL,2014.0,jeep,patriot,gas,96315.0,clean,automatic,wi,44.211276,-88.396106,medium
cincinnati,2014.0,chevrolet,cruze 4dr sdn auto 1lt,,80859.0,clean,automatic,oh,39.171991,-84.271999,medium
greensboro,2009.0,toyota,scion tc,gas,140000.0,clean,automatic,nc,36.1288,-79.4114,low
roanoke,2013.0,volvo,xc60 3.2,gas,114621.0,clean,automatic,va,37.286169,-80.061505,medium
las vegas,2016.0,lexus,is250 awd,gas,208000.0,clean,automatic,nv,36.245,-115.2743,low
amarillo,2016.0,nissan,pathfinder,gas,77000.0,clean,automatic,tx,35.1663,-101.8868,medium
tampa bay area,1999.0,chrysler,sebring convertible,gas,57000.0,clean,automatic,fl,27.9781,-82.7815,low
florida keys,2013.0,bmw,1 series 135i convertible 2d,gas,27287.0,clean,other,fl,25.08,-80.44,high
omaha / council bluffs,1994.0,ram,deisel cummins 3500,diesel,114000.0,clean,manual,ia,42.8411,-94.7252,medium
reno / tahoe,2013.0,rover,sport,gas,100009.0,clean,automatic,nv,38.608933,-121.430188,medium
finger lakes,2020.0,bmw,3 series m340i sedan 4d,other,9064.0,clean,other,ny,42.86,-76.98,high
fresno / madera,2008.0,dodge,grand caravan sxt,gas,108844.0,,automatic,ca,37.637869,-120.975297,low
dayton / springfield,2007.0,jeep,commander sport 4wd,gas,144000.0,clean,automatic,oh,39.628019,-84.293311,low
cleveland,2009.0,bmw,328 xi coupe,gas,158000.0,clean,automatic,oh,41.5084,-81.6076,low
pittsburgh,1997.0,ford,f250 diesel powerstroke 4x4,diesel,234000.0,clean,automatic,pa,40.855606,-80.542402,medium
"st louis, MO",2013.0,ford,f250,gas,62494.0,clean,automatic,il,38.566286,-90.134507,high
jackson,2017.0,jeep,wrangler unlimited rubicon,gas,20676.0,clean,other,tn,35.63,-88.82,high
raleigh / durham / CH,2013.0,gmc,sierra 1500 extended cab sle,gas,70559.0,clean,other,nc,35.82,-78.65,high
st cloud,2013.0,chevrolet,impala ltz,gas,122193.0,salvage,automatic,mn,45.924632,-94.34638,low
fort wayne,2014.0,chevrolet,silverado 1500 double,gas,26129.0,clean,other,in,41.07,-85.13,high
eugene,2014.0,porsche,cayenne,gas,73603.0,clean,automatic,or,45.523907,-122.538244,high
savannah / hinesville,2019.0,cadillac,xt4 sport suv 4d,other,12102.0,clean,other,ga,32.08,-81.1,high
asheville,2014.0,ford,super duty f-450 drw,gas,83664.0,clean,other,nc,35.534152,-82.432096,high
gainesville,,other,n Maxima,gas,28367.0,clean,automatic,fl,29.676827,-82.319202,high
grand island,2011.0,ford,f150 supercrew cab,other,189691.0,clean,automatic,ne,40.7378,-96.8445,medium
hudson valley,2016.0,mini,cooper s countryman,gas,96347.0,clean,automatic,ny,42.598179,-73.708295,medium
fayetteville,2012.0,ram,2500 laramie,diesel,1.0,clean,automatic,nc,36.12256,-80.070741,high
los angeles,2001.0,toyota,camry,gas,136100.0,clean,automatic,ca,33.811,-117.8493,low
hawaii,2011.0,ford,flex,gas,168000.0,clean,automatic,hi,21.3488,-157.8759,low
eugene,2004.0,ford,f650,diesel,262884.0,clean,manual,or,44.046393,-123.006379,high
knoxville,2014.0,ford,focus se,gas,119100.0,clean,automatic,tn,35.6884,-84.0769,low
seattle-tacoma,2018.0,toyota,prius c hatchback,hybrid,15858.0,clean,automatic,wa,47.65202,-122.331238,medium
bakersfield,2016.0,ford,transit cargo van,gas,117133.0,clean,automatic,ca,34.227125,-118.467977,medium
south jersey,2004.0,jeep,grand cherokee limited,gas,160000.0,clean,automatic,nj,39.795595,-75.038506,low
central michigan,2009.0,pontiac,vibe,gas,149295.0,clean,automatic,mi,43.1824,-84.1122,low
salem,2021.0,toyota,tacoma trd off road tec,gas,7181.0,clean,automatic,or,44.974446,-123.001662,low
el paso,2020.0,kia,soul lx wagon 4d,gas,10521.0,clean,other,tx,31.84,-106.43,medium
western massachusetts,2018.0,subaru,wrx sti sedan 4d,gas,46183.0,clean,other,ma,42.11,-72.53,high
buffalo,2015.0,hyundai,azera,gas,41820.0,clean,automatic,ny,42.787426,-78.7621,medium
western slope,2013.0,honda,civic sdn 4dr auto lx,,140793.0,clean,automatic,co,39.081944,-108.588542,low
la crosse,2019.0,ford,mustang ecoboost,gas,39685.0,clean,other,wi,43.82,-91.23,high
delaware,2010.0,honda,insight,hybrid,67751.0,clean,automatic,de,39.0735,-75.5083,low
rhode island,2013.0,other,International 4300,diesel,,clean,automatic,ri,41.66203,-71.571768,high
little rock,2017.0,gmc,acadia sle-1 sport utility,gas,48959.0,clean,other,ar,34.72,-92.35,medium
olympic peninsula,2015.0,ram,1500,gas,70288.0,clean,automatic,wa,47.1991,-122.3151,high
santa fe / taos,2012.0,dodge,grand caravan sxt,gas,95353.0,clean,automatic,nm,35.593602,-106.107622,low
madison,2005.0,pontiac,grand prix,gas,170768.0,clean,automatic,wi,42.252714,-89.076488,low
baltimore,2011.0,jeep,grand cherokee,gas,97683.0,clean,automatic,md,39.492412,-76.674443,medium
omaha / council bluffs,2009.0,kia,sportage ex,gas,90000.0,clean,automatic,ia,41.371899,-96.152653,medium
reading,2020.0,tesla,model 3 standard range,electric,10309.0,clean,other,pa,40.33,-75.92,high
"kansas city, MO",2013.0,chrysler,200 touring,gas,101533.0,clean,automatic,ks,41.2949,-96.0546,low
ventura county,2017.0,ford,mustang gt coupe 2d,gas,14113.0,clean,other,ca,33.7865,-84.4454,high
upper peninsula,2018.0,ford,f150 xlt 4x4,gas,30000.0,lien,automatic,mi,45.8006,-88.0773,high
austin,2015.0,subaru,outback,other,114936.0,clean,other,tx,30.582572,-97.692412,medium
little rock,2007.0,chevrolet,avalanche ltz,gas,180000.0,clean,automatic,ar,34.1376,-93.0561,low
western massachusetts,2018.0,nissan,frontier crew cab pro-4x,gas,37332.0,clean,other,ma,42.11,-72.53,high
boise,2011.0,honda,odyssey,gas,198317.0,clean,automatic,id,43.634,-116.3419,low
SF bay area,2014.0,honda,civic ex- l,gas,113472.0,clean,automatic,ca,38.352129,-121.936572,medium
syracuse,2016.0,kia,soul +,gas,87247.0,clean,automatic,ny,43.088524,-76.240954,medium
albany,2011.0,kia,sorento,gas,132000.0,clean,automatic,ny,42.804083,-73.954592,low
san diego,2016.0,toyota,tundra,gas,93129.0,clean,automatic,ca,33.13116,-117.0865,high
south jersey,2012.0,cadillac,srx luxury,gas,97400.0,clean,automatic,nj,39.699997,-74.894657,medium
corpus christi,2005.0,chevrolet,silverado 1500,gas,125000.0,clean,automatic,tx,27.788954,-97.402103,low
new york city,2015.0,toyota,highlander,gas,205000.0,clean,automatic,ny,40.753975,-73.900821,medium
springfield,2020.0,kia,optima lx,other,8699.0,clean,automatic,mo,37.112711,-93.484564,medium
lubbock,2019.0,ford,f-350,gas,44843.0,clean,automatic,tx,33.196047,-102.273565,high
nashville,2008.0,infiniti,m35s,gas,89200.0,clean,automatic,tn,36.0063,-86.7909,medium
inland empire,1999.0,volkswagen,cabrio convertible,gas,160000.0,clean,manual,ca,34.1283,-117.2087,low
eau claire,2007.0,ford,f150 4x4,gas,109237.0,clean,automatic,wi,44.579928,-91.648893,low
reno / tahoe,2017.0,rover,evoque,gas,34000.0,clean,automatic,ca,38.615505,-121.27169,high
jacksonville,2018.0,mercedes-benz,benz amg gt c,gas,4000.0,clean,automatic,fl,30.1223,-81.3627,high
cape cod / islands,1967.0,chevrolet,chevelle,gas,1.0,clean,manual,ma,41.7008,-70.0579,high
chicago,2017.0,lincoln,mkx,gas,41601.0,clean,automatic,il,40.4509,-86.1352,medium
sacramento,2019.0,honda,fit lx,gas,17181.0,clean,automatic,ca,38.610767,-121.422557,medium
meadville,2016.0,other,Scion iM Hatchback 4D,gas,65203.0,clean,other,pa,41.64,-80.14,medium
long island,2007.0,toyota,camry le,gas,21600.0,clean,automatic,ny,40.797762,-73.005567,low
bend,2016.0,toyota,4-runner,gas,49994.0,clean,automatic,or,45.382346,-122.605132,high
sarasota-bradenton,2019.0,chrysler,pacifica,gas,13514.0,clean,automatic,fl,27.241721,-82.506402,high
knoxville,2017.0,lexus,rx 350 sport utility 4d,gas,30472.0,clean,other,tn,35.97,-83.94,high
little rock,2012.0,toyota,,hybrid,161361.0,clean,automatic,ar,35.2295,-92.3578,low
lima / findlay,2007.0,ford,f-150,gas,107353.0,clean,automatic,oh,40.573231,-84.184755,medium
merced,2016.0,chevrolet,colorado crew cab z71,gas,,clean,other,ca,33.7865,-84.4454,high
tulsa,2016.0,ford,super duty f-750 straight frame,diesel,201035.0,clean,automatic,ok,40.468785,-74.281707,high
"kansas city, MO",2012.0,gmc,3500hd,diesel,98826.0,clean,automatic,ks,39.3299,-93.6761,high
bozeman,2021.0,toyota,venza xle,hybrid,11075.0,clean,automatic,mt,47.7989,-116.7423,high
cedar rapids,2014.0,ford,,gas,87830.0,clean,automatic,ia,42.056572,-91.438069,low
SF bay area,2016.0,bmw,,gas,67122.0,clean,automatic,ca,37.4396,-122.1864,medium
port huron,2011.0,ford,fiesta,gas,168102.0,clean,manual,mi,43.1824,-84.1122,low
kenosha-racine,2005.0,honda,odyssey,gas,123249.0,clean,automatic,wi,43.089566,-87.91729,low
little rock,2019.0,ford,f-150,gas,46310.0,clean,automatic,ar,38.4018,-93.785,high
modesto,2011.0,ford,f250 super duty xlt,gas,27886.0,clean,automatic,ca,37.737407,-120.925939,high
san antonio,2010.0,mazda,3,gas,155000.0,clean,automatic,tx,29.7229,-98.0742,low
san diego,1991.0,jeep,wrangler,gas,148000.0,clean,manual,ca,32.7969,-117.2405,low
norfolk / hampton roads,1997.0,ford,f250,diesel,283466.0,clean,manual,va,36.955,-76.543,low
jackson,1998.0,buick,century custom,gas,124000.0,,automatic,mi,42.300673,-84.024108,low
los angeles,1955.0,chevrolet,bel air,gas,1000.0,missing,manual,ca,33.7883,-116.9819,medium
pittsburgh,2015.0,chevrolet,trax,gas,53735.0,clean,automatic,pa,40.604132,-79.54799,medium
tulsa,2020.0,ram,1500,gas,41273.0,clean,automatic,ok,38.4018,-93.785,high
sarasota-bradenton,2006.0,audi,a4 2.0t quattro,gas,126000.0,clean,automatic,fl,27.400744,-82.565182,low
fresno / madera,2007.0,toyota,yaris,gas,198762.0,clean,manual,ca,36.905852,-119.794299,low
skagit / island / SJI,2002.0,porsche,911 carrera,gas,46053.0,clean,other,wa,48.7542,-122.471,high
colorado springs,2017.0,alfa-romeo,romeo giulia sedan 4d,gas,19835.0,clean,other,co,38.82108,-104.82311,high
south coast,2009.0,honda,civic ex,gas,168650.0,clean,automatic,ma,41.654685,-71.073856,low
new hampshire,2007.0,honda,accord,gas,283466.0,clean,automatic,nh,42.8874,-71.302,low
orlando,2021.0,ford,transit connect van xlt,gas,5.0,clean,automatic,fl,29.802268,-82.530537,high
florida keys,2019.0,jeep,cherokee latitude plus,gas,6955.0,clean,other,fl,25.08,-80.44,high
delaware,2006.0,mercury,mariner,gas,175000.0,clean,automatic,de,39.4815,-75.6832,low
southeast IA,2016.0,chevrolet,colorado crew cab,gas,39154.0,salvage,automatic,ia,41.0039,-91.9576,high
spokane / coeur d'alene,2020.0,subaru,forester,gas,2330.0,clean,automatic,id,48.609623,-118.057365,high
wichita,2014.0,chevrolet,impala,gas,32690.0,clean,automatic,ks,35.199,-97.4841,medium
ames,2007.0,chevrolet,tahoe,gas,185737.0,clean,automatic,ia,42.0379,-93.6003,low
houston,2015.0,ford,mustang,gas,61253.0,clean,automatic,tx,29.693823,-95.492652,medium
baltimore,2005.0,ford,ranger,gas,180000.0,clean,automatic,md,39.3093,-76.6699,low
worcester / central MA,2019.0,ford,ranger supercrew xl pickup,gas,5468.0,clean,other,ma,42.26,-71.8,high
los angeles,2005.0,porsche,cayenne s,gas,130000.0,clean,automatic,ca,33.6829,-117.8298,low
oklahoma city,2013.0,mercedes-benz,m-class,gas,108000.0,clean,automatic,ok,35.513336,-97.637553,low
orlando,2018.0,chevrolet,silverado 2500hd,diesel,159240.0,clean,automatic,fl,27.234099,-80.829894,high
"kansas city, MO",2015.0,ram,3500,gas,155426.0,clean,manual,ks,32.965063,-96.913304,high
youngstown,2006.0,pontiac,grand prix,gas,195339.0,clean,automatic,oh,41.023719,-80.594793,low
detroit metro,2012.0,gmc,acadia sle awd,gas,153553.0,,automatic,mi,42.568136,-83.813674,low
south bend / michiana,2007.0,rover,,gas,153522.0,clean,automatic,in,41.673165,-86.177187,low
"kansas city, MO",2002.0,volvo,s60,gas,104611.0,clean,automatic,ks,39.065128,-94.858257,low
houston,2011.0,audi,q7,gas,98856.0,clean,automatic,tx,29.723398,-95.521538,medium
grand rapids,2012.0,mercedes-benz,glk350 4matic awd,gas,103881.0,clean,automatic,mi,44.8346,-91.5159,medium
new york city,2013.0,other,cc300,gas,106000.0,clean,automatic,ny,40.892,-73.628,medium
eugene,2008.0,ford,f350,diesel,155000.0,clean,automatic,or,44.0682,-123.0819,high
las vegas,2011.0,dodge,caliber heat,gas,135000.0,clean,automatic,nv,36.1781,-115.3183,low
hickory / lenoir,2005.0,infiniti,g35x sedan,gas,194000.0,clean,automatic,nc,35.9149,-81.5398,low
cleveland,2020.0,kia,soul s wagon 4d,gas,40166.0,clean,other,oh,41.47,-81.67,medium
south florida,2008.0,mercedes-benz,s-class,gas,105000.0,clean,automatic,fl,25.9597,-80.1403,low
fresno / madera,2010.0,hyundai,elantra gls,gas,149760.0,clean,automatic,ca,36.769664,-119.699564,low
mankato,2017.0,audi,q5 3.0t premium plus sport,gas,14318.0,clean,automatic,mn,44.16,-93.99,high
susanville,2012.0,rover,evoque,gas,128675.0,clean,automatic,ca,38.605011,-121.401917,medium
altoona-johnstown,2017.0,ford,mustang gt coupe 2d,gas,14113.0,clean,other,pa,40.5,-78.4,high
tampa bay area,2000.0,other,kenworth w900,diesel,170000.0,clean,manual,fl,28.0263,-82.5224,high
springfield,2020.0,ford,explorer,gas,27130.0,clean,automatic,mo,38.382623,-93.77344,high
tulsa,2017.0,nissan,altima 2.5 sv,other,123650.0,clean,automatic,ok,36.093598,-94.19146,medium
detroit metro,2015.0,chevrolet,silverado,gas,169000.0,clean,automatic,mi,42.626355,-82.861977,high
northwest GA,2016.0,chevrolet,silverado 1500 regular,gas,41568.0,clean,other,ga,34.92,-85.25,high
redding,2000.0,ford,windstar,gas,203658.0,clean,automatic,ca,40.61879,-122.430482,low
north jersey,2019.0,ford,f150 regular cab xlt pickup,gas,21480.0,clean,other,nj,40.44,-74.82,high
medford-ashland,2019.0,ram,3500,diesel,26119.0,clean,automatic,or,38.79662,-121.21584,high
omaha / council bluffs,2016.0,bmw,x1,gas,38976.0,clean,automatic,ia,41.207382,-96.023096,medium
rapid city / west SD,2014.0,ford,edge,gas,50979.0,clean,automatic,sd,43.5566,-96.8028,medium
western massachusetts,2005.0,dodge,stratus,gas,105210.0,clean,automatic,ma,41.915593,-72.61482,low
san antonio,2014.0,gmc,terrain sle,gas,130550.0,clean,automatic,tx,29.512345,-98.534361,medium
erie,2017.0,mazda,mx-5 miata grand touring,gas,4068.0,clean,other,pa,42.12,-80.08,high
corvallis/albany,2004.0,ford,ranger,gas,188500.0,clean,manual,or,44.3981,-122.7286,low
oklahoma city,2018.0,toyota,highlander le sport,gas,35134.0,clean,other,ok,35.46,-97.51,high
new york city,2009.0,lincoln,mkx,gas,180432.0,clean,automatic,ny,40.679,-73.9644,low
rochester,1998.0,other,Pierce Model Tilt Cab,diesel,156623.0,clean,automatic,ny,37.1952,-78.1961,medium
lansing,2017.0,nissan,z,gas,16835.0,clean,other,mi,43.0506,-83.61512,high
peoria,2020.0,dodge,journey se value sport,gas,10469.0,clean,other,il,40.74,-89.6,high
topeka,2004.0,buick,lesabre,gas,138037.0,clean,automatic,ks,39.137157,-95.954892,low
fargo / moorhead,2019.0,dodge,charger,gas,37511.0,clean,automatic,mn,46.590185,-95.57469,high
colorado springs,2018.0,subaru,forester,gas,50826.0,clean,automatic,co,39.580309,-104.954917,medium
maine,2008.0,jeep,patriot sport-4x4,gas,153033.0,clean,automatic,me,42.8285,-71.6606,low
stockton,2000.0,chevrolet,camaro,gas,108000.0,clean,automatic,ca,38.5673,-121.5516,medium
sacramento,2019.0,infiniti,q60,gas,3200.0,clean,manual,ca,38.660046,-121.166899,high
ventura county,2011.0,kia,soul,gas,149000.0,clean,manual,ca,34.070612,-117.383384,low
kennewick-pasco-richland,2011.0,chevrolet,tahoe lt,gas,158192.0,,automatic,wa,47.104226,-119.250561,medium
tucson,2018.0,ford,escape sel sport utility 4d,gas,24380.0,clean,automatic,az,32.21,-110.96,medium
lehigh valley,2004.0,ford,ranger super cab,gas,107429.0,clean,manual,pa,40.857,-73.3146,medium
ft myers / SW florida,2017.0,nissan,altima,gas,85139.0,clean,automatic,fl,26.657967,-81.844788,medium
fresno / madera,2013.0,chevrolet,corvette grand sport,gas,51525.0,clean,other,ca,33.779214,-84.411811,high
charlotte,2014.0,gmc,sierra 1500 crew 4x4,gas,145257.0,clean,automatic,nc,36.142952,-80.081908,high
orange county,2008.0,toyota,highlander sport,gas,148000.0,clean,automatic,ca,33.7875,-117.8776,medium
central NJ,2017.0,dodge,grand caravan se wagon,,29982.0,clean,automatic,nj,40.46865,-74.29699,medium
columbus,2005.0,honda,cr-v,gas,150139.0,clean,automatic,oh,41.56995,-81.574738,low
bellingham,2017.0,ram,1500,gas,28674.0,clean,automatic,wa,47.1991,-122.3151,high
minneapolis / st paul,2013.0,lincoln,navigator,other,108271.0,clean,automatic,mn,44.06562,-93.217461,medium
columbia / jeff city,2009.0,gmc,sierra 2500hd,gas,180000.0,clean,automatic,mo,39.7428,-92.328,medium
new hampshire,1999.0,volvo,s70 glt,gas,225000.0,clean,automatic,nh,42.970443,-71.735652,low
minneapolis / st paul,2018.0,ford,ecosport se sport utility,gas,21294.0,clean,other,mn,44.76,-93.62,medium
raleigh / durham / CH,2010.0,hyundai,sonata,gas,71000.0,clean,automatic,nc,,,low
austin,2009.0,pontiac,g8,gas,84300.0,clean,automatic,tx,30.444715,-97.782789,medium
"st louis, MO",2015.0,dodge,dart aero,gas,85389.0,clean,manual,il,38.703484,-90.249596,low
reno / tahoe,2016.0,ford,focus,other,67122.0,clean,manual,nv,39.49115,-119.790321,high
macon / warner robins,2007.0,chevrolet,5500,diesel,137455.0,clean,automatic,ga,,,high
tyler / east TX,2003.0,lexus,es300,gas,197130.0,rebuilt,automatic,tx,32.5143,-95.9047,low
bozeman,1995.0,toyota,hiace van,diesel,124000.0,clean,automatic,mt,47.6634,-117.2193,medium
tampa bay area,2016.0,nissan,nv 2500 cargo van,gas,110034.0,clean,automatic,fl,27.874799,-82.787061,medium
dallas / fort worth,2016.0,chevrolet,silverado 2500 hd,other,72410.0,clean,other,tx,32.79,-96.76,high
reno / tahoe,2011.0,lexus,lx 570,gas,107726.0,clean,automatic,nv,38.608933,-121.430188,high
austin,2019.0,ford,ranger,other,28006.0,clean,automatic,tx,30.582572,-97.692412,high
glens falls,2005.0,chevrolet,silverado 1500,gas,106098.0,lien,automatic,ny,43.329,-73.6818,medium
rochester,2018.0,ram,1500 quad cab harvest pickup,gas,29979.0,clean,other,mn,44.01,-92.47,high
redding,2019.0,lincoln,continental reserve,gas,9345.0,clean,other,ca,33.779214,-84.411811,high
fort collins / north CO,2017.0,subaru,crosstrek premium awd gas,gas,74599.0,lien,automatic,co,40.385,-104.6806,medium
st cloud,2019.0,chevrolet,silverado 1500 ld,gas,14508.0,clean,other,mn,45.55,-94.22,high
olympic peninsula,2019.0,subaru,crosstrek,gas,18361.0,clean,manual,wa,47.1991,-122.3151,high
east oregon,2017.0,honda,ridgeline,gas,82140.0,clean,automatic,or,44.022528,-116.946697,high
raleigh / durham / CH,2007.0,honda,cr-v,gas,235000.0,clean,automatic,nc,35.8321,-78.3174,low
modesto,2019.0,kia,niro lx wagon 4d,gas,12876.0,clean,other,ca,33.7865,-84.4454,medium
st george,2015.0,chevrolet,tahoe,other,126836.0,clean,automatic,ut,37.175631,-113.60824,high
florence,2013.0,gmc,sierra 1500 extended cab slt,other,80318.0,clean,other,sc,34.18,-79.78,high
yuba-sutter,2018.0,audi,a4 ultra premium sedan 4d,other,19027.0,clean,other,ca,39.05,-121.61,high
dallas / fort worth,2017.0,ford,edge,gas,18469.0,clean,automatic,tx,32.946016,-96.829355,high
monroe,2020.0,mitsubishi,outlander sport es,other,11103.0,clean,other,mi,41.91,-83.38,medium
fargo / moorhead,2018.0,jeep,cherokee,gas,18731.0,clean,automatic,mn,45.832663,-95.389148,high
east oregon,2015.0,ford,f150 platinum fx4 4x4 gas,gas,57265.0,clean,automatic,or,46.234838,-119.128015,high
olympic peninsula,2019.0,bmw,x3,gas,32791.0,clean,automatic,wa,47.1991,-122.3151,high
maine,2005.0,dodge,grand caravan wheelchair,gas,124174.0,clean,automatic,me,44.5628,-70.5358,low
memphis,2014.0,ford,super duty f-550 drw,diesel,39253.0,clean,automatic,tn,40.468785,-74.281707,high
san antonio,2011.0,bmw,3 series 328i m sport cabriolet,gas,55123.0,clean,automatic,tx,30.3432,-97.738975,medium
kennewick-pasco-richland,2012.0,mercedes-benz,benz slk 250,gas,19100.0,clean,manual,wa,46.0614,-118.3315,high
ventura county,2000.0,lexus,rx 300,gas,192000.0,clean,automatic,ca,34.1472,-118.8383,low
tampa bay area,2012.0,ford,super duty f-550 drw,gas,90858.0,clean,automatic,fl,27.479823,-82.571497,high
sarasota-bradenton,2016.0,audi,a6 2.0t premium sedan 4d,gas,40720.0,clean,other,fl,27.33,-82.54,high
raleigh / durham / CH,2018.0,gmc,acadia sle-2 sport utility,gas,24486.0,clean,other,nc,35.82,-78.65,high
flint,2012.0,gmc,acadia,gas,184540.0,clean,automatic,mi,43.1824,-84.1122,low
palm springs,1999.0,honda,accord ex,gas,146000.0,clean,automatic,ca,33.743904,-116.359028,low
SF bay area,2014.0,ford,e350 starcraft shuttle bus,gas,220000.0,clean,automatic,ca,37.7205,-122.1587,medium
dallas / fort worth,2016.0,chevrolet,3500 crew 4wd diesel,diesel,195767.0,clean,automatic,tx,37.13284,-95.78558,high
eugene,2012.0,acura,mdx,gas,109920.0,clean,automatic,or,45.382346,-122.605132,medium
reno / tahoe,2018.0,nissan,versa,gas,69910.0,clean,automatic,nv,38.597771,-121.403061,medium
bemidji,2017.0,dodge,grand caravan,gas,42121.0,clean,automatic,mn,48.600303,-93.404626,medium
western massachusetts,2001.0,gmc,jimmy,gas,217150.0,clean,automatic,ma,42.301,-73.3223,low
clarksville,2016.0,jeep,grand cherokee,gas,89329.0,clean,automatic,tn,36.5853,-87.4186,high
milwaukee,2010.0,chevrolet,corvette coupe 2d,gas,19502.0,clean,other,wi,43.06,-87.96,high
pittsburgh,2015.0,gmc,sierra 2500hd,gas,67000.0,clean,automatic,pa,40.3074,-79.5424,high
los angeles,2017.0,nissan,sentra sv cvt,gas,90338.0,clean,other,ca,34.200831,-118.571557,medium
wichita,2006.0,toyota,scion tc,gas,137000.0,rebuilt,automatic,ks,37.669,-97.2802,low
akron / canton,2012.0,kia,forte,gas,141570.0,clean,automatic,oh,40.796036,-81.43153,low
texarkana,2016.0,bmw,3 series 340i sedan 4d,gas,46057.0,clean,other,ar,33.7865,-84.4454,high
madison,2020.0,chevrolet,silverado 1500 crew,gas,4135.0,clean,other,wi,43.07,-89.38,high
albuquerque,1958.0,chevrolet,panel truck,other,88888.0,clean,other,nm,35.123378,-106.632628,low
des moines,2018.0,ram,3500,gas,71423.0,clean,automatic,ia,44.7272,-90.4922,high
charleston,2020.0,gmc,yukon slt sport utility 4d,gas,28552.0,clean,other,sc,32.78,-79.99,high
topeka,2019.0,gmc,sierra 1500 limited double,gas,14222.0,clean,other,ks,39.03,-95.69,high
yuba-sutter,2015.0,chevrolet,silverado 1500 lt,other,52450.0,clean,automatic,ca,38.610767,-121.422557,high
fresno / madera,2008.0,toyota,tundra,gas,56000.0,clean,automatic,ca,38.614287,-121.270495,high
williamsport,2008.0,infiniti,qx56 4wd,gas,144508.0,clean,automatic,pa,40.9218,-77.0505,low
kalispell,2009.0,dodge,challenger r/t,gas,42600.0,clean,automatic,mt,47.696062,-116.781406,high
fayetteville,1994.0,cadillac,deville,gas,182000.0,clean,automatic,nc,35.0583,-79.008,low
hawaii,2007.0,ford,e250 cargo van,gas,165302.0,clean,automatic,hi,19.570449,-154.956772,low
boulder,1977.0,chevrolet,g30 van,gas,99999.0,clean,automatic,co,40.0497,-105.2143,low
eastern montana,2005.0,jaguar,xk8,gas,127000.0,clean,automatic,mt,43.863574,-95.113807,medium
cleveland,2014.0,chevrolet,silverado 1500 ltz,gas,100000.0,clean,manual,oh,41.040727,-81.43451,low
memphis,2007.0,buick,lucerne,gas,111500.0,clean,automatic,tn,35.0778,-89.8845,low
tucson,2002.0,nissan,xterra xe 4x4,gas,182979.0,clean,automatic,az,32.451085,-110.990238,low
yuba-sutter,2002.0,ford,f150 4x4,gas,218252.0,clean,automatic,ca,39.148675,-121.584093,medium
oklahoma city,2018.0,subaru,outback 2.5i limited,gas,33970.0,clean,other,ok,35.46,-97.51,high
spokane / coeur d'alene,2008.0,other,Minin Cooper,gas,96000.0,clean,manual,id,48.1248,-116.6571,low
daytona beach,2016.0,hyundai,accent,gas,94285.0,clean,automatic,fl,29.196674,-81.016966,low
youngstown,2014.0,ford,escape se awd,gas,161678.0,clean,automatic,oh,41.166223,-80.663853,low
humboldt county,2015.0,ford,fusion,gas,76196.0,clean,automatic,ca,40.591715,-124.146645,medium
stockton,2014.0,honda,civic si coupe 2d,gas,25724.0,clean,other,ca,33.7865,-84.4454,medium
des moines,2012.0,chevrolet,2500,diesel,186676.0,clean,automatic,ia,30.649106,-97.866554,high
new hampshire,2016.0,mitsubishi,outlander sport,gas,60356.0,clean,automatic,nh,42.920261,-72.291197,medium
harrisburg,2008.0,honda,civic,gas,166000.0,clean,automatic,pa,40.233933,-77.121608,low
philadelphia,2017.0,subaru,impreza,gas,66447.0,clean,automatic,pa,40.699264,-75.226232,low
hartford,2008.0,lexus,isf,gas,122000.0,clean,automatic,ct,41.8341,-72.5576,high
syracuse,2008.0,volkswagen,jetta,gas,136000.0,clean,automatic,ny,43.080395,-76.077733,low
norfolk / hampton roads,2016.0,subaru,wrx sti sedan 4d,other,21195.0,clean,other,va,36.67,-76.3,high
sacramento,2015.0,other,4 Series 428i xDrive Gran,gas,97365.0,clean,automatic,ca,38.5539,-121.3693,medium
cincinnati,2012.0,chevrolet,volt,hybrid,72205.0,clean,,oh,39.00257,-84.423424,low
lexington,2011.0,chrysler,200,gas,89250.0,clean,automatic,ky,37.929964,-84.473168,low
missoula,2019.0,volkswagen,tiguan se,gas,27506.0,clean,manual,mt,47.696062,-116.781406,high
winston-salem,2002.0,ram,3500 van,gas,260000.0,clean,automatic,nc,35.927311,-80.539055,low
los angeles,2003.0,chrysler,sebring,gas,183965.0,clean,automatic,ca,34.047083,-118.296512,low
north jersey,2001.0,infiniti,i30,gas,108930.0,clean,automatic,nj,40.859074,-74.360058,low
brunswick,2018.0,lincoln,mkz select sedan 4d,gas,16081.0,clean,automatic,ga,31.15,-81.48,high
memphis,2007.0,saturn,ion,gas,170000.0,clean,automatic,tn,35.14941,-89.961296,low
orlando,2011.0,toyota,prius,gas,163000.0,clean,automatic,fl,28.462021,-81.370583,low
hawaii,2019.0,subaru,crosstrek,gas,13963.0,clean,automatic,hi,20.890187,-156.461654,high
central NJ,2016.0,nissan,altima,gas,74845.0,clean,automatic,nj,40.3192,-74.4285,medium
southwest michigan,2010.0,chrysler,town & country,gas,144909.0,clean,automatic,mi,43.1824,-84.1122,low
detroit metro,2012.0,hyundai,santa fe,gas,99000.0,rebuilt,automatic,mi,42.539,-82.95,low
tulsa,2007.0,chevrolet,silverado 2500hd classic,diesel,236686.0,clean,automatic,ok,37.132515,-94.474498,high
springfield,2009.0,chrysler,town and country,gas,162000.0,clean,automatic,mo,37.1668,-93.3085,low
austin,2017.0,toyota,avalon,gas,45388.0,clean,automatic,tx,30.206851,-97.797381,high
nashville,2018.0,mercedes-benz,slc 300 roadster,other,42300.0,clean,other,tn,36.17,-86.78,high
modesto,2018.0,mercedes-benz,glc 300 sport,other,25067.0,clean,automatic,ca,33.7865,-84.4454,high
sacramento,2015.0,toyota,tacoma,gas,87826.0,clean,automatic,ca,38.60558,-121.40211,high
atlanta,2017.0,ford,fusion,gas,110451.0,clean,automatic,ga,33.766909,-84.641356,medium
hickory / lenoir,2006.0,mercedes-benz,benz,gas,157709.0,clean,automatic,nc,35.729695,-81.361075,low
asheville,2016.0,other,Scion iM Hatchback 4D,other,64923.0,clean,other,nc,35.57,-82.54,medium
los angeles,2012.0,ford,fusion se,gas,145000.0,clean,automatic,ca,33.7855,-118.2645,low
orange county,1965.0,ford,mustang,gas,1.0,clean,manual,ca,33.5145,-117.7084,medium
birmingham,2014.0,gmc,sierra 1500,,162934.0,clean,automatic,al,33.669601,-86.817617,high
"kansas city, MO",2016.0,nissan,titan xd,diesel,144705.0,clean,automatic,ks,39.008811,-94.714109,high
las vegas,2009.0,toyota,prius touring,hybrid,130836.0,clean,automatic,nv,36.061945,-115.006599,low
columbus,2016.0,mercedes-benz,metris,gas,100846.0,clean,automatic,oh,,,high
fresno / madera,2014.0,ford,f150 supercrew cab fx4,gas,95330.0,clean,automatic,ca,36.770294,-119.699929,high
western slope,2010.0,toyota,tacoma sr5,gas,174000.0,rebuilt,automatic,co,39.1032,-108.5491,medium
columbia / jeff city,2016.0,chevrolet,colorado crew cab z71,other,34940.0,clean,other,mo,38.95,-92.32,high
lakeland,2015.0,lexus,es 350 sedan 4d,other,64610.0,clean,other,fl,28.04,-81.96,medium
columbus,2018.0,infiniti,q50 3.0t sport sedan 4d,gas,16778.0,clean,other,ga,32.51,-84.87,high
hudson valley,2007.0,honda,accord,gas,147000.0,clean,automatic,ny,41.6907,-73.8621,low
fort wayne,2019.0,bmw,4 series 440i coupe 2d,gas,25656.0,clean,other,in,41.07,-85.13,high
bend,2008.0,nissan,titan,gas,85779.0,clean,automatic,or,45.382346,-122.605132,high
western slope,2016.0,jeep,renegade 4wd 4dr trailhawk,,75314.0,clean,automatic,co,39.081944,-108.588542,medium
hartford,2013.0,cadillac,escalade,other,147554.0,clean,automatic,ct,40.894535,-74.152367,medium
knoxville,2020.0,cadillac,xt5 sport suv 4d,gas,4322.0,clean,other,tn,35.97,-83.94,high
springfield,2018.0,ford,escape,gas,42541.0,clean,automatic,mo,38.382623,-93.77344,medium
youngstown,2011.0,infiniti,g sedan,gas,65411.0,clean,automatic,oh,40.49729,-80.069931,medium
ft myers / SW florida,2017.0,chevrolet,silverado 1500 regular,gas,40784.0,clean,other,fl,26.14,-81.79,high
des moines,2014.0,chevrolet,camaro,gas,70477.0,clean,automatic,ia,41.600223,-93.69852,medium
long island,2016.0,cadillac,ct6,gas,161500.0,clean,automatic,ny,40.8987,-73.0476,medium
central louisiana,2013.0,volvo,s60 t5 premier sedan 4d,gas,94192.0,clean,other,la,30.52,-92.08,medium
northwest OK,1997.0,acura,rl 2.5,gas,283466.0,clean,automatic,ok,36.2781,-97.8996,low
lafayette / west lafayette,2017.0,chevrolet,colorado extended cab,gas,22120.0,clean,other,in,40.41,-86.87,high
worcester / central MA,2017.0,ford,expedition xlt sport,gas,70760.0,clean,other,ma,42.26,-71.8,high
western massachusetts,2001.0,chrysler,pt cruiser,gas,68109.0,clean,automatic,ma,41.915593,-72.61482,low
stillwater,2014.0,audi,s5 prestige convertible 2d,gas,37573.0,clean,automatic,ok,36.13,-97.07,high
new york city,2007.0,toyota,rav4,gas,92463.0,clean,automatic,ny,40.7092,-73.77703,low
kennewick-pasco-richland,2020.0,mitsubishi,outlander sel 4x4 gas,gas,29891.0,clean,automatic,wa,46.234838,-119.128015,high
omaha / council bluffs,2016.0,toyota,rav4 xle,gas,68000.0,clean,automatic,ia,41.2064,-95.9953,medium
greensboro,2007.0,toyota,sequoia,gas,210153.0,clean,automatic,nc,36.689465,-79.857136,low
syracuse,2010.0,toyota,highlander sport,gas,167621.0,clean,automatic,ny,42.101285,-75.926773,medium
bakersfield,2018.0,toyota,highlander le sport,gas,29316.0,clean,other,ca,35.38,-119.02,high
lake charles,2010.0,chevrolet,camaro ss coupe 2d,gas,16903.0,clean,other,la,33.7865,-84.4454,high
bend,2005.0,toyota,camry le,gas,163462.0,clean,automatic,or,44.6376,-121.1349,low
nashville,2010.0,cadillac,cts,gas,87000.0,clean,automatic,tn,36.384565,-86.455772,medium
grand rapids,1999.0,gmc,sierra,gas,117593.0,salvage,automatic,mi,43.2768,-85.8313,low
dayton / springfield,2013.0,gmc,sierra 1500 crew cab slt,other,34413.0,clean,other,oh,39.77,-84.19,high
new hampshire,2018.0,jeep,wrangler unlimited all new,other,5933.0,clean,other,nh,42.99,-71.45,high
east oregon,1979.0,chevrolet,,gas,23000.0,clean,manual,or,44.3911,-118.9465,low
orlando,2014.0,ford,f-150 platinum 4x4,gas,132902.0,clean,automatic,fl,28.975665,-81.22961,high
santa fe / taos,2009.0,honda,crv exl,gas,102103.0,clean,automatic,nm,35.654786,-105.998497,medium
kalispell,1995.0,rover,defender 130,diesel,164300.0,clean,automatic,mt,48.404,-114.3509,high
portland,2008.0,bmw,x5,gas,132763.0,clean,automatic,or,45.46029,-122.57875,medium
baltimore,2007.0,dodge,caliber,gas,159000.0,clean,automatic,md,39.191249,-76.698647,low
winston-salem,2018.0,lincoln,navigator premiere sport,gas,29995.0,clean,other,nc,36.1,-80.24,high
denver,2018.0,nissan,rogue s**back up cam*fue,gas,34035.0,clean,automatic,co,39.675975,-105.008636,medium
asheville,2013.0,jeep,grand cherokee limited 4wd,gas,114188.0,clean,automatic,nc,35.190556,-83.368454,medium
columbia / jeff city,2019.0,chevrolet,silverado 1500,gas,39356.0,clean,automatic,mo,38.382623,-93.77344,high
erie,2007.0,bmw,525i,gas,112000.0,clean,automatic,pa,42.0976,-80.0935,low
milwaukee,2014.0,ford,e-series cargo e-350,other,79935.0,clean,automatic,wi,42.3542,-87.8651,medium
albany,2009.0,chevrolet,silverado 2500hd,gas,45330.0,clean,automatic,ny,42.598179,-73.708295,high
spokane / coeur d'alene,2018.0,volkswagen,atlas,gas,38006.0,clean,automatic,id,47.66236,-117.437255,high
bloomington,2006.0,chrysler,pt cruiser,gas,93150.0,clean,automatic,in,39.1263,-86.5769,low
sarasota-bradenton,2008.0,honda,civic,gas,160000.0,clean,automatic,fl,27.4072,-82.5303,low
flint,2010.0,ford,f-150 xlt,gas,112614.0,clean,automatic,mi,43.0348,-83.5268,medium
spokane / coeur d'alene,2008.0,toyota,rav4,gas,86328.0,clean,automatic,id,47.737767,-117.412158,medium
rhode island,2008.0,chevrolet,ss impala,gas,75000.0,clean,automatic,ri,41.7494,-71.4084,low
columbia / jeff city,2013.0,chevrolet,cruze ltz rs,gas,135845.0,clean,automatic,mo,38.99819,-90.974522,low
stockton,2017.0,gmc,sierra 1500 slt,gas,59055.0,clean,automatic,ca,38.610767,-121.422557,high
hartford,2006.0,cadillac,sts,gas,79000.0,clean,automatic,ct,41.784114,-72.276023,low
raleigh / durham / CH,2016.0,mercedes-benz,benz c300,gas,24119.0,clean,automatic,nc,35.843,-78.632,high
chicago,2015.0,nissan,altima 2.5,gas,118134.0,,other,il,41.806344,-87.723149,low
rochester,2000.0,ford,f-250 super duty,gas,121158.0,clean,automatic,ny,43.2267,-77.32547,medium
ventura county,2016.0,volkswagen,golf sportwagen tsi,gas,53245.0,clean,other,ca,33.7865,-84.4454,medium
dallas / fort worth,2019.0,dodge,charger,gas,30000.0,clean,automatic,tx,32.7649,-97.0112,low
modesto,2020.0,nissan,altima,gas,20499.0,clean,automatic,ca,38.608824,-121.400837,medium
sacramento,2016.0,chevrolet,silverado 1500 lt 4wd,gas,56559.0,clean,automatic,ca,38.610767,-121.422557,high
boise,2017.0,chevrolet,traverse,gas,37432.0,clean,automatic,id,43.583406,-116.559463,high
los angeles,1999.0,toyota,4runner,gas,168000.0,clean,automatic,ca,34.1722,-118.4051,low
pittsburgh,2013.0,nissan,rogue,gas,94000.0,salvage,automatic,pa,40.810152,-80.425219,low
modesto,2013.0,ford,mustang,gas,76640.0,clean,automatic,ca,37.738239,-120.939159,medium
northern WI,2004.0,gmc,sierra 1500,gas,144781.0,clean,automatic,wi,45.30034,-88.834614,low
"st louis, MO",2019.0,toyota,highlander,gas,40412.0,clean,automatic,il,38.802269,-90.673649,high
twin falls,2017.0,nissan,rogue awd,gas,28709.0,rebuilt,automatic,id,40.746893,-111.939569,medium
western maryland,2014.0,volkswagen,jetta sportwagen 2.0l,gas,40364.0,clean,automatic,md,33.7865,-84.4454,medium
los angeles,2013.0,ford,f-150,gas,90928.0,clean,automatic,ca,34.227125,-118.467977,high
richmond,2020.0,mitsubishi,outlander sport es,other,11103.0,clean,other,va,37.55,-77.46,medium
indianapolis,2016.0,toyota,corolla,gas,49502.0,clean,automatic,in,40.548193,-85.674713,medium
hawaii,,other,Grand Cherokee,,26608.0,clean,automatic,hi,21.318059,-157.865187,high
milwaukee,2005.0,hyundai,tucson,gas,118018.0,clean,automatic,wi,42.938433,-87.929283,low
fayetteville,2016.0,jeep,renegade,other,77032.0,clean,automatic,ar,36.6955,-93.115,medium
macon / warner robins,2017.0,lincoln,mkx,gas,111465.0,clean,automatic,ga,,,medium
fresno / madera,2012.0,kia,soul+,gas,116300.0,clean,automatic,ca,36.805405,-119.696578,low
new orleans,2014.0,chevrolet,equinox lt,gas,162288.0,clean,automatic,la,29.993717,-90.181751,medium
buffalo,2017.0,subaru,crosstrek,gas,61379.0,clean,manual,ny,42.787426,-78.7621,medium
columbus,2016.0,nissan,altima,gas,65291.0,clean,automatic,ga,32.548807,-84.924106,medium
new hampshire,2013.0,toyota,tacoma,gas,176000.0,clean,automatic,nh,43.188723,-71.504929,medium
charlotte,2006.0,chevrolet,cobalt,gas,165000.0,clean,automatic,nc,35.255123,-80.835857,low
beaumont / port arthur,2019.0,acura,mdx sh-awd sport utility,other,27387.0,clean,other,tx,30.08,-94.14,high
milwaukee,2002.0,toyota,rav4,gas,151336.0,clean,automatic,wi,42.57992,-87.820874,low
lexington,1992.0,lexus,sc300,gas,55000.0,clean,manual,ky,38.0413,-84.7287,medium
cincinnati,2014.0,nissan,juke nismo rs i4 turbo awd,gas,,clean,automatic,oh,39.0731,-84.325896,medium
anchorage / mat-su,2018.0,fiat,500,gas,4304.0,clean,other,ak,61.13336,-149.86595,medium
hartford,2010.0,subaru,forester,gas,146146.0,clean,automatic,ct,41.931038,-72.767128,low
modesto,2004.0,ford,f150,gas,167000.0,clean,automatic,ca,37.6409,-120.9749,low
prescott,2017.0,gmc,sierra 2500 slt,other,108735.0,clean,automatic,az,33.396353,-111.954863,high
orange county,2009.0,honda,accord,gas,143000.0,clean,automatic,ca,33.844,-117.955,low
odessa / midland,2005.0,chevrolet,,gas,130000.0,clean,automatic,tx,31.851988,-102.355017,low
las vegas,2019.0,volkswagen,e-golf se hatchback,gas,6017.0,clean,other,nv,36.17,-115.12,medium
reno / tahoe,2014.0,other,international 4400,diesel,274632.0,clean,automatic,ca,38.0968,-122.2699,high
hartford,1953.0,chevrolet,3100 pickup,gas,80000.0,clean,automatic,ct,41.8341,-72.5576,high
charlotte,2010.0,mini,cooper s.,gas,0.0,clean,manual,nc,35.253969,-80.528927,low
jersey shore,2012.0,acura,tsx sedan 4d,gas,69148.0,clean,other,nj,39.26,-74.6,medium
indianapolis,2009.0,cadillac,cts4,gas,128000.0,clean,automatic,in,39.8088,-86.3163,low
boulder,2016.0,volvo,s60 t5 inscription,gas,47522.0,clean,other,co,40.02104,-105.26465,medium
st cloud,2018.0,ford,explorer,gas,80909.0,clean,automatic,mn,45.547556,-94.191288,high
birmingham,1991.0,chevrolet,corvette,gas,43725.0,clean,automatic,al,33.669601,-86.817617,medium
orange county,2007.0,toyota,camry,gas,77588.0,clean,automatic,ca,33.875577,-117.570384,medium
flagstaff / sedona,2017.0,ford,f150 supercrew cab xlt,other,29073.0,clean,other,az,33.779214,-84.411811,high
macon / warner robins,2017.0,chevrolet,colorado extended cab,gas,22120.0,clean,other,ga,32.8095,-83.6168,high
monterey bay,2019.0,mini,cooper s e countryman,hybrid,26109.0,clean,automatic,ca,35.283445,-120.658029,high
wenatchee,2017.0,ford,f350 diesel powerstroke fx4,diesel,27067.0,clean,automatic,wa,46.234838,-119.128015,high
colorado springs,2018.0,ford,escape,gas,19819.0,clean,automatic,co,39.580309,-104.954917,high
hudson valley,2019.0,toyota,tundra crewmax sr5 pickup,gas,15512.0,clean,other,ny,41.93,-73.99,high
toledo,2009.0,ford,escape,gas,83889.0,clean,automatic,oh,41.7531,-83.6259,low
athens,2014.0,bmw,x3 xdrive 28i,gas,99771.0,clean,automatic,ga,34.80145,-82.42621,medium
salina,2015.0,cadillac,srx,gas,95733.0,clean,automatic,ks,39.0299,-96.8396,medium
harrisonburg,2020.0,infiniti,qx60 luxe sport utility,gas,6500.0,clean,automatic,va,38.43,-78.87,high
pittsburgh,2008.0,chevrolet,malibu,gas,157733.0,clean,automatic,pa,40.562486,-79.767482,low
potsdam-canton-massena,2013.0,subaru,xv crosstrek 2.0i premium,gas,128586.0,clean,automatic,ny,44.758411,-73.954124,medium
albany,2018.0,jaguar,e-pace p300 r-dynamic s,other,5837.0,clean,other,ga,31.57,-84.17,high
"washington, DC",2007.0,volkswagen,jetta,gas,165.0,clean,automatic,dc,38.8582,-76.6145,low
lancaster,2006.0,toyota,camry,gas,236176.0,clean,automatic,pa,40.2297,-76.1157,low
lehigh valley,2005.0,dodge,stratus sxtsedan,gas,170000.0,,automatic,pa,40.617325,-75.441437,low
tampa bay area,2015.0,bmw,528i,gas,71151.0,clean,automatic,fl,27.946392,-82.342089,medium
tucson,2013.0,volkswagen,beetle tdi hatchback,other,38550.0,clean,other,az,32.21,-110.96,medium
sacramento,2009.0,other,INTERNATIONAL 7500,other,283466.0,clean,other,ca,38.5178,-121.4419,high
chattanooga,2019.0,ford,transit,gas,31020.0,clean,automatic,tn,36.4641,-86.65828,high
sioux falls / SE SD,2011.0,chevrolet,avalanche z71,gas,158000.0,clean,automatic,sd,42.7951,-96.9258,medium
hawaii,2012.0,nissan,frontier sv crew cab,gas,100264.0,clean,automatic,hi,20.774332,-156.452715,medium
southwest michigan,2020.0,ford,ranger supercab xl pickup,gas,10688.0,clean,other,mi,42.27,-85.58,high
minneapolis / st paul,2011.0,acura,rdx sh-awd,gas,131234.0,clean,automatic,mn,44.7609,-93.2753,medium
mendocino county,2019.0,toyota,prius plus hybrid,hybrid,12000.0,clean,automatic,ca,39.4493,-123.3679,high
hudson valley,2005.0,toyota,camry,gas,100924.0,clean,automatic,ny,41.552532,-72.999092,low
nashville,2016.0,chevrolet,equinox,gas,90806.0,rebuilt,automatic,tn,35.759535,-86.403621,low
san diego,2016.0,audi,a7 premium plus sedan 4d,gas,35564.0,clean,other,ca,32.74,-117.17,high
columbus,2018.0,nissan,rogue,gas,22091.0,clean,automatic,ga,32.548807,-84.924106,high
rochester,2012.0,mazda,mazda6i,gas,170000.0,clean,automatic,mn,44.0496,-92.4896,low
imperial county,2012.0,ford,e-150 reefer cargo van,gas,33728.0,clean,automatic,ca,32.876963,-117.184057,high
kenai peninsula,2010.0,toyota,tundra,gas,90000.0,clean,automatic,ak,59.867807,-151.495269,high
upper peninsula,2015.0,chevrolet,cruze,gas,162841.0,clean,automatic,mi,43.1824,-84.1122,low
grand rapids,2018.0,chevrolet,cruze lt diesel,gas,41076.0,clean,other,mi,42.96,-85.65,medium
columbia,2013.0,mazda,5,gas,170000.0,clean,automatic,sc,34.025,-80.949,low
skagit / island / SJI,2012.0,ram,,diesel,115646.0,clean,automatic,wa,48.75674,-122.45052,high
anchorage / mat-su,2016.0,chevrolet,malibu,gas,45000.0,clean,automatic,ak,61.2126,-149.8835,medium
roanoke,2012.0,other,International TerraStar,diesel,167500.0,clean,automatic,va,37.2706,-79.936,low
north platte,2015.0,chevrolet,silverado 2500,gas,179667.0,clean,automatic,ne,41.1437,-104.7962,high
southwest VA,2016.0,ford,super duty f-250 srw,diesel,118000.0,clean,automatic,va,36.277274,-80.339826,high
central michigan,2013.0,tesla,model s signature,electric,62588.0,clean,other,mi,42.7,-84.55,high
modesto,2016.0,hyundai,sonata,gas,50995.0,clean,automatic,ca,37.600004,-120.938713,medium
SF bay area,2015.0,mercedes-benz,,gas,34635.0,clean,automatic,ca,37.8002,-122.4091,high
reading,2017.0,infiniti,qx60 3.5 sport utility,other,36656.0,clean,other,pa,40.33,-75.92,high
phoenix,2018.0,buick,encore sport touring,gas,18959.0,clean,other,az,33.51,-112.36,medium
lubbock,2017.0,gmc,sierra,gas,98040.0,clean,automatic,tx,33.196047,-102.273565,high
san antonio,1947.0,chevrolet,truck,gas,77089.0,clean,manual,tx,29.6562,-98.4967,high
bakersfield,2018.0,toyota,tacoma,gas,35849.0,clean,automatic,ca,34.070422,-117.383339,high
charleston,2010.0,ford,f-350 utility truck,gas,132094.0,,automatic,sc,29.620824,-82.386324,medium
macon / warner robins,2018.0,chevrolet,equinox lt,gas,26791.0,clean,automatic,ga,29.801672,-82.528477,high
"st louis, MO",2017.0,cadillac,xts,gas,62051.0,clean,automatic,il,38.588255,-89.923709,high
yuba-sutter,2013.0,hyundai,sonata gls pzev,gas,101048.0,,automatic,ca,39.123441,-121.61144,medium
south florida,2010.0,chevrolet,silverado 1500 ltz 4x4,gas,124248.0,clean,automatic,fl,27.234099,-80.829894,medium
south florida,2013.0,ford,transit connect,gas,68967.0,clean,automatic,fl,26.095265,-80.201169,medium
cincinnati,2011.0,toyota,corolla 4dr sdn auto s (natl),,126872.0,clean,automatic,oh,39.171991,-84.271999,medium
finger lakes,2012.0,chevrolet,corvette grand sport,gas,32086.0,clean,automatic,ny,42.86,-76.98,high
las vegas,2000.0,jeep,grand cherokee 4wd,gas,200816.0,clean,automatic,nv,36.094157,-115.200904,low
bakersfield,2010.0,gmc,sierra 3500 diesel trucks 6.6l duramax sle allison 1000,diesel,110473.0,clean,automatic,ca,38.5892,-121.4057,high
billings,2016.0,kia,soul,gas,63083.0,clean,automatic,mt,45.7629,-108.539,medium
battle creek,2011.0,ford,bus,gas,160349.0,clean,automatic,mi,42.722274,-85.472603,medium
las vegas,2009.0,saturn,sky roadster 2d,gas,11327.0,clean,other,nv,36.17,-115.12,medium
el paso,2018.0,kia,niro ex wagon 4d,gas,17528.0,clean,other,tx,31.84,-106.43,medium
dayton / springfield,2018.0,toyota,rav4,gas,83778.0,clean,automatic,oh,39.76807,-84.19472,medium
oklahoma city,2005.0,infiniti,g35 coupe,gas,170412.0,clean,automatic,ok,35.162411,-97.532802,low
cincinnati,2013.0,ford,c-max hybrid sel wagon 4d,other,40332.0,clean,other,oh,39.09,-84.51,medium
omaha / council bluffs,2002.0,ford,explorer,gas,204000.0,clean,automatic,ia,41.2068,-95.9559,low
boston,2008.0,honda,civic ex-l,gas,169000.0,clean,automatic,ma,42.7846,-71.2176,low
killeen / temple / ft hood,2012.0,toyota,4runner,gas,165899.0,clean,automatic,tx,30.5784,-98.2751,medium
new river valley,2011.0,kia,optima lx,gas,97487.0,clean,automatic,va,37.137625,-80.414398,low
knoxville,2013.0,ford,f-150,gas,180000.0,clean,automatic,tn,36.0501,-83.9226,low
stockton,2016.0,mercedes-benz,glc,gas,41421.0,clean,automatic,ca,38.637036,-121.320439,high
manhattan,2003.0,dodge,grand caravan sport,gas,108000.0,clean,automatic,ks,39.2108,-96.4345,low
lexington,2019.0,toyota,camry,gas,36000.0,clean,automatic,ky,38.0413,-84.7287,medium
houston,2003.0,chevrolet,silverado 2500 hd,gas,129119.0,clean,automatic,tx,29.6984,-95.5405,low
denver,2004.0,other,Nascar,gas,3000.0,clean,manual,co,39.817153,-105.054563,medium
ventura county,2006.0,honda,civic,gas,135160.0,clean,automatic,ca,34.2262,-118.447,low
wausau,2007.0,buick,lacrosse,gas,203766.0,clean,automatic,wi,45.1809,-89.6907,low
denver,2006.0,chevrolet,silverado 1500 lt,gas,165189.0,clean,automatic,co,39.662483,-104.863442,low
baltimore,1997.0,toyota,corolla,gas,223242.0,clean,automatic,md,39.234602,-77.282985,low
inland empire,2009.0,toyota,camry,gas,161000.0,clean,automatic,ca,34.0662,-117.3993,low
appleton-oshkosh-FDL,2005.0,nissan,titan le,gas,169271.0,clean,automatic,wi,44.194759,-88.543797,low
eau claire,2014.0,kia,sorrento lx v6,gas,104000.0,clean,automatic,wi,44.8021,-91.4382,medium
ocala,2013.0,gmc,sierra1500 crewcab 4x4,gas,283466.0,clean,automatic,fl,29.364715,-82.1525,medium
lexington,2017.0,toyota,corolla se,gas,32000.0,clean,automatic,ky,38.0413,-84.7287,medium
vermont,2015.0,gmc,sierra,gas,103311.0,clean,automatic,vt,43.066264,-71.447,high
akron / canton,2018.0,volvo,xc60 t6 inscription sport,gas,33978.0,clean,other,oh,41.08,-81.52,high
modesto,2015.0,chevrolet,silverado 1500 ls,gas,74145.0,clean,automatic,ca,37.596846,-120.938695,high
san antonio,1929.0,mercedes-benz,benz,gas,1.0,clean,manual,tx,29.5613,-97.9628,low
greenville / upstate,2013.0,chevrolet,silverado diesel 3500,diesel,215300.0,clean,automatic,sc,34.9176,-82.1258,medium
springfield,2014.0,cadillac,xts luxury,gas,103502.0,clean,automatic,mo,37.19543,-93.262086,medium
los angeles,2009.0,toyota,camry,gas,129000.0,clean,automatic,ca,33.7855,-118.2645,low
phoenix,2018.0,infiniti,q50 2.0t luxe sedan 4d,other,34955.0,clean,other,az,33.51,-112.36,high
denver,2009.0,subaru,forester xt,gas,128000.0,clean,automatic,co,39.7086,-104.9312,low
grand rapids,2019.0,chevrolet,equinox,gas,19388.0,clean,automatic,mi,42.447945,-85.660104,high
madison,2010.0,toyota,prius,hybrid,200314.0,clean,automatic,wi,43.028173,-89.382555,low
oklahoma city,2017.0,bmw,430i,gas,60104.0,clean,automatic,ok,34.1566,-97.1792,high
peoria,2020.0,infiniti,qx60 luxe sport utility,gas,6500.0,clean,automatic,il,40.74,-89.6,high
new york city,2012.0,nissan,murano s,gas,112000.0,clean,automatic,ny,40.6424,-73.9758,low
phoenix,2013.0,cadillac,ats,other,62517.0,clean,automatic,az,32.24951,-110.972417,medium
hickory / lenoir,2006.0,toyota,rav4,gas,126473.0,clean,automatic,nc,35.729695,-81.361075,low
orange county,2021.0,jeep,wrangler sport suv 2d,gas,2600.0,clean,other,ca,33.74,-117.82,high
orange county,2015.0,kia,optima hybrid,hybrid,107986.0,clean,automatic,ca,33.6829,-117.8298,low
hickory / lenoir,2013.0,bmw,5 series,gas,81671.0,clean,automatic,nc,,,medium
yakima,2012.0,dodge,challenger sxt,gas,95000.0,,automatic,wa,46.609386,-120.518686,medium
el paso,2017.0,rover,range evoque hse,other,24033.0,clean,automatic,tx,31.84,-106.43,high
houston,2016.0,hyundai,elantra,gas,106000.0,clean,automatic,tx,29.699,-95.5862,low
cincinnati,2005.0,nissan,altima sl,gas,136771.0,clean,automatic,oh,39.1657,-84.233,low
kennewick-pasco-richland,2007.0,lexus,ls 460 lwb,gas,169194.0,clean,automatic,wa,47.696062,-116.781406,medium
new hampshire,2010.0,bmw,528i,gas,93296.0,clean,automatic,nh,42.963962,-70.834852,medium
seattle-tacoma,2017.0,mazda,cx-5 grand touring,gas,33218.0,clean,automatic,wa,48.0564,-122.185,high
jacksonville,2020.0,cadillac,xt4 premium luxury,other,14766.0,clean,other,fl,30.33,-81.65,high
stockton,2012.0,jeep,wrangler unlimited rubicon,gas,104575.0,clean,automatic,ca,38.610767,-121.422557,high
south jersey,2014.0,nissan,altima 2.5s,gas,92.0,rebuilt,automatic,nj,39.4655,-74.9653,low
fayetteville,2016.0,bmw,x4,gas,66964.0,clean,automatic,ar,36.188577,-94.138303,high
tampa bay area,2018.0,kia,forte s sedan 4d,gas,50633.0,clean,other,fl,27.99,-82.27,medium
grand rapids,2004.0,mazda,tribute,gas,115000.0,clean,automatic,mi,42.882034,-85.719752,low
austin,1990.0,chevrolet,g 20,gas,116266.0,clean,automatic,tx,30.0918,-97.8534,medium
western slope,2013.0,chevrolet,silverado 3500hd work truck,gas,41202.0,clean,automatic,co,37.274825,-107.883358,high
des moines,2013.0,mercedes-benz,gl450 4matic 4wd l,gas,78249.0,clean,automatic,ia,44.8346,-91.5159,high
kennewick-pasco-richland,2017.0,nissan,lifted titan platinum 4x4,gas,29656.0,clean,automatic,wa,46.234838,-119.128015,high
eastern NC,1956.0,other,willys pickup,gas,100002.0,clean,automatic,nc,35.5866,-77.3485,medium
san diego,2014.0,tesla,model s,electric,61314.0,clean,automatic,ca,32.82387,-117.1552,high
boston,2013.0,chevrolet,avalanche black,gas,92607.0,clean,other,ma,42.37,-71.11,high
"quad cities, IA/IL",2019.0,nissan,sentra sr,gas,39149.0,clean,automatic,il,41.514641,-90.423821,medium
SF bay area,2011.0,chevrolet,tahoe,other,110700.0,clean,automatic,ca,37.323693,-121.919379,high
el paso,2018.0,audi,a4 allroad premium wagon 4d,gas,28162.0,clean,other,tx,31.84,-106.43,high
birmingham,2008.0,toyota,fj cruiser 4x4,gas,188096.0,clean,automatic,al,32.889405,-86.623027,medium
cleveland,2005.0,chevrolet,silverado 1500,gas,112000.0,rebuilt,automatic,oh,41.6587,-81.4445,low
SF bay area,2018.0,ford,f-450sd,gas,2268.0,clean,automatic,ca,34.070311,-117.446303,high
vermont,2012.0,other,MITUSBISHI OUTLANDER SPORT,gas,73057.0,clean,automatic,vt,44.439495,-73.210154,low
tucson,2015.0,hyundai,santa fe,gas,96834.0,clean,automatic,az,32.206798,-110.958687,medium
minneapolis / st paul,2008.0,chevrolet,silverado 1500,gas,153583.0,clean,automatic,mn,45.683596,-92.964836,medium
anchorage / mat-su,2016.0,dodge,charger se awd,gas,42422.0,clean,automatic,ak,61.166252,-149.857916,high
rhode island,2008.0,ford,f-150,gas,175866.0,clean,automatic,ri,42.225504,-71.762086,low
denver,2017.0,honda,civic,gas,44103.0,clean,manual,co,39.555745,-104.895711,high
albany,2017.0,cadillac,xt5 luxury sport,other,27935.0,clean,other,ga,31.57,-84.17,high
fort collins / north CO,2010.0,ford,f150 supercrew cab lariat,gas,176976.0,,automatic,co,40.420133,-104.781858,medium
SF bay area,2018.0,volkswagen,beetle 2.0t coast,gas,9303.0,clean,other,ca,37.84,-122.53,high
ventura county,2015.0,toyota,rav4 limited,gas,38800.0,clean,automatic,ca,34.2141,-119.175,medium
"st louis, MO",2017.0,ford,explorer,gas,60427.0,clean,automatic,il,38.531326,-90.384547,high
scranton / wilkes-barre,2007.0,ford,taurus,gas,160000.0,clean,automatic,pa,41.435,-75.6103,low
inland empire,2008.0,gmc,acadia,gas,150670.0,clean,automatic,ca,33.9553,-117.2457,low
albany,2013.0,subaru,xv crosstrek premium,gas,57371.0,clean,other,ny,42.66,-73.79,medium
phoenix,2017.0,chevrolet,silverado 1500 4wd cre,other,60290.0,clean,other,az,33.382139,-111.823648,high
grand rapids,1981.0,chevrolet,,gas,1234.0,clean,manual,mi,42.8187,-85.5244,low
ames,2018.0,ford,escape,gas,37906.0,clean,automatic,ia,42.035934,-93.864974,medium
winchester,2012.0,jeep,grand cherokee,gas,128475.0,clean,automatic,va,39.145255,-78.189017,medium
reno / tahoe,2018.0,toyota,rav4 hybrid limited sport,gas,14520.0,clean,other,ca,33.779214,-84.411811,high
daytona beach,1998.0,ford,f-150,gas,194000.0,clean,automatic,fl,29.2833,-81.0882,low
kalispell,2010.0,dodge,dakota bighorn 4x4,gas,67000.0,clean,automatic,mt,48.347265,-114.240561,medium
winston-salem,2012.0,ford,f-150 xlt 4x4,gas,114000.0,clean,automatic,nc,35.936572,-80.236597,medium
minneapolis / st paul,2020.0,dodge,grand caravan,gas,9479.0,rebuilt,automatic,mn,44.713712,-93.595344,medium
detroit metro,2004.0,chevrolet,trailblazer ext,gas,150000.0,clean,automatic,mi,42.379028,-83.138906,low
nashville,2016.0,toyota,tundra 4wd truck,gas,34000.0,rebuilt,automatic,tn,36.1546,-86.8602,high
fairbanks,2010.0,ram,1500,gas,148000.0,rebuilt,automatic,ak,64.0378,-145.7322,medium
long island,2001.0,nissan,frontier supercharged,gas,118000.0,clean,automatic,ny,40.8542,-73.2138,low
tuscarawas co,1957.0,volkswagen,,gas,1355.0,clean,manual,oh,40.6347,-81.4464,medium
lakeland,2014.0,bmw,3 series,gas,69943.0,clean,automatic,fl,28.466088,-81.396429,medium
anchorage / mat-su,2016.0,ford,f-350 lariat 6.7 diesel,diesel,88501.0,clean,automatic,ak,61.166353,-149.847206,high
central NJ,2007.0,infiniti,g35 sedan g35x,gas,125276.0,clean,automatic,nj,40.712147,-74.348656,low
tampa bay area,2017.0,ram,1500 rebel,gas,125000.0,clean,automatic,fl,28.0068,-82.556,high
grand rapids,2016.0,chrysler,300,gas,33000.0,clean,automatic,mi,43.057538,-85.954644,high
kennewick-pasco-richland,2019.0,chevrolet,silverado 1500 ltz z71,gas,13291.0,clean,automatic,wa,46.234838,-119.128015,high
phoenix,2018.0,ford,f-150 raptor 4wd supercrew,other,52653.0,clean,other,az,33.640251,-112.014798,high
south florida,2004.0,toyota,corolla,gas,112000.0,clean,automatic,fl,25.9894,-80.2153,low
flint,2010.0,chrysler,town and country,gas,224692.0,clean,automatic,mi,43.1824,-84.1122,low
columbus,2004.0,saturn,vue,gas,149000.0,clean,automatic,oh,39.942263,-82.833604,low
tucson,2015.0,chrysler,300,gas,32156.0,clean,automatic,az,32.271329,-110.993712,high
show low,2009.0,ford,e-150,gas,15900.0,clean,automatic,az,34.2998,-110.0,high
albany,2017.0,chevrolet,colorado crew cab lt,other,30727.0,clean,other,ny,42.66,-73.79,high
gold country,2018.0,honda,civic,gas,30378.0,clean,automatic,ca,38.630615,-121.20752,medium
york,2015.0,toyota,tacoma double cab,gas,34375.0,clean,other,pa,39.96,-76.73,high
green bay,2006.0,ford,freestyle se,gas,190546.0,clean,automatic,wi,44.472801,-87.966821,low
"kansas city, MO",2016.0,toyota,rav4,gas,72381.0,clean,automatic,ks,39.008811,-94.714109,medium
albuquerque,2012.0,mini,cooper s,gas,73445.0,clean,automatic,nm,35.087165,-106.580249,medium
chicago,2016.0,nissan,titan xd crew cab pro-4x,diesel,43872.0,clean,other,il,41.83,-87.68,high
wilmington,2004.0,toyota,rav4,gas,155249.0,clean,automatic,nc,34.209703,-77.843995,low
lubbock,2011.0,ford,f150 xl,gas,81000.0,clean,automatic,tx,33.3299,-101.7122,medium
sarasota-bradenton,2004.0,toyota,rav4,gas,168000.0,clean,automatic,fl,27.265651,-82.527995,low
hartford,2013.0,honda,cr-v,gas,131447.0,clean,automatic,ct,40.894535,-74.152367,medium
dallas / fort worth,2006.0,gmc,sierra,gas,150000.0,clean,automatic,tx,32.6605,-97.0311,medium
erie,2012.0,infiniti,g37,gas,153820.0,clean,automatic,pa,41.56995,-81.574738,medium
indianapolis,2016.0,chevrolet,trax lt sport utility,gas,21269.0,clean,automatic,in,39.78347,-85.806306,medium
raleigh / durham / CH,2015.0,volvo,s60,gas,86834.0,clean,automatic,nc,35.716918,-78.625588,medium
north mississippi,,other,500,diesel,12338.0,,automatic,ms,32.332046,-90.857163,high
fredericksburg,2015.0,nissan,sentra s,gas,133000.0,clean,automatic,va,38.0553,-77.3504,low
northern michigan,2002.0,gmc,sierra,gas,166000.0,clean,automatic,mi,44.923961,-85.180435,low
la salle co,2010.0,chevrolet,corvette,gas,22000.0,clean,automatic,il,41.3526,-88.8416,high
southwest michigan,2018.0,chevrolet,colorado crew cab work,gas,11401.0,clean,other,mi,42.27,-85.58,high
memphis,2011.0,ford,f250,diesel,196000.0,clean,automatic,tn,37.108053,-95.787429,high
wilmington,2018.0,audi,q5 premium sport utility 4d,gas,22574.0,clean,other,nc,34.21,-77.91,high
austin,2018.0,infiniti,q50,gas,39745.0,clean,automatic,tx,30.402667,-97.761037,high
jacksonville,2012.0,hyundai,accent,gas,134076.0,clean,automatic,fl,30.286603,-81.553709,low
hartford,2008.0,dodge,magnum sxt,gas,91611.0,clean,automatic,ct,41.9099,-72.6029,medium
charlotte,2016.0,ram,2500,gas,121398.0,clean,automatic,nc,35.534152,-82.432096,high
bowling green,2015.0,ford,f-150,gas,148399.0,clean,automatic,ky,36.292259,-86.733337,medium
spokane / coeur d'alene,2010.0,lexus,rx 350,gas,63000.0,clean,automatic,id,,,high
sheboygan,2019.0,ram,1500,gas,39320.0,clean,automatic,wi,44.07818,-87.6968,high
norfolk / hampton roads,1998.0,jaguar,xj8,gas,82688.0,clean,automatic,va,36.7978,-76.1759,low
maine,2008.0,chevrolet,corvette,gas,150300.0,clean,automatic,me,42.834977,-71.107791,medium
"kansas city, MO",2018.0,audi,tt roadster,gas,28567.0,clean,automatic,ks,38.382623,-93.77344,high
terre haute,2017.0,gmc,sierra 1500 double cab,gas,31496.0,clean,automatic,in,39.47,-87.38,high
cleveland,2008.0,honda,cr-v,gas,128044.0,clean,automatic,oh,41.101059,-81.451631,low
southern WV,1987.0,other,International,diesel,283466.0,clean,manual,wv,38.8405,-77.8911,medium
sarasota-bradenton,2006.0,ford,e-350,gas,204138.0,clean,automatic,fl,27.479823,-82.571497,medium
minneapolis / st paul,2007.0,chevrolet,impala ltz,gas,144100.0,clean,automatic,mn,44.06562,-93.217461,low
"kansas city, MO",2008.0,toyota,tundra,gas,48750.0,clean,automatic,ks,38.819661,-94.534724,high
south jersey,2018.0,toyota,rav4,gas,72660.0,clean,automatic,nj,39.938023,-74.971461,medium
bend,2004.0,ford,super duty f-250 xlt,gas,135224.0,clean,automatic,or,47.81247,-122.32164,medium
rhode island,2005.0,gmc,c4500,diesel,83045.0,clean,automatic,ri,41.66203,-71.571768,high
ogden-clearfield,2011.0,chevrolet,cruze lt turbo,gas,74321.0,clean,automatic,ut,40.746538,-111.939826,low
austin,2019.0,ram,2500,other,61664.0,clean,automatic,tx,30.064714,-97.839307,high
rochester,2008.0,dodge,durango slt,gas,179000.0,clean,automatic,mn,44.0496,-92.4896,low
bellingham,2018.0,ford,f-150,gas,31536.0,clean,automatic,wa,47.1991,-122.3151,high
los angeles,2012.0,dodge,grand caravan,gas,204000.0,clean,automatic,ca,34.1468,-118.1391,low
hartford,2019.0,ford,transit van,gas,55556.0,clean,automatic,ct,41.904839,-72.612814,high
spokane / coeur d'alene,2019.0,toyota,tundra 4wd sr5,gas,42041.0,clean,other,wa,47.713556,-116.91795,high
roanoke,2016.0,ford,f350 super duty lariat,diesel,76962.0,clean,automatic,va,36.2245,-79.8901,high
ventura county,2007.0,dodge,caliber,gas,202481.0,clean,automatic,ca,34.34568,-119.072296,low
eau claire,2018.0,gmc,acadia sle-2 sport utility,gas,24486.0,clean,other,wi,44.82,-91.49,high
kennewick-pasco-richland,2012.0,ford,fusion,gas,104000.0,clean,automatic,wa,46.248,-119.1013,low
boise,2016.0,jeep,compass 4x4,gas,84116.0,rebuilt,automatic,id,40.746145,-111.939697,low
nashville,1970.0,chevrolet,c10,gas,20000.0,clean,manual,tn,35.871,-86.4181,low
reno / tahoe,2009.0,subaru,impreza,gas,100610.0,clean,automatic,ca,39.520506,-119.785349,low
tulsa,2007.0,subaru,legacy wagon,gas,143927.0,clean,automatic,ok,36.14811,-95.92612,low
oklahoma city,2016.0,subaru,outback,gas,205315.0,clean,,ok,39.0299,-96.8396,medium
lake charles,2018.0,lincoln,mkz select sedan 4d,gas,28791.0,clean,other,la,33.779214,-84.411811,high
springfield,2012.0,gmc,acadia denali,gas,167000.0,clean,automatic,mo,37.285941,-92.920191,medium
montgomery,2016.0,toyota,corolla,gas,141781.0,clean,automatic,al,32.4715,-86.4831,medium
detroit metro,2013.0,chrysler,town & country touring,gas,120316.0,clean,automatic,mi,42.445565,-83.159466,medium
manhattan,2002.0,honda,accord sedan,gas,196000.0,clean,automatic,ks,39.1938,-96.5858,low
birmingham,2020.0,ford,f150 super cab xlt pickup,gas,12562.0,clean,other,al,33.52,-86.79,high
anchorage / mat-su,2016.0,audi,a4 premium plus awd,gas,54987.0,clean,automatic,ak,61.166353,-149.847206,high
norfolk / hampton roads,2021.0,chevrolet,silverado 1500,gas,11.0,clean,automatic,va,,,high
philadelphia,2016.0,ford,expedition el,gas,146095.0,clean,automatic,pa,40.185945,-74.749874,medium
des moines,2010.0,chevrolet,malibu,gas,183968.0,clean,automatic,ia,41.600976,-93.58129,low
asheville,2003.0,bmw,3 series,gas,82576.0,clean,automatic,nc,35.325853,-82.465413,low
akron / canton,2014.0,gmc,acadia,gas,150358.0,clean,automatic,oh,40.980404,-81.494766,medium
new river valley,2020.0,volvo,s60 t6 inscription sedan,other,11878.0,clean,other,va,37.12,-80.55,high
winston-salem,2016.0,gmc,yukon,gas,85662.0,clean,automatic,nc,,,high
san diego,1959.0,dodge,truck,gas,1000.0,missing,manual,ca,33.2131,-117.2243,low
el paso,2019.0,jaguar,e-pace p300 r-dynamic se,other,17961.0,clean,other,tx,31.84,-106.43,high
dallas / fort worth,2011.0,audi,s4,gas,155829.0,clean,automatic,tx,32.903118,-96.889894,medium
wichita,2018.0,ford,edge titanium,gas,59692.0,clean,automatic,ks,35.199,-97.4841,high
denver,2001.0,bmw,3 series,gas,115862.0,clean,automatic,co,39.740551,-105.084329,low
houston,2017.0,chevrolet,malibu hybrid sedan 4d,gas,41638.0,clean,other,tx,29.76,-95.38,medium
ventura county,2016.0,chevrolet,sonic,gas,63000.0,clean,automatic,ca,34.278498,-119.301693,low
ft myers / SW florida,2016.0,other,isuzu npr,diesel,75000.0,clean,automatic,fl,26.529,-82.0916,high
appleton-oshkosh-FDL,1987.0,toyota,supra,gas,180000.0,clean,manual,wi,44.0304,-88.607,medium
palm springs,2016.0,mercedes-benz,e 400,gas,62000.0,clean,automatic,ca,33.743904,-116.359028,high
modesto,2011.0,hyundai,santa fe,gas,97669.0,clean,automatic,ca,37.961518,-121.273657,medium
"washington, DC",2012.0,toyota,camry 2012 se,gas,118000.0,clean,automatic,dc,38.816,-77.461,low
eau claire,2019.0,honda,civic si sedan 4d,gas,40319.0,clean,other,wi,44.82,-91.49,high
youngstown,2003.0,chevrolet,silverado 1500 4x4,gas,128000.0,clean,manual,oh,41.024,-80.67,low
austin,1999.0,toyota,tacoma prerunner,gas,251000.0,clean,automatic,tx,30.3764,-97.7078,low
long island,2012.0,toyota,sienna xle awd,gas,91022.0,clean,automatic,ny,40.8143,-73.3634,medium
florence / muscle shoals,2016.0,kia,soul wagon 4d,gas,23972.0,clean,other,al,33.779214,-84.411811,medium
salem,2003.0,ford,excursion,diesel,193855.0,clean,automatic,or,45.382346,-122.605132,high
ann arbor,2013.0,ford,fusion se,gas,92948.0,clean,automatic,mi,41.3815,-83.6507,medium
jacksonville,2003.0,ford,f-150,gas,283466.0,clean,automatic,fl,30.327623,-81.59696,low
skagit / island / SJI,2020.0,jeep,wrangler,gas,16268.0,clean,automatic,wa,48.756909,-122.452132,high
bellingham,2009.0,subaru,outback,gas,138642.0,clean,automatic,wa,48.75674,-122.45052,low
lansing,2011.0,ford,fiesta,gas,168102.0,clean,manual,mi,43.1824,-84.1122,low
buffalo,2018.0,bmw,x1,gas,28312.0,clean,automatic,ny,,,high
east oregon,2004.0,jaguar,x-type,gas,111106.0,clean,automatic,or,45.48814,-122.579537,low
central NJ,2010.0,nissan,frontier se v6 4x2 4dr c,gas,81026.0,clean,automatic,nj,40.89333,-74.164125,medium
salem,2007.0,nissan,altima 2.5 s,gas,146195.0,clean,automatic,or,44.925908,-122.982753,low
jacksonville,2019.0,ram,1500 classic slt,gas,31810.0,clean,automatic,fl,29.801892,-82.530155,high
palm springs,2015.0,kia,optima lx,gas,79517.0,,automatic,ca,33.777106,-116.452952,medium
billings,2018.0,chevrolet,silverado,gas,34478.0,clean,automatic,mt,47.696062,-116.781406,high
port huron,2001.0,ford,explorer,gas,283466.0,clean,automatic,mi,42.996,-82.46,low
zanesville / cambridge,2011.0,jeep,grand cherokee,gas,117822.0,clean,automatic,oh,39.748631,-82.660598,medium
holland,2020.0,chevrolet,spark activ hatchback,gas,6395.0,clean,other,mi,42.77,-86.1,medium
worcester / central MA,2018.0,tesla,model 3,electric,26105.0,,automatic,ma,29.9108,-90.0531,high
south jersey,2009.0,honda,accord,gas,116852.0,clean,automatic,nj,40.18157,-74.663384,low
olympic peninsula,2018.0,subaru,wrx,gas,21423.0,clean,manual,wa,47.1991,-122.3151,high
modesto,2018.0,toyota,prius,gas,15560.0,clean,automatic,ca,37.600004,-120.938713,medium
orlando,2010.0,mercedes-benz,c-class,gas,106381.0,clean,manual,fl,28.792413,-81.231302,low
poconos,2002.0,other,saab 9-3 convertible,gas,32800.0,clean,automatic,pa,41.3447,-74.7136,low
tampa bay area,2006.0,chrysler,pt cruiser,gas,94000.0,clean,automatic,fl,28.3648,-82.6757,low
seattle-tacoma,2012.0,hyundai,genesis coupe 2.0t,gas,101038.0,clean,automatic,wa,47.313096,-122.310963,low
roanoke,2020.0,audi,a6 45 tfsi premium plus,gas,27160.0,clean,other,va,37.27,-79.95,high
SF bay area,2012.0,mercedes-benz,gl-class gl 450,gas,105031.0,clean,automatic,ca,37.81,-122.3,medium
raleigh / durham / CH,2006.0,chevrolet,equinox,gas,150088.0,clean,automatic,nc,35.58096,-78.81976,low
port huron,2013.0,ford,expedition,gas,161918.0,clean,automatic,mi,43.1824,-84.1122,medium
spokane / coeur d'alene,2018.0,ford,f-150,gas,90019.0,clean,automatic,id,47.692977,-116.780736,low
altoona-johnstown,2008.0,lincoln,mkx awd,gas,183000.0,clean,automatic,pa,40.029879,-79.07621,low
nashville,2016.0,chevrolet,equinox,gas,108794.0,clean,automatic,tn,35.842389,-86.391532,medium
louisville,2009.0,jeep,wrangler,gas,135171.0,clean,manual,ky,38.189247,-85.640466,medium
raleigh / durham / CH,2009.0,pontiac,vibe,gas,143000.0,clean,automatic,nc,35.763689,-78.852745,low
cincinnati,1999.0,toyota,camry,gas,164467.0,clean,automatic,oh,39.03969,-84.233879,low
akron / canton,2010.0,toyota,corolla,other,168504.0,clean,automatic,oh,41.041256,-81.607193,low
chicago,2006.0,hyundai,santa fe gls,gas,149357.0,clean,automatic,il,42.3542,-87.8651,low
raleigh / durham / CH,2010.0,honda,cr-v,gas,152106.0,clean,automatic,nc,35.859895,-78.711173,low
fort collins / north CO,2008.0,ford,escape xlt,gas,241030.0,clean,automatic,co,40.601103,-105.07663,low
bellingham,2014.0,ford,mustang,gas,127154.0,clean,automatic,wa,48.756909,-122.452132,medium
modesto,2011.0,chrysler,200 limited,gas,150000.0,clean,automatic,ca,37.4218,-121.0411,low
chico,2018.0,lexus,nx300 awd,gas,44337.0,clean,automatic,ca,39.1237,-121.6611,high
worcester / central MA,2011.0,kia,forte sx,gas,93000.0,clean,automatic,ma,42.1153,-71.6644,low
new hampshire,2014.0,chevrolet,express,gas,130835.0,clean,automatic,nh,42.914352,-71.389906,medium
eugene,2010.0,acura,mdx,gas,140362.0,clean,automatic,or,45.4373,-122.6147,medium
stockton,2007.0,lexus,is 250,gas,129695.0,clean,automatic,ca,38.624208,-121.401038,medium
pueblo,2016.0,chevrolet,malibu limited,gas,72830.0,clean,automatic,co,38.298339,-104.616024,medium
oklahoma city,2013.0,other,Freightliner M2 106,diesel,223131.0,clean,automatic,ok,38.9985,-94.1399,high
baton rouge,2008.0,honda,fit,gas,140077.0,clean,automatic,la,30.4558,-91.0596,low
yuba-sutter,2012.0,toyota,corolla le,gas,133713.0,clean,automatic,ca,39.145315,-121.59608,low
"kansas city, MO",2010.0,gmc,acadia slt-2 fwd,gas,125753.0,clean,automatic,ks,38.912,-94.3517,medium
san diego,2013.0,mazda,3,gas,91512.0,clean,automatic,ca,33.0279,-117.0856,low
ft myers / SW florida,2020.0,ford,super duty f-250,diesel,24375.0,clean,automatic,fl,28.763821,-81.282651,high
saginaw-midland-baycity,2014.0,buick,enclave,gas,143687.0,clean,automatic,mi,43.1824,-84.1122,medium
fort collins / north CO,2016.0,ford,f-150,gas,176394.0,clean,automatic,co,40.182151,-105.102373,medium
bend,2018.0,hyundai,tucson,gas,35847.0,clean,automatic,or,44.055524,-121.26973,medium
los angeles,2017.0,nissan,versa,gas,55663.0,clean,automatic,ca,34.232563,-118.252673,low
bozeman,2006.0,jeep,liberty renegade,gas,134000.0,clean,automatic,mt,45.729168,-111.098031,medium
columbia / jeff city,2018.0,volkswagen,jetta 1.4t s sedan 4d,gas,42060.0,clean,automatic,mo,38.95,-92.32,medium
east idaho,2018.0,gmc,sierra 1500 denali,gas,91341.0,clean,other,id,42.885063,-112.452574,high
western maryland,2020.0,volkswagen,jetta 1.4t sel,other,9763.0,clean,other,md,33.779214,-84.411811,high
los angeles,1993.0,lincoln,town car,gas,130000.0,clean,automatic,ca,34.104,-118.2925,low
fort wayne,2013.0,gmc,sierra,gas,121000.0,clean,automatic,in,40.0987,-84.6342,high
inland empire,2014.0,ford,fiesta se,gas,144000.0,clean,automatic,ca,34.0976,-117.6493,low
south florida,2002.0,ford,taurus ses,gas,81000.0,clean,automatic,fl,26.27609,-80.270245,low
grand rapids,2008.0,ford,super duty f-350 srw,gas,72658.0,clean,automatic,mi,40.468785,-74.281707,medium
modesto,2004.0,mercedes-benz,c-class,gas,169502.0,clean,automatic,ca,38.641098,-121.428624,low
central NJ,2018.0,nissan,pathfinder sl,gas,17950.0,rebuilt,automatic,nj,40.586117,-74.266877,medium
oklahoma city,2013.0,rover,range evoque pure,gas,39663.0,clean,other,ok,35.46,-97.51,high
yuba-sutter,2011.0,lexus,rx 350,gas,130005.0,clean,automatic,ca,38.610767,-121.422557,medium
richmond,2015.0,ford,f-250 sd,gas,167547.0,clean,automatic,va,37.614697,-77.522388,high
billings,2012.0,chevrolet,silverado 1500,gas,114245.0,clean,automatic,mt,45.819032,-108.470189,medium
joplin,2014.0,ram,pickup 1500 slt 4x2 4dr,gas,110238.0,clean,automatic,mo,36.203482,-94.138862,medium
albany,2016.0,gmc,savana commercial cutaway,gas,75649.0,clean,automatic,ny,40.468785,-74.281707,high
cincinnati,2007.0,cadillac,escalade,gas,147883.0,clean,automatic,oh,40.144587,-84.109144,medium
mcallen / edinburg,2003.0,ford,taurus,gas,188754.0,clean,automatic,tx,26.2974,-97.9884,low
greensboro,2015.0,gmc,sierra 1500 slt,gas,88601.0,clean,automatic,nc,36.2245,-79.8901,high
bakersfield,2018.0,chevrolet,silverado 2500 ltz lifted crew 4wd,other,69524.0,clean,automatic,ca,33.3917,-111.9249,high
prescott,2017.0,fiat,500 abarth hatchback 2d,gas,6054.0,clean,other,az,34.62,-112.42,medium
detroit metro,2014.0,kia,forte,gas,123137.0,clean,automatic,mi,43.1824,-84.1122,low
minneapolis / st paul,2011.0,ford,e450 bus,gas,259700.0,clean,automatic,mn,44.8358,-93.2778,medium
visalia-tulare,2020.0,mazda,mx-5 miata grand touring,gas,2408.0,clean,other,ca,36.4,-119.38,high
albuquerque,2005.0,subaru,putback,gas,210500.0,clean,automatic,nm,35.1347,-106.6427,low
knoxville,2018.0,jeep,grand cherokee trailhawk,gas,37509.0,clean,other,tn,35.97,-83.94,high
las vegas,2009.0,nissan,frontier,gas,95674.0,clean,automatic,nv,36.1232,-115.0902,medium
nashville,2012.0,ford,transit connect,gas,206717.0,clean,automatic,tn,35.871,-86.4181,low
st george,2016.0,porsche,cayenne,gas,73749.0,clean,automatic,ut,37.175631,-113.60824,high
upper peninsula,2006.0,honda,ridgeline rtl,gas,225073.0,clean,automatic,mi,45.717183,-87.260799,low
scottsbluff / panhandle,,other,Grand Caravan,,19.0,clean,automatic,ne,39.674406,-104.998604,high
ft myers / SW florida,2017.0,porsche,macan sport utility 4d,gas,48049.0,clean,other,fl,26.14,-81.79,high
greenville / upstate,2015.0,buick,enclave,gas,127035.0,clean,automatic,sc,34.4596,-82.7614,medium
lansing,2008.0,ford,taurus x,gas,68025.0,clean,automatic,mi,43.1824,-84.1122,low
columbia,2011.0,lincoln,,gas,200.0,clean,automatic,sc,34.010243,-81.120395,low
harrisburg,2018.0,dodge,,other,3591.0,clean,automatic,pa,44.927304,-123.030322,high
new haven,2016.0,honda,civic,gas,30000.0,clean,automatic,ct,40.398,-74.3236,medium
grand rapids,2007.0,ram,2500,diesel,164000.0,clean,automatic,mi,42.851055,-83.45119,medium
rhode island,2011.0,nissan,maxima,gas,57652.0,clean,automatic,ri,41.666672,-70.300985,medium
long island,1989.0,ford,mustang,gas,40000.0,clean,manual,ny,40.7135,-73.3546,medium
boise,2014.0,ram,2500 outdoorsman,gas,158307.0,clean,automatic,id,43.619021,-116.247229,high
wenatchee,2017.0,ford,escape titanium 4x4 gas suv,gas,73712.0,clean,automatic,wa,46.234838,-119.128015,medium
yakima,2009.0,chevrolet,silverado 2500hd crew cab 4wd,diesel,134255.0,,automatic,wa,46.585652,-120.47858,high
sioux city,2020.0,ford,escape,gas,12227.0,clean,automatic,ia,42.237336,-95.713271,high
southern illinois,2006.0,toyota,sequoia,gas,197000.0,clean,automatic,il,37.4205,-88.8879,medium
kennewick-pasco-richland,2018.0,ford,f-150,gas,30839.0,clean,automatic,wa,47.629296,-117.254657,high
southern illinois,2016.0,chevrolet,sonic,gas,110858.0,clean,automatic,il,37.759745,-89.27221,low
"st louis, MO",2011.0,hyundai,accent,gas,136390.0,clean,automatic,il,38.503699,-90.431749,low
gainesville,2018.0,audi,a6 2.0t premium sedan 4d,gas,13035.0,clean,other,fl,29.67,-82.33,high
cape cod / islands,2019.0,nissan,sentra,gas,41000.0,clean,automatic,ma,41.7455,-70.5905,medium
western slope,2005.0,infiniti,g35 sedan g35 4dr sdn auto,,140782.0,clean,automatic,co,39.081944,-108.588542,low
southwest MS,2009.0,ford,f250 super duty crew cab,diesel,182184.0,clean,automatic,ms,30.1237,-95.2686,high
anchorage / mat-su,2003.0,chevrolet,avalanche,gas,180000.0,clean,automatic,ak,61.206,-149.8101,low
new york city,1995.0,buick,riviera,gas,55812.0,clean,automatic,ny,41.1673,-73.8538,low
knoxville,2020.0,gmc,yukon slt sport utility 4d,gas,31181.0,clean,other,tn,35.97,-83.94,high
south dakota,2010.0,buick,lucerne cxl special,gas,66650.0,clean,automatic,sd,43.3318,-99.8033,low
akron / canton,2005.0,honda,civic,gas,129981.0,clean,automatic,oh,41.3979,-81.8118,low
twin falls,2014.0,chevrolet,sonic,gas,108442.0,clean,automatic,id,43.6403,-116.26346,low
laredo,2015.0,chevrolet,silverado 1500,gas,57762.0,clean,automatic,tx,29.148519,-98.875934,high
buffalo,2017.0,kia,sorento lx sport utility 4d,gas,44493.0,clean,other,ny,42.88,-78.85,medium
tulsa,2020.0,ram,1500 classic,gas,6200.0,lien,automatic,ok,35.9908,-95.8143,high
omaha / council bluffs,2012.0,gmc,yukon,gas,134088.0,clean,automatic,ia,41.1345,-96.2458,medium
vermont,2013.0,chevrolet,equinox lt,gas,181000.0,clean,automatic,vt,44.5035,-73.0906,low
medford-ashland,2001.0,chevrolet,venture,gas,153778.0,clean,automatic,or,42.334497,-122.874143,low
susanville,2016.0,chevrolet,silverado 2500hd,gas,103454.0,clean,automatic,ca,38.608933,-121.430188,high
sheboygan,2018.0,infiniti,qx60 3.5 sport utility,gas,32458.0,clean,other,wi,43.7,-87.74,high
greensboro,2011.0,ram,2500,diesel,119960.0,clean,automatic,nc,36.022,-79.7821,high
"st louis, MO",2017.0,ford,taurus limited,gas,94965.0,clean,automatic,il,38.801189,-90.475845,medium
seattle-tacoma,2004.0,chevrolet,c4500,diesel,196000.0,clean,automatic,wa,47.440591,-122.220413,medium
treasure coast,2014.0,mazda,mazda6,gas,108383.0,clean,automatic,fl,27.5885,-80.3923,medium
akron / canton,2010.0,volvo,xc60 3.2 sport utility 4d,gas,87506.0,clean,other,oh,41.08,-81.52,medium
jacksonville,2015.0,chevrolet,tahoe ltz,gas,128407.0,clean,automatic,fl,27.5885,-80.3923,high
utica-rome-oneida,2019.0,ford,super duty f-250,diesel,85706.0,clean,automatic,ny,43.484929,-76.39314,high
plattsburgh-adirondacks,2011.0,ford,econoline commercial cutaway,gas,105371.0,clean,automatic,ny,40.468785,-74.281707,high
seattle-tacoma,1991.0,chevrolet,step-van,gas,1.0,clean,automatic,wa,47.275129,-122.259293,medium
medford-ashland,1929.0,dodge,rat rod,gas,35000.0,missing,manual,or,42.4281,-123.4283,low
albany,2016.0,chevrolet,malibu,gas,110879.0,clean,automatic,ny,42.7287,-73.6683,medium
oklahoma city,2014.0,ford,mustang,gas,124195.0,clean,automatic,ok,35.435501,-97.518547,medium
roanoke,2006.0,other,hummer h3 4wd,gas,119780.0,clean,automatic,va,37.272429,-79.949997,low
fresno / madera,2020.0,ford,"gt premium 2,200 miles",gas,2200.0,clean,automatic,ca,35.283445,-120.658029,high
minneapolis / st paul,2002.0,bmw,m3,gas,120000.0,clean,other,mn,44.7129,-92.8637,medium
san antonio,2015.0,volvo,xc60 t5 premier sport,gas,42240.0,clean,automatic,tx,29.45,-98.5,medium
dayton / springfield,2017.0,mercedes-benz,c-class,gas,39902.0,clean,automatic,oh,39.76807,-84.19472,high
salem,2008.0,volvo,s40,gas,216364.0,clean,automatic,or,44.925858,-122.983105,low
space coast,2019.0,acura,mdx sh-awd w/technology,other,24495.0,clean,other,fl,28.17,-80.6,high
maine,2003.0,subaru,outback,gas,143628.0,salvage,automatic,me,44.052,-70.7241,low
lawrence,2019.0,lincoln,mkz sedan 4d,gas,8643.0,clean,other,ks,38.96,-95.25,high
milwaukee,2016.0,chevrolet,equinox,gas,68358.0,clean,automatic,wi,42.987906,-88.241072,medium
salem,2011.0,toyota,camry,gas,135205.0,clean,automatic,or,44.957008,-123.019959,medium
southwest michigan,2011.0,ford,fusion,gas,87500.0,clean,manual,mi,41.41072,-83.650449,low
flint,2008.0,lincoln,navigator,gas,166507.0,clean,automatic,mi,43.1824,-84.1122,low
raleigh / durham / CH,2018.0,volkswagen,tiguan 2.0t sel,gas,,clean,automatic,nc,35.425761,-77.983768,high
ft myers / SW florida,2018.0,bmw,530i,gas,18667.0,clean,automatic,fl,27.26977,-82.48229,high
fort collins / north CO,2017.0,chevrolet,express passenger,gas,135940.0,clean,automatic,co,40.392756,-104.727851,medium
raleigh / durham / CH,2008.0,other,hummer h3,gas,154926.0,clean,automatic,nc,35.796095,-78.801262,medium
corvallis/albany,2015.0,ford,super duty f-350 srw,diesel,125074.0,clean,automatic,or,47.81247,-122.32164,high
new orleans,2006.0,gmc,pickup,gas,180000.0,clean,automatic,la,30.374449,-89.761219,low
western slope,2006.0,kia,sorento,gas,210000.0,clean,automatic,co,40.733841,-107.687093,low
stockton,2009.0,honda,accord ex sedan at 5-speed automatic,gas,135000.0,clean,automatic,ca,38.530498,-121.387708,low
dubuque,2019.0,jeep,cherokee,gas,27191.0,clean,automatic,ia,42.493198,-90.7258,high
roanoke,2010.0,chevrolet,silverado 1500,gas,142201.0,clean,automatic,va,37.289462,-79.911184,medium
roseburg,1948.0,jeep,cj2a,gas,25873.0,clean,manual,or,43.453,-123.3558,medium
greenville / upstate,2019.0,kia,sorento ex sport utility 4d,gas,71401.0,clean,other,sc,34.83,-82.37,high
fayetteville,2017.0,jeep,compass,gas,61981.0,clean,automatic,ar,36.188577,-94.138303,medium
texarkana,2017.0,nissan,altima,gas,89000.0,rebuilt,automatic,ar,34.448189,-92.945831,low
laredo,2015.0,ford,super duty f-350 srw,diesel,79138.0,clean,automatic,tx,27.798089,-97.475153,high
atlanta,2019.0,gmc,savana cargo van,gas,19762.0,clean,automatic,ga,35.534152,-82.432096,high
bakersfield,2017.0,toyota,prius prime primum,hybrid,99995.0,clean,automatic,ca,38.5892,-121.4057,medium
south florida,2015.0,infiniti,qx60,gas,123000.0,clean,automatic,fl,25.9894,-80.2153,medium
bloomington-normal,2012.0,toyota,tundra,gas,265000.0,clean,automatic,il,40.3989,-88.8686,medium
springfield,2020.0,ram,1500,gas,41273.0,clean,automatic,mo,38.382623,-93.77344,high
hartford,2009.0,subaru,impreza,gas,148605.0,clean,automatic,ct,41.915593,-72.61482,low
houston,2000.0,mazda,mallinia,gas,89000.0,clean,automatic,tx,29.817,-95.369,low
eugene,2006.0,ram,2500 4dr quad cab 160.5 4wd slt,,177001.0,clean,manual,or,44.076513,-123.150156,high
lancaster,2018.0,lincoln,mkz select sedan 4d,gas,16081.0,clean,automatic,pa,40.03319,-76.24058,high
jacksonville,2018.0,kia,sorento,gas,47910.0,clean,automatic,fl,30.348,-81.5882,medium
new hampshire,2014.0,ram,pickup 1500,gas,121000.0,clean,automatic,nh,43.188723,-71.504929,medium
hudson valley,2005.0,volkswagen,gti,gas,75000.0,clean,manual,ny,41.3728,-73.8502,low
colorado springs,2015.0,honda,fit,gas,57292.0,clean,automatic,co,38.845493,-104.775829,medium
houston,2007.0,dodge,caliber,gas,97000.0,rebuilt,automatic,tx,29.6947,-95.6511,low
vermont,2010.0,chevrolet,silverado 1500,gas,154318.0,clean,automatic,vt,42.875305,-71.156237,medium
chicago,2018.0,chevrolet,camaro zl1,gas,3600.0,clean,automatic,il,41.6507,-86.1623,high
columbus,2016.0,nissan,altima 2.5,gas,67472.0,,other,oh,39.884989,-82.967588,medium
hartford,2004.0,ford,mustang,gas,51539.0,clean,automatic,ct,41.552532,-72.999092,medium
austin,2020.0,volkswagen,jetta,other,4850.0,clean,manual,tx,30.582572,-97.692412,medium
vermont,2012.0,jeep,wrangler sahara unlimited,gas,124093.0,clean,automatic,vt,44.439495,-73.210154,medium
gold country,2002.0,chevrolet,tahoe,gas,143410.0,clean,automatic,ca,38.660046,-121.166899,medium
columbia / jeff city,2018.0,chevrolet,equinox,gas,58552.0,clean,automatic,mo,38.613973,-92.57093,medium
cincinnati,2001.0,chevrolet,impala,gas,32328.0,clean,automatic,oh,39.5151,-84.3983,low
merced,2015.0,kia,optima hybrid,electric,110110.0,clean,automatic,ca,38.610767,-121.422557,medium
hickory / lenoir,2018.0,nissan,altima,gas,64977.0,clean,automatic,nc,35.730359,-81.360243,medium
austin,2016.0,dodge,,other,2991.0,clean,manual,tx,44.927304,-123.030322,high
hawaii,2019.0,acura,mdx fwd w/advance/enterta,gas,10193.0,clean,automatic,hi,21.336555,-157.91279,low
maine,2013.0,hyundai,santa fe,gas,108616.0,clean,automatic,me,42.765709,-71.235073,medium
seattle-tacoma,2007.0,toyota,rav4,gas,216907.0,clean,automatic,wa,47.9419,-122.2218,low
boise,2020.0,ford,transit awd,gas,4800.0,lien,automatic,id,43.6601,-116.2524,high
ventura county,2016.0,ram,1500 regular cab tradesman,gas,35391.0,clean,other,ca,33.779214,-84.411811,medium
grand rapids,2014.0,ram,5500,diesel,66212.0,clean,automatic,mi,40.468785,-74.281707,high
long island,2002.0,nissan,maxima 3.5 se,gas,134000.0,clean,automatic,ny,40.7117,-73.3007,low
western massachusetts,2014.0,ford,focus se sedan,gas,49531.0,clean,automatic,ma,42.463359,-73.252082,low
las vegas,2015.0,volkswagen,beetle 1.8t fleet,gas,39649.0,clean,other,nv,36.17,-115.12,medium
denver,2012.0,volkswagen,passat se,gas,103132.0,clean,automatic,co,39.67958,-104.932051,low
east oregon,2013.0,ford,f150 fx4 4x4 1/2 ton gas,gas,74748.0,clean,automatic,or,43.61974,-116.29469,high
norfolk / hampton roads,2011.0,honda,cr-v,gas,157296.0,clean,automatic,va,36.807234,-76.221293,low
space coast,2013.0,kia,forte ex sedan 4d,gas,183000.0,clean,automatic,fl,28.3067,-80.6862,low
la crosse,2001.0,jeep,wrangler sport,gas,101871.0,clean,manual,wi,43.88463,-91.341534,medium
waco,2014.0,ford,f250,diesel,161533.0,clean,automatic,tx,30.648959,-97.864666,high
new river valley,2017.0,infiniti,qx50 sport utility 4d,other,21297.0,clean,other,va,37.12,-80.55,high
memphis,2019.0,dodge,charger,gas,48942.0,clean,automatic,tn,35.025913,-89.788637,high
elko,2016.0,jeep,patriot,gas,44045.0,rebuilt,automatic,nv,40.746073,-111.939783,low
state college,2000.0,ford,f-250,gas,164793.0,clean,automatic,pa,41.0585,-77.9312,low
seattle-tacoma,2002.0,chevrolet,silverado 1500 base 4,gas,156410.0,,automatic,wa,47.816633,-122.318936,low
oklahoma city,2018.0,subaru,crosstrek 2.0i premium,gas,26154.0,clean,other,ok,35.46,-97.51,high
cleveland,2015.0,acura,rdx,gas,80893.0,clean,automatic,oh,41.31816,-81.882054,medium
rhode island,2013.0,volvo,xc60,gas,119000.0,clean,automatic,ri,41.87256,-71.45874,medium
northern WI,2011.0,other,IC CE PB105,diesel,171354.0,clean,other,wi,42.196156,-88.31056,low
vermont,2017.0,volkswagen,golf r,gas,43533.0,clean,manual,vt,47.381236,-94.666852,high
texoma,2016.0,chevrolet,colorado extended cab,gas,17302.0,clean,other,ok,33.75,-96.56,high
prescott,2019.0,cadillac,xt4 sport suv 4d,other,12102.0,clean,other,az,34.62,-112.42,high
grand rapids,2009.0,subaru,forester,gas,108434.0,clean,automatic,mi,42.898299,-85.804452,low
south bend / michiana,2016.0,nissan,murano,gas,46157.0,clean,automatic,in,42.449121,-85.667335,high
lake charles,2009.0,chevrolet,corvette coupe 2d,gas,20420.0,clean,other,la,33.779214,-84.411811,high
colorado springs,2018.0,ford,escape,gas,34032.0,clean,automatic,co,39.578815,-104.862418,medium
phoenix,2018.0,fiat,500,gas,100000.0,clean,automatic,az,33.3851,-111.8724,low
detroit metro,2016.0,cadillac,ats,gas,65000.0,clean,automatic,mi,42.378852,-83.540382,medium
akron / canton,2011.0,jeep,wrangler,gas,100000.0,clean,manual,oh,40.812,-81.4241,low
pullman / moscow,2020.0,gmc,sierra 1500 sle 4x4 1/2 ton,gas,9970.0,clean,automatic,id,47.65613,-117.236949,high
san antonio,2019.0,ram,2500,diesel,6721.0,clean,automatic,tx,29.53723,-98.4147,high
tampa bay area,2013.0,gmc,yukon xl slt,gas,169500.0,clean,automatic,fl,28.5658,-82.3737,medium
santa fe / taos,2017.0,buick,regal premium ii sedan 4d,gas,14934.0,clean,other,nm,35.67,-105.95,medium
richmond,2007.0,lincoln,mkx,gas,169000.0,clean,automatic,va,37.0898,-77.3644,low
bloomington-normal,2014.0,chevrolet,silverado 1500 double,gas,26129.0,clean,other,il,40.47,-88.97,high
harrisonburg,2004.0,ford,mustang convertible,gas,154000.0,clean,automatic,va,38.443915,-78.86879,low
boise,1971.0,other,American LaFrance Fire Truck,,78974.0,clean,,id,43.5937,-116.536,medium
bend,2002.0,nissan,xterra,gas,99500.0,clean,automatic,or,44.2767,-121.1896,medium
houston,2016.0,bmw,x5,gas,42807.0,clean,automatic,tx,30.008339,-95.438916,high
atlanta,2018.0,bmw,x1 xdrive28i sport utility,gas,22585.0,clean,other,ga,33.75,-84.39,high
lakeland,2019.0,ram,3500,gas,48785.0,clean,other,fl,28.466088,-81.396429,high
new orleans,2012.0,subaru,outback,gas,130000.0,clean,automatic,la,30.0056,-90.0644,low
columbus,2014.0,honda,accord sedan,gas,63264.0,clean,automatic,oh,40.064137,-82.998073,medium
gainesville,2012.0,lexus,is,gas,119123.0,clean,,fl,28.329026,-81.404237,medium
denver,2014.0,kia,sorento lx,gas,162436.0,clean,automatic,co,39.740343,-105.044341,low
las vegas,2019.0,acura,ilx premium pkg sedan 4d,other,5334.0,clean,other,nv,36.17,-115.12,high
buffalo,2012.0,audi,q5,gas,141000.0,clean,automatic,ny,42.944115,-78.677566,medium
milwaukee,2011.0,chevrolet,aveo,gas,111234.0,clean,automatic,wi,41.622595,-87.633814,low
chicago,2019.0,dodge,charger scat pack sedan 4d,gas,22501.0,clean,other,il,41.64,-87.63,high
eugene,2012.0,ram,3500 4x4 *laramie 4dr crew cab 6.3 ft sb pickup,diesel,101247.0,clean,automatic,or,45.389971,-122.611386,high
buffalo,2020.0,bmw,x3 sdrive30i sport utility,other,8396.0,clean,other,ny,42.88,-78.85,high
central NJ,2014.0,chevrolet,silverado 2500 hd crew,gas,53263.0,clean,other,nj,40.22,-74.76,high
houston,2012.0,honda,fit,gas,41918.0,clean,automatic,tx,30.057832,-95.471001,medium
des moines,2013.0,chevrolet,impala,gas,112364.0,clean,automatic,ia,40.851,-96.711,low
boise,2018.0,chevrolet,silverado 1500,gas,101835.0,clean,automatic,id,43.633,-116.2951,high
fredericksburg,2012.0,toyota,scion tc,gas,124000.0,clean,automatic,va,38.2481,-77.4681,low
omaha / council bluffs,2016.0,ford,focus,,38505.0,,automatic,ia,41.229172,-95.852118,medium
clarksville,2011.0,ford,taurus se,gas,104244.0,rebuilt,automatic,tn,36.0725,-86.724,low
central NJ,2009.0,hyundai,sonata,gas,148525.0,clean,automatic,nj,40.67491,-74.225691,low
chico,2013.0,nissan,leaf,gas,79000.0,clean,automatic,ca,38.615505,-121.27169,low
mcallen / edinburg,2017.0,gmc,sierra,gas,65000.0,rebuilt,automatic,tx,26.3189,-98.3701,medium
raleigh / durham / CH,2007.0,mercury,mariner premier,gas,163.0,clean,automatic,nc,35.799154,-78.635413,low
inland empire,2003.0,chevrolet,s10,gas,283466.0,clean,manual,ca,33.6021,-117.264,low
norfolk / hampton roads,2006.0,nissan,maxima,gas,95674.0,clean,automatic,va,36.86981,-76.22502,low
chico,2016.0,subaru,crosstrek,gas,114875.0,clean,automatic,ca,39.721857,-121.827227,medium
cleveland,2003.0,ford,f-350 super duty,diesel,156000.0,clean,automatic,oh,41.3724,-82.1051,low
cedar rapids,2015.0,chevrolet,traverse,gas,118746.0,clean,automatic,ia,41.95079,-91.678,medium
columbus,2017.0,ford,transit 150 cargo van,gas,39665.0,clean,automatic,oh,41.101694,-81.456137,high
las vegas,2019.0,chevrolet,traverse,gas,29706.0,clean,automatic,nv,36.143249,-115.226909,high
ventura county,2012.0,chevrolet,cruze lt sedan 4d,gas,94958.0,,automatic,ca,34.213401,-119.178039,low
des moines,2009.0,chevrolet,silverado 2500hd,gas,247596.0,clean,automatic,ia,41.600223,-93.570059,low
detroit metro,2007.0,cadillac,escalade luxury awd,gas,136975.0,clean,automatic,mi,42.5034,-82.9387,medium
gold country,2015.0,ford,f550 bus,other,168672.0,clean,automatic,ca,38.123409,-121.260398,medium
sarasota-bradenton,2007.0,cadillac,escalade,gas,103000.0,clean,automatic,fl,27.0933,-82.4498,medium
lancaster,2013.0,ford,escape,gas,124077.0,clean,automatic,pa,40.040974,-76.379804,low
fayetteville,2008.0,mercedes-benz,c-class,gas,147583.0,clean,automatic,ar,36.644835,-93.218011,low
zanesville / cambridge,2012.0,honda,odyssey,gas,73748.0,clean,automatic,oh,39.748631,-82.660598,medium
harrisburg,2013.0,toyota,tacoma access cab pickup,other,43937.0,clean,other,pa,40.27,-76.88,high
victoria,2013.0,ford,f250,diesel,186605.0,clean,automatic,tx,30.649254,-97.866554,high
sarasota-bradenton,1982.0,datsun,280zx,gas,59808.0,clean,manual,fl,27.479823,-82.571497,high
orange county,2017.0,kia,sportage lx,gas,101879.0,,automatic,ca,33.873436,-117.542806,medium
madison,2009.0,other,SCION BASE,gas,80465.0,clean,automatic,wi,43.013722,-88.808027,low
rockford,2017.0,audi,q5 3.0t premium plus sport,gas,14318.0,clean,automatic,il,42.27,-89.06,high
columbia / jeff city,2020.0,gmc,terrain,gas,20429.0,clean,automatic,mo,38.382623,-93.77344,high
hudson valley,2005.0,subaru,impreza,gas,187245.0,clean,automatic,ny,41.2892,-73.9184,low
fayetteville,2014.0,chevrolet,corvette stingray,gas,4668.0,clean,manual,ar,38.4018,-93.785,high
mankato,2013.0,nissan,rogue,gas,43571.0,clean,automatic,mn,44.77274,-93.50024,medium
new hampshire,2012.0,volkswagen,touareg tdi sport suv,gas,93185.0,clean,other,nh,42.99,-71.45,medium
albuquerque,1984.0,chevrolet,silverado,gas,38751.0,clean,manual,nm,33.6372,-96.6184,high
lancaster,2020.0,kia,sportage lx sport utility 4d,gas,21291.0,clean,other,pa,40.03319,-76.24058,medium
cincinnati,2016.0,ford,escape,gas,88230.0,clean,automatic,oh,39.389439,-84.548248,medium
philadelphia,2006.0,volvo,xc90,gas,168000.0,clean,automatic,pa,40.0282,-75.117,low
orlando,2019.0,toyota,corolla,gas,35572.0,clean,automatic,fl,28.610096,-81.298342,medium
philadelphia,2011.0,chevrolet,hhr lt,gas,129000.0,clean,automatic,pa,40.1159,-74.8536,low
colorado springs,2014.0,mercedes-benz,gl-class,gas,83071.0,clean,automatic,co,39.578815,-104.862418,high
rochester,2015.0,mercedes-benz,benz e 350,gas,47577.0,clean,automatic,ny,42.958,-77.3083,high
cincinnati,2001.0,mitsubishi,eclipse,gas,240000.0,clean,automatic,oh,39.2445,-84.2588,low
chico,2012.0,volkswagen,beetle,gas,89850.0,clean,automatic,ca,38.641098,-121.428624,low
worcester / central MA,2007.0,kia,spectra ex,gas,94000.0,clean,automatic,ma,42.265876,-71.82133,low
parkersburg-marietta,2019.0,chevrolet,silverado 1500 ld,other,6897.0,clean,other,oh,39.26,-81.54,high
baltimore,2014.0,chevrolet,cruze,gas,170281.0,clean,automatic,md,39.433086,-76.343119,low
jersey shore,2019.0,volkswagen,atlas,gas,14671.0,clean,automatic,nj,40.2043,-74.1779,high
ft myers / SW florida,1986.0,other,oldsmobile cutlass,gas,67890.0,clean,automatic,fl,26.5936,-81.6619,low
cincinnati,2015.0,audi,s3,gas,96360.0,clean,automatic,oh,39.33908,-84.53203,medium
san diego,2009.0,toyota,scion xb,gas,160000.0,clean,automatic,ca,32.8239,-117.1965,low
st joseph,2018.0,ram,1500 quad cab harvest pickup,gas,27426.0,clean,other,mo,39.76,-94.85,high
myrtle beach,2004.0,chevrolet,classuc,gas,280000.0,clean,automatic,sc,33.8768,-78.6508,low
dallas / fort worth,2006.0,chevrolet,impala lt,gas,72707.0,clean,automatic,tx,32.832962,-97.063522,low
san diego,2016.0,ford,escape,gas,17890.0,clean,automatic,ca,33.19495,-117.37837,medium
kalispell,1990.0,gmc,sle,gas,108000.0,clean,automatic,mt,47.667661,-114.119797,medium
vermont,2012.0,toyota,rav4 limited v6,gas,105610.0,clean,automatic,vt,44.229555,-72.551994,medium
columbia / jeff city,2015.0,mitsubishi,outlander sport es,gas,30811.0,clean,automatic,mo,38.95,-92.32,medium
del rio / eagle pass,2002.0,honda,odyssey ex-l w/navigation/,gas,202899.0,clean,automatic,tx,29.463207,-98.562871,low
cleveland,2011.0,other,International Maxforce,diesel,106000.0,clean,automatic,oh,41.642047,-81.429621,high
tyler / east TX,2007.0,honda,accord,gas,210000.0,clean,manual,tx,32.2114,-95.83,low
oklahoma city,2012.0,mercedes-benz,slk 350,gas,105867.0,clean,automatic,ok,35.51099,-97.599471,medium
hartford,2020.0,other,Genesis G70 3.3T Sedan 4D,other,5421.0,clean,other,ct,41.76,-72.68,high
yuba-sutter,2011.0,chrysler,200,gas,112267.0,clean,automatic,ca,39.022483,-121.612859,low
north central FL,2018.0,ram,1500 slt 4wd 4x4,gas,48980.0,clean,automatic,fl,29.803728,-82.527895,high
asheville,2019.0,ford,ranger supercrew xl pickup,gas,5468.0,clean,other,nc,35.57,-82.54,high
northern michigan,2011.0,ford,f-350 sd,diesel,185430.0,clean,other,mi,43.0506,-83.61512,high
"kansas city, MO",2012.0,honda,pilot ex-l,gas,195312.0,clean,automatic,ks,38.7631,-94.8246,medium
delaware,2016.0,ford,super duty f-550 drw,diesel,161669.0,clean,automatic,de,40.468785,-74.281707,high
orlando,2013.0,honda,accord,gas,117135.0,clean,automatic,fl,28.567037,-81.291542,medium
wenatchee,1991.0,volvo,240,gas,200600.0,clean,automatic,wa,48.675338,-119.27043,low
chico,1995.0,jeep,cherokee,gas,204500.0,rebuilt,automatic,ca,39.7224,-121.8113,low
los angeles,2004.0,nissan,maximum,gas,150000.0,clean,automatic,ca,34.0898,-118.3215,low
twin falls,2014.0,ford,focus,other,95506.0,clean,automatic,id,43.6403,-116.26346,low
dayton / springfield,2014.0,honda,civic,gas,71000.0,rebuilt,automatic,oh,39.3402,-84.3998,medium
kennewick-pasco-richland,2021.0,mitsubishi,mirage g4 se,gas,6.0,clean,automatic,wa,45.38845,-122.610757,medium
chautauqua,2019.0,ram,1500 classic regular cab,gas,12302.0,clean,other,ny,42.25,-79.5,high
bowling green,2017.0,toyota,camry le sedan 4d,gas,30223.0,clean,other,ky,36.97,-86.44,medium
delaware,2016.0,chevrolet,4500 lcf gas,gas,45542.0,clean,automatic,de,40.468785,-74.281707,high
new hampshire,2014.0,chevrolet,equinox,gas,102639.0,clean,automatic,nh,42.914352,-71.389906,low
stockton,2018.0,audi,q5 premium sport utility 4d,gas,27498.0,clean,other,ca,33.779214,-84.411811,high
knoxville,2019.0,honda,cr-v,gas,35695.0,clean,automatic,tn,35.860496,-84.100535,medium
corpus christi,2013.0,toyota,sequoia,gas,126891.0,clean,automatic,tx,27.65787,-97.479816,high
new hampshire,2012.0,chevrolet,silverado 1500,gas,99998.0,clean,automatic,nh,42.659124,-71.262458,high
southwest michigan,2014.0,dodge,grand caravan,gas,165394.0,clean,automatic,mi,43.1824,-84.1122,low
atlanta,2017.0,toyota,tacoma,gas,71605.0,clean,automatic,ga,34.087409,-83.945058,high
utica-rome-oneida,2017.0,bmw,3 series 340i sedan 4d,gas,19366.0,clean,automatic,ny,43.1,-75.23,high
prescott,2019.0,mitsubishi,outlander es sport,gas,35819.0,clean,other,az,34.62,-112.42,medium
detroit metro,2009.0,chevrolet,cobalt,gas,190037.0,clean,automatic,mi,42.42711,-83.283638,low
ventura county,2007.0,jeep,grand cherokee limited,gas,114772.0,clean,automatic,ca,34.245358,-118.421508,low
"quad cities, IA/IL",2005.0,toyota,corolla,gas,104073.0,clean,automatic,il,41.532036,-90.475946,low
baltimore,2015.0,volkswagen,touareg v6 executive,other,72761.0,clean,other,md,39.3,-76.61,medium
charleston,2012.0,chevrolet,express commercial cutaway,gas,108439.0,clean,automatic,sc,40.468785,-74.281707,high
fredericksburg,2016.0,ford,transit cargo,gas,123825.0,clean,automatic,va,,,medium
south jersey,2016.0,ford,expedition el,gas,146095.0,clean,automatic,nj,40.185945,-74.749874,medium
madison,2018.0,audi,s5 prestige sedan 4d,other,45227.0,clean,other,wi,43.07,-89.38,high
anchorage / mat-su,2019.0,nissan,frontier,gas,24551.0,clean,automatic,ak,61.56939,-149.35645,high
madison,2013.0,subaru,impreza wrx premium hatch,gas,78825.0,clean,manual,wi,44.8346,-91.5159,medium
columbia,2010.0,toyota,camry,gas,188000.0,clean,automatic,sc,34.0247,-80.9532,low
lansing,2008.0,other,Scion xD Base,gas,174102.0,,automatic,mi,42.568136,-83.813674,low
san diego,1997.0,lexus,es300,gas,283466.0,clean,automatic,ca,32.7783,-117.1335,low
rockford,2018.0,bmw,3 series 330i xdrive sedan,gas,19980.0,clean,automatic,il,42.27,-89.06,high
albany,2007.0,ford,f-150,gas,147000.0,clean,automatic,ny,42.700478,-73.898335,low
topeka,2018.0,acura,rdx advance pkg sport,other,35719.0,clean,other,ks,39.03,-95.69,high
mobile,1972.0,other,1972 cutlass supreme,gas,79000.0,clean,automatic,al,30.6605,-88.1618,medium
augusta,2012.0,toyota,sienna le,gas,122000.0,clean,automatic,ga,33.513268,-82.096839,medium
flint,2018.0,nissan,sentra,gas,100502.0,clean,,mi,43.004529,-83.635055,low
san diego,2012.0,volvo,s60,gas,116000.0,clean,automatic,ca,33.6607,-117.8264,low
jacksonville,2004.0,porsche,cayenne turbo s,gas,193000.0,clean,automatic,fl,30.43636,-81.641979,low
lawrence,2014.0,toyota,tacoma double cab pickup,gas,1112.0,clean,other,ks,38.96,-95.25,high
boston,2017.0,ford,f-250,other,27366.0,clean,automatic,ma,42.834977,-71.107791,high
binghamton,2013.0,gmc,sierra 1500 extended cab slt,other,80318.0,clean,other,ny,42.1,-75.91,high
greensboro,2016.0,ford,f350 super duty lariat,diesel,76962.0,clean,automatic,nc,36.2245,-79.8901,high
tulsa,2018.0,chevrolet,camaro,gas,19665.0,clean,automatic,ok,35.199,-97.4841,high
rochester,2020.0,tesla,model 3 standard range,electric,9665.0,clean,other,ny,43.16,-77.61,high
wichita,2015.0,jeep,wrangler,gas,118638.0,clean,automatic,ks,35.199,-97.4841,high
wichita,2008.0,jeep,wrangler unlimited,gas,66500.0,clean,automatic,ks,37.5647,-97.3553,high
kalamazoo,2013.0,nissan,rogue,gas,111000.0,clean,automatic,mi,42.4723,-85.7035,medium
orange county,2012.0,mercedes-benz,sprinter 2500,diesel,259071.0,clean,automatic,ca,33.794656,-117.992994,medium
louisville,2013.0,hyundai,sonata,gas,141743.0,clean,automatic,ky,38.16475,-85.79788,low
boston,2018.0,ford,f150 super cab xlt pickup,gas,22812.0,clean,other,ma,42.78,-71.08,high
orange county,2011.0,jeep,liberty sport,gas,151175.0,clean,automatic,ca,33.9291,-117.8845,low
watertown,2014.0,ford,super duty f-350 drw xl,other,69869.0,clean,automatic,ny,43.220454,-77.819038,high
las vegas,2019.0,kia,niro plug-in hybrid lx wagon,other,15447.0,clean,other,nv,36.17,-115.12,high
bakersfield,2006.0,ram,2500,diesel,89000.0,clean,manual,ca,35.3856,-119.1114,medium
santa fe / taos,2004.0,toyota,highlander,gas,134925.0,clean,automatic,nm,35.518,-105.955,low
scranton / wilkes-barre,1999.0,chevrolet,suburban,gas,136000.0,clean,automatic,pa,41.1963,-76.0044,low
north jersey,1998.0,nissan,maxima gxe,gas,138000.0,clean,automatic,nj,41.0544,-74.279,low
huntsville / decatur,2018.0,hyundai,elantra,gas,71224.0,clean,other,al,34.2056,-86.85834,medium
sacramento,2016.0,jeep,wrangler unlimited,gas,91624.0,clean,automatic,ca,38.626049,-121.401344,high
pittsburgh,2017.0,subaru,wrx,gas,44399.0,clean,manual,pa,41.26554,-81.10626,medium
detroit metro,2010.0,ford,taurus sho awd,gas,253081.0,clean,automatic,mi,42.518692,-82.908713,low
lansing,2004.0,ford,f350,gas,69000.0,clean,automatic,mi,42.851055,-83.45119,low
long island,1988.0,jeep,wrangler loredo,gas,149406.0,clean,manual,ny,40.66688,-73.641548,low
long island,2012.0,lexus,gx 460,gas,75850.0,clean,automatic,ny,40.77479,-73.469122,high
brunswick,2018.0,jeep,wrangler unlimited willys,gas,34636.0,clean,other,ga,31.15,-81.48,high
erie,2013.0,dodge,dart,gas,157724.0,clean,automatic,pa,41.56995,-81.574738,low
wyoming,1957.0,chevrolet,belair 2dr. sports coupe,gas,7550.0,clean,automatic,wy,42.806836,-106.189091,high
merced,2012.0,ford,mustang,gas,78399.0,clean,manual,ca,37.6717,-120.9482,medium
tuscaloosa,2017.0,lincoln,continental select sedan,gas,19492.0,clean,automatic,al,33.23,-87.54,high
philadelphia,2012.0,dodge,charger,gas,125846.0,clean,automatic,pa,40.185945,-74.749874,medium
buffalo,2008.0,chevrolet,equinox,gas,100000.0,clean,automatic,ny,42.9731,-78.845,low
dayton / springfield,2014.0,jeep,compass sport,gas,62643.0,clean,manual,oh,40.544,-84.3944,medium
las vegas,2015.0,infiniti,qx60,gas,39811.0,clean,automatic,nv,36.094039,-115.201838,high
ft myers / SW florida,2009.0,volkswagen,cc luxury sedan,gas,71000.0,clean,automatic,fl,27.208132,-81.803667,low
watertown,2008.0,chevrolet,silverado 1500,gas,180000.0,clean,automatic,ny,43.479063,-76.330039,low
buffalo,2015.0,mazda,cx-5,gas,87407.0,clean,automatic,ny,42.787426,-78.7621,medium
wilmington,2014.0,rover,sport,gas,98000.0,clean,automatic,nc,34.263343,-77.836091,high
columbia / jeff city,2017.0,jeep,wrangler unlimited sport s,gas,36171.0,clean,other,mo,38.95,-92.32,high
portland,2019.0,ford,f-150,gas,15168.0,clean,automatic,or,45.488858,-122.803742,high
brainerd,2015.0,dodge,grand caravan,gas,82121.0,clean,automatic,mn,45.547849,-94.190651,medium
heartland florida,2013.0,chevrolet,silverado 1500 ltz,gas,52279.0,clean,automatic,fl,27.234099,-80.829894,high
oklahoma city,2009.0,chevrolet,tahoe z71,gas,198000.0,clean,automatic,ok,35.5463,-97.5642,low
sacramento,2014.0,ram,3500,diesel,107313.0,clean,automatic,ca,38.626049,-121.401344,high
eastern NC,1956.0,other,plymouth,gas,78000.0,clean,automatic,nc,35.1204,-76.9842,medium
memphis,2019.0,audi,q8 premium sport utility 4d,gas,7218.0,clean,automatic,tn,35.1,-90.0,high
fort smith,2015.0,ram,2500,diesel,139000.0,clean,automatic,ar,35.2204,-97.4577,high
atlanta,2010.0,ford,fusion,gas,120000.0,clean,automatic,ga,33.6954,-84.2489,low
charlotte,2011.0,gmc,acadia,gas,113254.0,clean,automatic,nc,35.2886,-80.8209,low
ft myers / SW florida,2014.0,ram,1500,gas,130132.0,clean,automatic,fl,28.763821,-81.282651,high
eau claire,2019.0,gmc,sierra 1500 limited double,gas,14222.0,clean,other,wi,44.82,-91.49,high
kalispell,2009.0,nissan,rouge sl awd,gas,179250.0,clean,manual,mt,48.187339,-114.285622,low
oklahoma city,2018.0,acura,ilx special edition sedan,other,18972.0,clean,other,ok,35.46,-97.51,medium
oklahoma city,1995.0,ford,f-150 xlt,gas,2.0,clean,automatic,ok,35.364055,-97.503766,low
space coast,2020.0,toyota,sienna xle ny,gas,2.0,,automatic,fl,28.59698,-81.398555,high
fargo / moorhead,2019.0,volkswagen,tiguan,gas,24032.0,clean,automatic,mn,46.8907,-96.9258,high
bakersfield,1997.0,chevrolet,s10 pickup,gas,192000.0,clean,automatic,ca,35.16326,-119.046324,low
north jersey,2015.0,bmw,x5,gas,80292.0,clean,automatic,nj,40.923344,-74.143356,high
south florida,2017.0,nissan,frontier,gas,18900.0,clean,automatic,fl,25.8507,-80.2366,medium
minneapolis / st paul,2014.0,ford,focus st3,gas,144624.0,clean,manual,mn,45.85575,-93.296354,low
daytona beach,2009.0,hyundai,accent,gas,109442.0,clean,other,fl,28.647059,-81.352268,low
oklahoma city,2004.0,gmc,sierra 3500 duramax,diesel,86310.0,clean,automatic,ok,38.5128,-90.6306,high
upper peninsula,2008.0,cadillac,escalade awd,gas,220000.0,clean,automatic,mi,46.984741,-88.470001,low
seattle-tacoma,2006.0,gmc,savana,gas,1.0,clean,automatic,wa,47.275665,-122.259378,medium
eugene,2008.0,cadillac,cts 3.6l v6sedan,gas,125050.0,,automatic,or,44.045601,-122.995301,low
orange county,2012.0,chevrolet,tahoe,other,122230.0,clean,automatic,ca,33.773307,-117.955092,medium
hawaii,2017.0,ford,escape,gas,28278.0,clean,automatic,hi,21.299668,-157.852935,medium
lancaster,2017.0,infiniti,q60 3.0t premium coupe,gas,67004.0,clean,other,pa,40.03319,-76.24058,high
tampa bay area,2014.0,ram,5500hd,diesel,180000.0,clean,automatic,fl,27.996074,-82.482324,high
seattle-tacoma,2011.0,bmw,1 series 135i 2dr coupe,gas,62774.0,clean,manual,wa,47.816633,-122.318936,high
ventura county,2014.0,rover,,gas,79320.0,clean,automatic,ca,38.59448,-121.26603,high
erie,2011.0,dodge,challenger srt8 coupe 2d,gas,16796.0,clean,other,pa,42.12,-80.08,high
corpus christi,2013.0,toyota,4runner,gas,136431.0,clean,automatic,tx,27.725775,-97.432841,medium
southern maryland,2009.0,jaguar,xf,gas,120000.0,clean,automatic,md,38.8897,-76.8925,low
cleveland,2014.0,chevrolet,malibu,gas,10000.0,clean,automatic,oh,41.463159,-81.646343,low
pittsburgh,2011.0,honda,pilot,gas,98276.0,clean,automatic,pa,40.402845,-80.020499,medium
bakersfield,2015.0,ford,f-450sd,gas,70906.0,clean,automatic,ca,34.070311,-117.446303,high
yuba-sutter,2019.0,toyota,4runner limited sport,other,11877.0,clean,other,ca,39.05,-121.61,high
springfield,2012.0,acura,tsx,gas,115162.0,clean,automatic,mo,37.0969,-94.5051,medium
columbia,1991.0,bmw,318i,gas,177000.0,clean,manual,sc,33.9308,-81.1473,low
monterey bay,2004.0,mercedes-benz,s430 4matic,gas,119000.0,clean,automatic,ca,36.7103,-121.6438,low
hartford,2010.0,ford,f-150,gas,82109.0,clean,automatic,ct,,,medium
holland,2005.0,chevrolet,equinox,gas,173563.0,clean,automatic,mi,42.912954,-85.680286,low
lawrence,2018.0,honda,civic lx sedan 4d,gas,23787.0,clean,other,ks,38.96,-95.25,medium
new hampshire,2009.0,mercury,milan v6 premier awd,gas,66555.0,clean,automatic,nh,42.963962,-70.834852,low
south jersey,2017.0,volkswagen,jetta,gas,33623.0,clean,automatic,nj,39.746065,-75.045186,medium
buffalo,2018.0,bmw,4 series,gas,44448.0,clean,automatic,ny,,,high
boston,2017.0,jeep,wrangler sport s utility 2d,gas,891.0,clean,other,ma,42.78,-71.08,high
milwaukee,2014.0,chevrolet,malibu,gas,81597.0,clean,automatic,wi,42.9959,-87.9944,medium
gainesville,2012.0,volkswagen,gti,gas,110000.0,clean,manual,fl,29.718286,-82.487161,low
mcallen / edinburg,2020.0,chevrolet,spark ls,gas,20000.0,rebuilt,automatic,tx,26.1771,-98.252,low
macon / warner robins,2008.0,honda,cr-v,gas,149221.0,clean,automatic,ga,34.20432,-84.13759,low
seattle-tacoma,2002.0,chevrolet,astro ls 2-owner 100k miles 4.3l v6 190hp 250ft. lbs.,gas,100259.0,clean,automatic,wa,45.391373,-122.613533,low
atlanta,1962.0,ford,f100,gas,111000.0,missing,manual,ga,33.3943,-84.4738,high
seattle-tacoma,2013.0,ford,f-150 fx4,gas,99992.0,clean,automatic,wa,48.7535,-122.469,high
new haven,2008.0,cadillac,dts luxury,gas,207274.0,clean,automatic,ct,41.3154,-72.6968,low
"washington, DC",2006.0,ford,f-150 fx4,gas,94000.0,clean,automatic,dc,38.9814,-77.4723,medium
bozeman,2002.0,toyota,camry,gas,250000.0,clean,automatic,mt,45.57807,-111.126312,low
fresno / madera,2009.0,subaru,outback,gas,162000.0,clean,automatic,ca,36.8156,-119.6943,low
philadelphia,2008.0,other,HUMMER H3,gas,157778.0,clean,automatic,pa,40.185945,-74.749874,medium
daytona beach,2017.0,jeep,wrangler,gas,27741.0,clean,automatic,fl,29.4562,-81.3244,high
sioux falls / SE SD,1999.0,chevrolet,silverado 2500,gas,211135.0,clean,automatic,sd,43.456665,-96.80603,low
redding,2012.0,kia,optima sx,gas,129473.0,clean,automatic,ca,38.611373,-121.430328,medium
duluth / superior,2006.0,ford,mustang,gas,146241.0,clean,manual,mn,44.307057,-93.289528,medium
corvallis/albany,2017.0,ford,f-250,gas,147900.0,clean,automatic,or,45.382346,-122.605132,high
fort collins / north CO,2012.0,bmw,1 series 128i convertible 2d,other,61809.0,clean,other,co,40.55,-105.06,medium
shreveport,2020.0,ford,ranger,gas,5869.0,clean,automatic,la,32.593129,-93.286303,high
lakeland,2017.0,infiniti,qx80,gas,153522.0,clean,automatic,fl,28.00853,-82.45974,high
vermont,2011.0,audi,q5,gas,100700.0,clean,automatic,vt,44.3346,-73.098,low
new york city,2013.0,nissan,rogue sv,gas,106000.0,clean,automatic,ny,40.7591,-73.7326,low
little rock,2014.0,ford,f250 platinum 4x4,diesel,125743.0,clean,automatic,ar,30.663,-97.9316,high
new orleans,2008.0,ram,1500,gas,178774.0,clean,automatic,la,29.956639,-89.97801,medium
panama city,2017.0,nissan,murano,gas,86194.0,clean,automatic,fl,30.175406,-85.659568,high
"st louis, MO",1994.0,chevrolet,corvette convertible,gas,35051.0,clean,automatic,il,38.5015,-90.4683,medium
columbia / jeff city,2019.0,bmw,5 series 540i xdrive sedan,other,14900.0,clean,other,mo,38.95,-92.32,high
colorado springs,2014.0,ram,2500,gas,169450.0,clean,automatic,co,38.298476,-104.612853,high
tampa bay area,2006.0,hyundai,tucson,gas,262258.0,clean,automatic,fl,27.7015,-82.4355,low
central NJ,2018.0,audi,a5 premium plus coupe 2d,other,40209.0,clean,other,nj,40.22,-74.76,high
finger lakes,2011.0,chevrolet,equinox,gas,115741.0,clean,automatic,ny,43.2267,-77.32547,low
columbus,2017.0,chevrolet,tahoe,gas,86442.0,clean,automatic,oh,39.337094,-82.949176,high
orlando,2004.0,jaguar,xj,gas,101615.0,clean,automatic,fl,,,low
battle creek,2018.0,jeep,wrangler unlimited all new,gas,30731.0,clean,other,mi,42.29,-85.22,high
lafayette,2000.0,chevrolet,silverado,gas,208574.0,clean,automatic,la,30.741434,-92.337564,low
jacksonville,2016.0,ford,mustang gt premium,gas,93603.0,clean,manual,fl,27.5885,-80.3923,high
north central FL,2020.0,ford,super duty f250 srw xl,diesel,10265.0,clean,automatic,fl,29.801937,-82.529564,high
roseburg,2006.0,jeep,grand cherokee limited,gas,158474.0,clean,automatic,or,44.925908,-122.982753,low
rapid city / west SD,2014.0,toyota,fj cruiser 4x4,gas,96000.0,clean,automatic,sd,44.480519,-103.810959,high
northwest GA,2017.0,ram,promaster 1500 cargo van,gas,147064.0,clean,automatic,ga,34.956787,-85.250668,medium
roswell / carlsbad,1999.0,ford,f250 super duty,gas,166000.0,clean,automatic,nm,32.857482,-104.398696,low
"st louis, MO",2015.0,nissan,versa note sv hatchback,gas,48272.0,clean,automatic,il,38.8014,-90.5065,low
oregon coast,2010.0,ford,econoline,gas,228574.0,clean,automatic,or,45.578341,-122.337295,medium
treasure coast,2015.0,lexus,is 250 crafted line sedan,gas,53388.0,clean,other,fl,33.779214,-84.411811,high
fayetteville,2017.0,toyota,4runner,gas,73000.0,clean,automatic,nc,36.277274,-80.339826,high
atlanta,2018.0,audi,tt roadster,gas,28567.0,clean,automatic,ga,38.4018,-93.785,high
los angeles,2011.0,mercedes-benz,benz glk 350,gas,113000.0,clean,automatic,ca,34.179025,-118.446007,medium
san antonio,2015.0,dodge,journey se,gas,203311.0,clean,automatic,tx,29.512345,-98.534361,low
buffalo,2012.0,chevrolet,corvette grand sport,gas,28319.0,clean,manual,ny,42.88,-78.85,high
pittsburgh,2018.0,ford,escape,other,30071.0,clean,automatic,pa,40.141399,-79.900398,high
atlanta,2015.0,dodge,grand caravan,gas,141528.0,clean,automatic,ga,33.925578,-84.836041,low
phoenix,2018.0,lexus,es 350 sedan 4d,other,45703.0,clean,other,az,33.51,-112.36,high
lima / findlay,2018.0,chevrolet,equinox,gas,132648.0,clean,automatic,oh,40.573231,-84.184755,medium
columbus,2017.0,volkswagen,jetta,gas,23689.0,clean,automatic,ga,32.548807,-84.924106,medium
sierra vista,2013.0,audi,s6,other,63987.0,clean,automatic,az,32.24951,-110.972417,high
rhode island,2015.0,jeep,wrangler,gas,79873.0,clean,,ri,43.066264,-71.447,high
missoula,2006.0,ram,2500,gas,263000.0,clean,automatic,mt,46.9006,-114.0027,medium
prescott,2015.0,chevrolet,tahoe lt sport utility,other,51677.0,clean,other,az,34.62,-112.42,high
youngstown,2018.0,chevrolet,cruze,gas,15850.0,clean,automatic,oh,41.186251,-80.979562,medium
wichita,2016.0,chevrolet,colorado,gas,74584.0,clean,automatic,ks,35.199,-97.4841,high
"kansas city, MO",2017.0,ford,focus sel,gas,64889.0,clean,automatic,ks,38.912,-94.3517,medium
cincinnati,2013.0,ford,explorer,gas,192255.0,clean,automatic,oh,38.325624,-85.468628,medium
"kansas city, MO",2017.0,toyota,sienna le 8 passenger,gas,91027.0,,automatic,ks,39.006532,-94.857695,medium
las vegas,2007.0,chevrolet,colorado crew cab,gas,186281.0,clean,automatic,nv,37.175631,-113.60824,medium
jacksonville,2018.0,dodge,,other,3591.0,clean,automatic,fl,44.927304,-123.030322,high
milwaukee,2016.0,volvo,xc90,gas,66384.0,clean,automatic,wi,42.364188,-87.864796,high
oklahoma city,2017.0,ram,1500 regular cab tradesman,gas,31573.0,clean,other,ok,35.46,-97.51,high
south jersey,2019.0,infiniti,qx50,gas,21943.0,clean,automatic,nj,40.2043,-74.1779,high
monterey bay,2011.0,nissan,sentra,gas,125089.0,clean,automatic,ca,36.678966,-121.647459,low
new orleans,2004.0,toyota,corolla le,gas,240161.0,clean,automatic,la,30.011632,-90.269457,low
waco,2002.0,dodge,durango,gas,182000.0,clean,automatic,tx,31.6403,-97.0963,low
austin,2001.0,ford,f-250 super duty,diesel,283466.0,clean,automatic,tx,30.5052,-97.8203,medium
wichita falls,2018.0,chevrolet,silverado,gas,91423.0,clean,automatic,tx,35.199,-97.4841,high
"st louis, MO",2004.0,toyota,tundra,gas,93100.0,clean,automatic,il,38.8014,-90.5065,medium
grand rapids,2010.0,dodge,grand caravan,gas,127948.0,clean,automatic,mi,43.1824,-84.1122,low
pueblo,2017.0,ford,fiesta,gas,38602.0,clean,manual,co,39.71087,-105.00285,medium
south jersey,2004.0,hyundai,santa fe gls,gas,197600.0,clean,automatic,nj,39.0196,-74.8756,low
fresno / madera,2012.0,nissan,altima,gas,135403.0,clean,automatic,ca,36.815675,-119.695804,low
boston,2011.0,nissan,versa,gas,64500.0,clean,automatic,ma,42.728,-71.181,low
new river valley,2016.0,ford,f150 xlt,gas,113470.0,clean,automatic,va,38.793,-77.5266,medium
seattle-tacoma,2016.0,ford,f150 xlt fx4 4x4 half ton,gas,73232.0,clean,automatic,wa,47.841211,-122.297249,high
charlottesville,2018.0,acura,mdx sh-awd sport utility,gas,34605.0,clean,other,va,38.03,-78.48,high
billings,2016.0,ford,escape,gas,79950.0,clean,automatic,mt,45.770064,-108.549435,medium
chico,1930.0,ford,phaeton,gas,38000.0,clean,automatic,ca,39.74703,-122.191372,medium
phoenix,2018.0,bmw,x3 xdrive30i sport utility,gas,14529.0,clean,other,az,33.44,-111.8,high
new hampshire,2007.0,nissan,sentra,gas,96882.0,clean,automatic,nh,42.842034,-71.717629,low
battle creek,2018.0,kia,forte,gas,39808.0,rebuilt,automatic,mi,42.635127,-85.284612,medium
grand rapids,2009.0,ford,f-350,gas,105996.0,rebuilt,automatic,mi,42.850002,-85.906907,medium
birmingham,2016.0,jeep,wrangler,gas,95674.0,clean,automatic,al,34.339168,-84.021823,high
dallas / fort worth,2014.0,bmw,320i,gas,50000.0,clean,automatic,tx,35.2204,-97.4577,medium
el paso,2010.0,nissan,z,gas,79864.0,clean,other,tx,31.777081,-106.23864,medium
medford-ashland,2001.0,chevrolet,tahoe,gas,283466.0,clean,automatic,or,42.3989,-123.3538,low
modesto,2014.0,audi,a4,gas,47530.0,clean,automatic,ca,36.98188,-121.99995,medium
orange county,2001.0,ford,mustang cobra svt,gas,22000.0,clean,manual,ca,33.8296,-118.073,medium
"st louis, MO",2017.0,honda,civic coupe lx,gas,63000.0,,other,il,38.615965,-90.311124,medium
colorado springs,2004.0,jeep,liberty 4wd 4dr sport,gas,180000.0,clean,manual,co,39.1007,-104.8542,low
boston,2009.0,toyota,camry,gas,137977.0,clean,automatic,ma,42.0847,-71.0002,low
appleton-oshkosh-FDL,2006.0,ford,f-150,gas,140000.0,clean,automatic,wi,44.0275,-89.4943,low
cincinnati,2004.0,chevrolet,classic,gas,176150.0,clean,automatic,oh,39.435294,-83.82955,low
chillicothe,2019.0,ford,f-250sd,gas,42207.0,clean,automatic,oh,39.337094,-82.949176,high
albuquerque,2021.0,chevrolet,corvette c8 z51,gas,10.0,clean,automatic,nm,35.0818,-106.6482,high
kalispell,2005.0,ram,2500,diesel,174600.0,clean,automatic,mt,48.3534,-114.1784,medium
akron / canton,2011.0,gmc,terrain,gas,123753.0,clean,automatic,oh,40.796036,-81.43153,low
asheville,2018.0,toyota,rav4 adventure sport,gas,36111.0,clean,other,nc,35.57,-82.54,high
omaha / council bluffs,2011.0,nissan,armada,gas,173000.0,clean,automatic,ia,41.268218,-95.980655,medium
sarasota-bradenton,2004.0,bmw,3 series 325i,gas,149000.0,clean,automatic,fl,27.4394,-82.5778,low
rapid city / west SD,2014.0,ford,f350 diesel powerstroke 4x4,diesel,138238.0,clean,automatic,sd,45.7813,-108.5727,high
farmington,2001.0,toyota,tacoma,gas,166437.0,clean,automatic,nm,36.7412,-108.1797,low
east idaho,2009.0,ford,fusion se,gas,178324.0,clean,automatic,id,43.66219,-111.916705,low
spokane / coeur d'alene,2012.0,gmc,terrain slt-2,gas,121300.0,clean,automatic,id,47.6634,-117.2193,medium
pittsburgh,2020.0,lexus,rx 350l sport utility 4d,gas,6616.0,clean,other,pa,40.43,-79.97,high
parkersburg-marietta,2013.0,toyota,tundra crewmax pickup 4d,gas,98879.0,clean,other,oh,39.26,-81.54,high
evansville,2009.0,ford,edge,gas,145194.0,clean,automatic,in,37.947562,-87.493364,low
chicago,2008.0,ford,f450 super duty,diesel,85000.0,clean,automatic,il,41.7177,-88.332,medium
east idaho,2008.0,gmc,1500 yukon denali xl,gas,168000.0,clean,automatic,id,42.700049,-113.020306,medium
charleston,2017.0,lexus,rx 350 sport utility 4d,gas,28185.0,clean,other,sc,32.78,-79.99,high
space coast,2020.0,toyota,rav4 hybrid xse sport,gas,12478.0,clean,other,fl,28.17,-80.6,high
spokane / coeur d'alene,2010.0,ford,explorer,gas,101500.0,clean,automatic,id,47.6634,-117.2193,low
pittsburgh,2010.0,audi,a6 3.0t quattro sedan 4d,gas,75159.0,clean,other,pa,40.43,-79.97,medium
long island,2017.0,cadillac,cts 2.0 luxury sedan 4d,gas,41147.0,clean,other,ny,40.8,-73.12,high
western KY,2006.0,ford,fusion,gas,180000.0,clean,automatic,ky,36.6099,-88.3032,low
cincinnati,1975.0,dodge,dart swinger,gas,43000.0,clean,automatic,oh,39.1072,-84.502,medium
boise,1979.0,ford,f-350,gas,100000.0,clean,automatic,id,43.659567,-116.29745,low
omaha / council bluffs,2014.0,ford,explorer,gas,68193.0,clean,automatic,ia,41.1345,-96.2458,medium
salina,2020.0,audi,a6 45 tfsi premium plus,gas,27160.0,clean,other,ks,38.81,-97.61,high
reno / tahoe,2014.0,nissan,juke nismo,gas,69875.0,clean,automatic,ca,39.495568,-119.789546,medium
salina,2019.0,acura,rdx sh-awd sport utility,gas,11902.0,clean,other,ks,38.81,-97.61,high
colorado springs,2007.0,mini,cooper s,gas,91000.0,clean,manual,co,38.9097,-104.7107,low
ft myers / SW florida,2007.0,lincoln,mkx,gas,133500.0,clean,automatic,fl,26.5681,-81.8736,low
hudson valley,1981.0,pontiac,trans am,gas,97266.0,clean,automatic,ny,41.552532,-72.999092,high
east idaho,2019.0,gmc,sierra 2500hd slt,other,23636.0,clean,other,id,42.885063,-112.452574,high
portland,2017.0,ford,focus titanium 5 doors heated leather moon 35k 1 owner,other,35937.0,clean,automatic,or,45.4021,-122.6144,medium
inland empire,2005.0,toyota,sienna,gas,95674.0,clean,automatic,ca,34.02331,-117.11255,low
columbia / jeff city,2016.0,audi,a3 e-tron,hybrid,38561.0,clean,automatic,mo,38.382623,-93.77344,medium
tampa bay area,2019.0,ram,1500 classic regular cab,other,29732.0,clean,other,fl,27.99,-82.27,high
bellingham,2006.0,ford,econoline,gas,123456.0,clean,automatic,wa,48.7974,-122.4448,low
"kansas city, MO",2007.0,jeep,commander limited,gas,211032.0,clean,automatic,ks,38.7631,-94.8246,low
des moines,2016.0,nissan,frontier,gas,77018.0,clean,automatic,ia,41.1345,-96.2458,medium
jackson,2015.0,chevrolet,equinox,gas,115114.0,clean,automatic,tn,35.172002,-89.943849,medium
modesto,2003.0,bmw,530,gas,160000.0,clean,automatic,ca,37.6746,-121.0113,low
prescott,1952.0,other,Studebaker commander,gas,90000.0,clean,manual,az,34.7757,-112.4731,low
chillicothe,2016.0,chevrolet,silverado 3500hd,gas,112504.0,clean,automatic,oh,39.337094,-82.949176,high
ventura county,2002.0,chevrolet,tracker,gas,119431.0,clean,automatic,ca,34.299774,-119.294701,low
elmira-corning,2010.0,jeep,wrangler,gas,110045.0,clean,manual,ny,42.226611,-76.844044,medium
billings,2006.0,kia,sportage,gas,170814.0,clean,automatic,mt,45.7629,-108.539,low
delaware,2004.0,honda,accord ex-l sedan,gas,165000.0,clean,automatic,de,39.470172,-75.720091,low
mobile,2013.0,honda,accord,gas,92414.0,clean,automatic,al,30.60814,-87.898281,medium
modesto,2003.0,ram,1500,gas,200000.0,clean,automatic,ca,37.496267,-120.848579,low
saginaw-midland-baycity,2017.0,jeep,wrangler unlimited sahara,other,34152.0,clean,other,mi,43.41,-83.94,high
chattanooga,2017.0,bmw,3 series 340i sedan 4d,gas,19366.0,clean,automatic,tn,35.06,-85.25,high
watertown,2013.0,ford,focus,gas,66000.0,clean,automatic,ny,43.99936,-75.916729,low
lexington,2020.0,ford,ranger supercab xl pickup,gas,10740.0,clean,other,ky,38.04,-84.45,high
redding,2004.0,other,HUMMER H2,gas,53043.0,clean,automatic,ca,38.605011,-121.401917,high
springfield,2016.0,ford,focus st,gas,39752.0,clean,manual,il,39.7622,-89.6275,medium
central NJ,2017.0,nissan,altima,gas,40429.0,clean,automatic,nj,40.229058,-74.672326,medium
sioux falls / SE SD,2014.0,ford,edge sel awd,gas,33466.0,clean,automatic,sd,43.607438,-96.717829,medium
"washington, DC",2007.0,toyota,prius,hybrid,118132.0,clean,automatic,dc,38.2481,-77.4681,low
baltimore,2001.0,ford,super duty f-250,gas,97921.0,clean,automatic,md,39.433086,-76.343119,low
indianapolis,2006.0,subaru,impreza wrx,gas,16600.0,clean,manual,in,41.3134,-81.8562,medium
salem,2005.0,ford,sedan,gas,175000.0,clean,automatic,or,45.0897,-123.4003,low
south florida,2009.0,lexus,lx 570,gas,177000.0,clean,automatic,fl,,,high
reno / tahoe,2003.0,gmc,yukon denali,gas,113000.0,rebuilt,automatic,ca,39.525496,-119.756897,low
los angeles,2012.0,mini,cooper countryman,gas,160000.0,clean,automatic,ca,33.8669,-118.0686,low
birmingham,2014.0,gmc,sierra 2500hd denali,diesel,154289.0,clean,automatic,al,33.384664,-86.737847,high
pittsburgh,2006.0,dodge,durango slt,gas,158000.0,clean,automatic,pa,40.8155,-79.5107,low
richmond,1989.0,other,AM General HMMV,diesel,45000.0,clean,automatic,va,37.518321,-77.467545,high
olympic peninsula,2019.0,toyota,tacoma 4wd,gas,44353.0,clean,automatic,wa,47.1991,-122.3151,high
austin,2020.0,subaru,ascent,other,16225.0,clean,other,tx,30.582572,-97.692412,high
omaha / council bluffs,2016.0,chevrolet,silverado,diesel,68919.0,clean,automatic,ia,41.424186,-96.499908,high
anchorage / mat-su,2018.0,nissan,versa sv,gas,27751.0,clean,automatic,ak,61.166252,-149.857916,medium
grand rapids,2017.0,ram,1500,gas,14751.0,clean,other,mi,42.448987,-85.661948,high
jackson,2013.0,dodge,dart limited/gt,gas,118425.0,,other,mi,42.300673,-84.024108,low
kennewick-pasco-richland,2012.0,gmc,terrain,gas,97299.0,clean,automatic,wa,46.207557,-119.11703,medium
north jersey,2017.0,bmw,x5,gas,81500.0,clean,automatic,nj,40.8394,-74.0566,high
grand rapids,2017.0,toyota,prius v two hatchback,hybrid,152000.0,clean,automatic,mi,43.27833,-85.810261,medium
jacksonville,2020.0,ford,edge st line,gas,12.0,clean,automatic,fl,29.80197,-82.530193,high
fargo / moorhead,2015.0,jeep,compass,gas,119772.0,clean,automatic,mn,45.990267,-95.313256,low
cedar rapids,2012.0,jeep,patriot,gas,150436.0,clean,automatic,ia,42.6609,-93.9049,low
new haven,2019.0,honda,fit lx hatchback 4d,gas,12703.0,clean,other,ct,41.31,-72.92,medium
chico,2012.0,ford,focus,gas,138536.0,clean,automatic,ca,39.022483,-121.612859,low
reno / tahoe,2019.0,nissan,frontier crew cab sv,gas,44934.0,clean,other,ca,33.7865,-84.4454,high
omaha / council bluffs,2002.0,ford,crown victoria,gas,109000.0,clean,automatic,ia,41.2435,-95.9629,low
bend,2017.0,honda,cr-v,gas,28647.0,clean,automatic,or,45.498341,-122.764617,high
long island,2014.0,ram,1500,gas,63322.0,clean,automatic,ny,40.866978,-73.030451,high
bakersfield,2018.0,other,Genesis G80 3.8 Sedan 4D,gas,30363.0,clean,other,ca,35.38,-119.02,high
lehigh valley,2007.0,cadillac,escalade,gas,144492.0,clean,automatic,pa,40.894535,-74.152367,medium
salt lake city,2017.0,chrysler,pacifica touring l,gas,59280.0,clean,automatic,ut,40.7205,-111.8879,high
shreveport,,other,ierra 1500,gas,35676.0,,automatic,la,32.332046,-90.857163,high
topeka,2019.0,ford,f-150,gas,46310.0,clean,automatic,ks,38.990868,-95.233358,high
tulsa,2012.0,mini,cooper hardtop,gas,98000.0,clean,automatic,ok,36.0934,-95.8856,low
"washington, DC",2008.0,toyota,tacoma,gas,172495.0,clean,manual,dc,39.003,-76.972,medium
portland,2019.0,subaru,forester,gas,8380.0,clean,automatic,or,45.402674,-122.620405,high
lehigh valley,2015.0,infiniti,qx56,gas,65000.0,clean,automatic,pa,40.0018,-75.1179,low
fresno / madera,2004.0,ford,fusion,gas,72000.0,clean,automatic,ca,33.811,-117.8493,low
dallas / fort worth,2015.0,subaru,wrx sti,gas,89224.0,clean,manual,tx,32.964447,-96.918586,high
knoxville,2011.0,chevrolet,silverado 1500 work tr,other,121308.0,clean,automatic,tn,35.9244,-84.0015,medium
flagstaff / sedona,2012.0,volkswagen,touareg tdi sport suv,gas,93185.0,clean,other,az,33.779214,-84.411811,medium
hudson valley,2010.0,honda,accord,gas,190000.0,clean,automatic,ny,41.4886,-74.345,low
huntsville / decatur,2008.0,bmw,3 series 335i,gas,82516.0,clean,automatic,al,34.735061,-86.624715,medium
wyoming,2013.0,honda,accord touring,gas,91785.0,clean,automatic,wy,40.746503,-111.940084,medium
birmingham,2008.0,toyota,fj cruiser,gas,188099.0,clean,automatic,al,32.9229,-86.545,medium
boise,2018.0,hyundai,sonata,gas,22021.0,clean,automatic,id,43.633,-116.2951,medium
portland,2007.0,toyota,camry hybrid hybrid *90 d,other,86082.0,clean,automatic,or,45.519149,-122.511449,low
austin,2017.0,audi,a4 ultra premium sedan 4d,gas,24201.0,clean,other,tx,30.26,-97.74,high
tucson,2017.0,volkswagen,golf alltrack tsi s,gas,19511.0,clean,other,az,32.21,-110.96,medium
grand rapids,2011.0,gmc,terrain,gas,78000.0,clean,automatic,mi,42.868176,-85.863137,medium
bend,2013.0,volvo,xc60,gas,48570.0,clean,automatic,or,44.0538,-121.302,medium
sacramento,2014.0,other,hyndai santa fe sport,gas,87000.0,clean,automatic,ca,38.5673,-121.5516,medium
galveston,2019.0,nissan,370z nismo coupe 2d,gas,8373.0,clean,other,tx,29.3,-94.79,high
omaha / council bluffs,2007.0,honda,cr-v ex,gas,127000.0,clean,automatic,ia,41.371899,-96.152653,medium
charlotte,2008.0,other,scion xd,gas,112783.0,clean,manual,nc,35.767885,-80.852333,low
portland,2015.0,ford,transit 250,gas,89000.0,clean,automatic,or,45.56,-122.6001,high
portland,2015.0,mercedes-benz,sprinter 3500 airs,diesel,49291.0,clean,automatic,or,45.382346,-122.605132,high
utica-rome-oneida,2013.0,honda,ridgeline,gas,50700.0,rebuilt,automatic,ny,40.9166,-73.7877,medium
bend,2019.0,ram,pickup 1500 classic,gas,25740.0,clean,automatic,or,44.055524,-121.26973,high
worcester / central MA,2007.0,toyota,prius,hybrid,180000.0,clean,automatic,ma,42.2703,-71.8417,low
vermont,2014.0,bmw,x3,gas,124825.0,clean,automatic,vt,44.439495,-73.210154,medium
el paso,2015.0,bmw,i3 hatchback 4d,electric,22129.0,clean,other,tx,31.84,-106.43,medium
columbus,2008.0,bmw,550i,gas,107000.0,clean,automatic,oh,39.955998,-82.771325,low
rochester,2015.0,subaru,forester,gas,126000.0,clean,automatic,ny,43.0777,-76.9896,medium
madison,2007.0,toyota,sienna xle,gas,171000.0,clean,automatic,wi,43.0321,-89.4993,low
orange county,2004.0,gmc,envoy 4x4 xuv 5.3l v8 slt loaded low miles one owner,gas,109000.0,clean,automatic,ca,38.653713,-121.46615,medium
fargo / moorhead,2015.0,chevrolet,suburban ltz,gas,128957.0,clean,automatic,mn,47.911024,-97.045022,high
western slope,2011.0,toyota,sienna,gas,,clean,manual,co,39.674406,-104.998604,high
tampa bay area,2012.0,ford,f250 super duty,gas,41883.0,clean,automatic,fl,27.5008,-80.36,high
raleigh / durham / CH,2008.0,lexus,rx 350,gas,207799.0,clean,automatic,nc,35.790234,-78.775093,low
el paso,2002.0,chevrolet,corvette z06,gas,114600.0,clean,manual,tx,31.8045,-105.9661,medium
victoria,2017.0,ford,f250 lariat 4x4 diesel,diesel,160867.0,clean,automatic,tx,30.663,-97.9316,high
des moines,2011.0,chevrolet,malibu,gas,107237.0,clean,automatic,ia,41.637128,-93.700064,low
stockton,2010.0,toyota,prius four panel solar,hybrid,146822.0,,automatic,ca,37.739885,-121.43198,low
bakersfield,2012.0,hyundai,veracruz limited,gas,114258.0,clean,automatic,ca,33.771516,-117.992493,low
grand rapids,2014.0,chevrolet,silverado 2500hd,diesel,117810.0,clean,automatic,mi,43.0506,-83.61512,high
inland empire,1963.0,other,PLYMOUTH FURY 426,gas,69000.0,clean,automatic,ca,33.802343,-112.247001,high
akron / canton,2020.0,tesla,model 3 long range sedan,electric,3996.0,clean,other,oh,41.08,-81.52,high
chattanooga,2015.0,ford,transit connect,gas,94557.0,clean,automatic,tn,36.006832,-84.014656,medium
port huron,2010.0,buick,lucerne cxl,gas,138000.0,clean,automatic,mi,43.003972,-82.440054,low
austin,2007.0,chevrolet,malibu,gas,234741.0,clean,automatic,tx,30.469288,-97.634703,low
new haven,2017.0,nissan,sentra,gas,27019.0,clean,automatic,ct,40.622791,-73.74012,medium
rhode island,2001.0,ford,e-250,gas,147000.0,clean,automatic,ri,41.8734,-71.5569,low
richmond,2019.0,audi,q8 premium sport utility 4d,gas,8798.0,clean,automatic,va,37.55,-77.46,high
denver,2006.0,mitsubishi,lancer evolution mr,gas,134826.0,clean,manual,co,39.797287,-104.973193,high
eastern NC,1979.0,chevrolet,silverado c-10,gas,0.0,clean,automatic,nc,35.3782,-77.9693,low
kalispell,2000.0,chevrolet,express g3500,gas,149000.0,clean,automatic,mt,47.631082,-114.109621,low
fort collins / north CO,2013.0,infiniti,g37 sedan,gas,121577.0,clean,automatic,co,40.152227,-105.102521,medium
fayetteville,2017.0,nissan,altima,gas,71111.0,clean,automatic,nc,40.622791,-73.74012,medium
richmond,2007.0,honda,odyssey ex,gas,194959.0,clean,automatic,va,38.315272,-77.474106,low
colorado springs,2003.0,nissan,altima 2.5 s,gas,170000.0,clean,manual,co,38.945459,-105.152035,low
"kansas city, MO",2010.0,chevrolet,equinox lt,gas,103521.0,clean,automatic,ks,38.8161,-94.5328,low
twin falls,2007.0,lexus,is,gas,143152.0,clean,automatic,id,43.6403,-116.26346,low
cleveland,2012.0,gmc,terrain,gas,100000.0,clean,manual,oh,41.040727,-81.43451,low
memphis,2016.0,tesla,model x 90d sport utility,electric,7692.0,clean,other,tn,35.1,-90.0,high
wenatchee,2018.0,ford,f-350 platinum ultimate,diesel,87542.0,,automatic,wa,47.717677,-117.411665,low
rhode island,2015.0,jeep,grand cherokee overland,gas,78000.0,clean,automatic,ri,41.788529,-71.421604,medium
"kansas city, MO",2018.0,chevrolet,equinox 1lt,gas,55317.0,rebuilt,automatic,ks,41.2949,-96.0546,medium
jacksonville,2019.0,acura,mdx advance pkg sport,other,30356.0,clean,other,nc,34.76,-77.4,high
des moines,2014.0,chevrolet,silverado 1500,gas,120000.0,clean,automatic,ia,41.379465,-93.045959,medium
rochester,2009.0,subaru,outback,gas,114000.0,clean,manual,ny,43.173752,-77.51445,low
muskegon,1998.0,jeep,wrangler,gas,132649.0,clean,manual,mi,43.933706,-86.339192,low
los angeles,2015.0,honda,odyssey ex-l minivan 4d,gas,43087.0,clean,other,ca,34.04,-118.04,high
florence,2013.0,honda,accord,hybrid,151200.0,clean,automatic,sc,34.1231,-79.6893,low
san antonio,2014.0,ford,f-150,gas,133000.0,clean,automatic,tx,29.563758,-98.419989,medium
scranton / wilkes-barre,2010.0,ford,f-350,diesel,168460.0,clean,automatic,pa,40.894535,-74.152367,medium
detroit metro,1986.0,ford,mustang,gas,33947.0,clean,automatic,mi,42.6442,-82.8985,medium
anchorage / mat-su,2016.0,audi,a3 e-tron,hybrid,36606.0,clean,automatic,ak,61.176984,-149.86941,high
denver,2004.0,ford,f350 super duty,gas,150000.0,clean,automatic,co,39.4895,-104.8447,low
bend,2020.0,hyundai,santa fe,gas,25367.0,clean,automatic,or,44.055524,-121.26973,high
charlottesville,2017.0,ram,1500 quad cab tradesman,other,31622.0,clean,other,va,38.03,-78.48,high
pittsburgh,2019.0,lexus,rx 350l sport utility 4d,gas,23835.0,clean,other,pa,40.43,-79.97,high
rochester,2011.0,chevrolet,silverado 1500,other,155135.0,clean,automatic,mn,45.019058,-92.984787,medium
south jersey,2001.0,nissan,altima,gas,134000.0,clean,automatic,nj,39.795595,-75.038506,low
champaign urbana,2019.0,ram,1500 crew cab big horn,gas,28556.0,clean,other,il,40.11,-88.26,high
albany,2019.0,mercedes-benz,gls 450 4matic,gas,12765.0,clean,other,ny,42.66,-73.79,high
lafayette,2017.0,ram,1500 crew cab tradesman,gas,17033.0,clean,other,la,30.21,-92.02,high
austin,2020.0,cadillac,ct4 premium luxury,gas,342.0,clean,automatic,tx,30.26,-97.74,high
minneapolis / st paul,2018.0,gmc,canyon extended cab pickup,other,32329.0,clean,other,mn,44.98,-93.56,high
oregon coast,2012.0,chevrolet,silverado 1500,gas,111313.0,clean,automatic,or,45.48814,-122.579537,medium
central louisiana,2015.0,honda,accord lx sedan 4d,gas,56549.0,clean,other,la,30.52,-92.08,medium
lima / findlay,2020.0,ford,ranger supercab xl pickup,gas,10740.0,clean,other,oh,40.74,-84.11,high
the thumb,2020.0,ford,mustang ecoboost,gas,30588.0,clean,other,mi,33.779214,-84.411811,high
lexington,2005.0,honda,civic,gas,146945.0,clean,automatic,ky,37.939475,-84.544019,low
norfolk / hampton roads,2016.0,other,Scion iM Hatchback 4D,other,64923.0,clean,other,va,36.67,-76.3,medium
minneapolis / st paul,2015.0,honda,civic,gas,106359.0,clean,automatic,mn,44.733173,-93.285745,medium
albany,2017.0,infiniti,q60 red sport 400 coupe,gas,16080.0,clean,other,ga,31.57,-84.17,high
roanoke,2012.0,audi,a4 2.0t quattro,gas,125605.0,clean,automatic,va,37.272429,-79.949997,low
lakeland,2011.0,ford,f-250,other,105882.0,clean,automatic,fl,28.00853,-82.45974,high
yakima,2007.0,chevrolet,suburban,gas,95674.0,clean,automatic,wa,46.584837,-120.508958,medium
winchester,2015.0,ford,transit,gas,145380.0,clean,automatic,va,38.762669,-77.461754,medium
indianapolis,2014.0,ford,f-150,gas,117200.0,clean,automatic,in,39.254962,-84.107453,high
oklahoma city,1996.0,other,International thomas school bus,diesel,144281.0,clean,automatic,ok,35.2521,-96.6683,low
redding,2020.0,infiniti,q50 3.0t sport sedan 4d,other,7720.0,clean,other,ca,33.779214,-84.411811,high
fort collins / north CO,2016.0,ram,3500,diesel,144387.0,clean,automatic,co,40.374375,-104.694103,high
jackson,2003.0,audi,a4 3.0 cabriolet,gas,87332.0,,automatic,mi,42.300673,-84.024108,low
madison,2018.0,audi,s5 premium plus sedan 4d,gas,40118.0,clean,automatic,wi,43.07,-89.38,high
austin,2016.0,chevrolet,,other,16407.0,clean,automatic,tx,44.927304,-123.030322,high
tucson,2017.0,jaguar,xf 20d sedan 4d,other,27623.0,clean,automatic,az,32.21,-110.96,high
south florida,2015.0,dodge,journey,gas,87263.0,clean,automatic,fl,25.996402,-80.156043,low
great falls,1935.0,dodge,,gas,12345.0,clean,manual,mt,47.6584,-111.1214,low
atlanta,2010.0,chevrolet,traverse ltz,gas,183500.0,clean,automatic,ga,33.70758,-84.042227,low
northern michigan,2015.0,ford,focus,gas,145506.0,clean,automatic,mi,43.1824,-84.1122,low
buffalo,2000.0,ford,f-250 7.3 diesel 4x4,diesel,280000.0,clean,automatic,ny,42.9685,-78.7492,low
fayetteville,2014.0,toyota,4runner,gas,134352.0,clean,automatic,ar,38.4018,-93.785,high
yakima,2019.0,kia,sportage,gas,46612.0,clean,automatic,wa,47.81247,-122.32164,medium
long island,1982.0,mercedes-benz,benz 300sd,diesel,216000.0,clean,automatic,ny,40.7444,-73.0542,low
des moines,2005.0,chevrolet,tahoe,gas,200000.0,clean,automatic,ia,41.504478,-93.489097,low
greenville / upstate,2008.0,chevrolet,trailblazer,gas,106000.0,clean,automatic,sc,34.734276,-82.031078,low
central michigan,2010.0,dodge,grand caravan,gas,152296.0,clean,automatic,mi,43.1824,-84.1122,low
twin falls,2013.0,subaru,impreza,gas,90952.0,clean,automatic,id,43.6403,-116.26346,medium
central michigan,1996.0,chevrolet,van,gas,158303.0,clean,automatic,mi,43.1824,-84.1122,low
southwest michigan,2007.0,jeep,wrangler,gas,150000.0,clean,automatic,mi,42.316052,-85.188374,low
bozeman,1999.0,volkswagen,van,gas,146500.0,clean,automatic,mt,45.6693,-111.0431,low
northwest CT,2017.0,toyota,tundra double cab sr,gas,41124.0,clean,other,ct,41.81,-72.9,high
galveston,2020.0,acura,mdx technology pkg sport,other,3207.0,clean,other,tx,29.3,-94.79,high
new york city,2014.0,ford,transit connect cargo van,gas,68000.0,clean,automatic,ny,40.5973,-74.0768,medium
las vegas,2015.0,dodge,dart sxt,gas,73269.0,clean,automatic,nv,40.74686,-111.939826,low
western maryland,2017.0,ford,mustang gt coupe 2d,gas,14113.0,clean,other,md,33.7865,-84.4454,high
eastern panhandle,2018.0,jaguar,e-pace p250 se sport,other,14991.0,clean,other,wv,39.3,-78.59,high
seattle-tacoma,2006.0,lexus,gx 470,gas,133050.0,rebuilt,automatic,wa,47.846427,-122.298044,medium
new haven,2011.0,honda,pilot ex-l 4wd,gas,142102.0,clean,automatic,ct,41.326766,-72.778884,medium
detroit metro,2004.0,ford,expedition xlt,gas,200000.0,clean,automatic,mi,42.379086,-83.138849,low
ann arbor,2021.0,cadillac,xt5 premium luxury,gas,0.0,,automatic,mi,42.35819,-83.44051,low
waco,2017.0,dodge,charger,gas,47779.0,clean,automatic,tx,31.433827,-97.716509,medium
grand rapids,2007.0,lincoln,navigator,gas,176312.0,clean,automatic,mi,43.1824,-84.1122,low
wichita,2020.0,ford,,other,181.0,clean,manual,ks,45.494265,-122.579192,high
kennewick-pasco-richland,2018.0,ford,f150 xlt sport 4x4 half ton,gas,47165.0,clean,automatic,wa,46.234838,-119.128015,high
new york city,2015.0,chevrolet,cruze ls,gas,127855.0,clean,automatic,ny,40.6505,-73.9349,low
eau claire,2003.0,chevrolet,3500 dump,diesel,156000.0,clean,automatic,wi,45.1025,-91.49,low
redding,2010.0,subaru,legacy,gas,137000.0,salvage,automatic,ca,38.6383,-121.5072,low
ft myers / SW florida,2018.0,dodge,challenger,gas,12036.0,clean,automatic,fl,26.571661,-81.877633,high
montgomery,1985.0,chrysler,5th avenue,gas,35300.0,clean,automatic,al,32.3543,-86.2673,low
dallas / fort worth,2016.0,nissan,titan xd crew cab,diesel,58690.0,clean,other,tx,32.75,-97.33,high
lubbock,1999.0,honda,civic,gas,200000.0,clean,manual,tx,33.562989,-101.848368,low
grand rapids,2008.0,dodge,grand caravan,gas,165219.0,clean,automatic,mi,43.1824,-84.1122,low
killeen / temple / ft hood,2003.0,mitsubishi,eclipse,gas,140000.0,clean,automatic,tx,31.125848,-97.455597,low
bend,2012.0,toyota,prius 2,hybrid,259000.0,clean,automatic,or,44.311541,-120.851583,low
tampa bay area,2010.0,nissan,versa s,gas,136000.0,clean,automatic,fl,28.031,-82.7239,low
new york city,2020.0,volkswagen,tiguan se 4motion,other,6356.0,clean,other,ny,40.72,-74.17,high
jacksonville,2020.0,kia,optima,gas,16788.0,clean,automatic,fl,28.329026,-81.404237,medium
south dakota,2019.0,chevrolet,equinox,gas,29554.0,clean,automatic,sd,45.3151,-97.5254,high
pittsburgh,2017.0,infiniti,q60 3.0t premium coupe,other,26646.0,clean,other,pa,40.43,-79.97,high
charlotte,2016.0,lexus,gx460,gas,132659.0,clean,automatic,nc,35.9149,-81.5398,high
battle creek,2008.0,ford,focus se,gas,155000.0,clean,automatic,mi,42.234775,-85.786514,low
gold country,2009.0,subaru,impreza wrx,gas,182586.0,clean,manual,ca,38.905363,-121.0774,medium
anchorage / mat-su,2012.0,ford,f-350,other,118183.0,clean,automatic,ak,61.16167,-149.86312,medium
yuba-sutter,2003.0,cadillac,escalade,gas,183964.0,clean,automatic,ca,39.123441,-121.61144,low
elmira-corning,2012.0,mitsubishi,outlander se sport,gas,55110.0,clean,automatic,ny,42.08,-76.8,medium
lexington,2017.0,ram,,gas,136000.0,clean,automatic,ky,37.60871,-84.578977,high
santa maria,2013.0,mercedes-benz,e-class e 550,other,50905.0,clean,automatic,ca,33.7865,-84.4454,high
ventura county,2015.0,mercedes-benz,gla-class gla 45,gas,34811.0,clean,other,ca,33.779214,-84.411811,high
greenville / upstate,2011.0,toyota,corolla,gas,198355.0,clean,automatic,sc,34.9352,-81.9654,low
orange county,2012.0,mercedes-benz,benz c250,gas,118000.0,clean,automatic,ca,33.7523,-117.8541,medium
santa maria,2021.0,honda,pilot touring,gas,2320.0,clean,automatic,ca,34.936662,-120.234777,high
tyler / east TX,2011.0,ford,f250,diesel,237000.0,clean,automatic,tx,30.647777,-97.862778,high
ithaca,2018.0,buick,enclave essence sport,gas,38459.0,clean,other,ny,42.44,-76.5,high
rockford,1990.0,other,oldsmobile cutlass,gas,97789.0,clean,automatic,il,42.319,-88.997,low
tulsa,2012.0,chevrolet,impala ls,gas,82837.0,clean,automatic,ok,35.990872,-95.88644,low
duluth / superior,1978.0,buick,regal,gas,19620.0,clean,automatic,mn,45.6919,-93.9148,medium
charlotte,2009.0,lincoln,town car,gas,89871.0,clean,automatic,nc,,,low
north jersey,2018.0,volkswagen,atlas,gas,15179.0,clean,automatic,nj,40.2043,-74.1779,high
baltimore,2008.0,mini,clubman,gas,110396.0,clean,manual,md,39.433086,-76.343119,low
worcester / central MA,2015.0,audi,s5 premium plus coupe 2d,gas,35846.0,clean,other,ma,42.26,-71.8,high
atlanta,2017.0,buick,verano sport touring sedan,other,33333.0,clean,other,ga,33.7,-84.38,medium
moses lake,1941.0,chevrolet,,gas,62000.0,clean,manual,wa,47.383,-119.486,low
clovis / portales,1979.0,pontiac,firebird trans am,gas,47000.0,clean,automatic,nm,34.648013,-102.726631,low
los angeles,2018.0,hyundai,sonata,gas,29000.0,clean,automatic,ca,33.888841,-118.352073,medium
phoenix,2017.0,audi,a3 sportback e-tron,gas,24278.0,clean,automatic,az,33.440354,-111.922155,medium
flagstaff / sedona,2002.0,jeep,wrangler,gas,92658.0,clean,manual,az,34.728066,-112.019379,medium
portland,2016.0,kia,rio,gas,55695.0,clean,automatic,or,45.488124,-122.805453,medium
seattle-tacoma,2013.0,toyota,corolla le 4dr sedan 4a,gas,146000.0,clean,automatic,wa,47.930873,-122.22061,low
detroit metro,2019.0,volkswagen,jetta,gas,9354.0,clean,automatic,mi,42.59142,-83.031,medium
lubbock,2017.0,ford,expedition el,gas,72212.0,clean,automatic,tx,33.19787,-102.272944,high
modesto,2006.0,mercedes-benz,m-class ml 500,gas,126680.0,,automatic,ca,37.637869,-120.975297,low
dothan,2020.0,toyota,4runner sr5 sport utility,gas,33556.0,clean,other,al,31.23,-85.4,high
poconos,2011.0,honda,cr-v,gas,125163.0,clean,automatic,pa,41.197501,-74.629722,low
colorado springs,2014.0,other,FRRV Rockwood,gas,0.0,clean,automatic,co,39.368805,-104.86058,medium
tyler / east TX,2013.0,rover,sport,gas,129000.0,clean,automatic,tx,32.6661,-95.487,medium
fayetteville,2015.0,chevrolet,malibu ls,gas,121200.0,rebuilt,automatic,ar,36.3169,-94.1545,low
redding,2017.0,volkswagen,golf r hatchback,gas,14048.0,clean,other,ca,33.779214,-84.411811,high
san antonio,2013.0,gmc,sierra 1500 extended cab sle,gas,70559.0,clean,other,tx,29.45,-98.5,high
louisville,2017.0,bmw,x6 xdrive35i sport utility,gas,23253.0,clean,automatic,ky,38.22,-85.74,high
spokane / coeur d'alene,2003.0,other,mercades,gas,51056.0,clean,automatic,id,48.654123,-117.739564,low
boston,2011.0,chevrolet,malibu,gas,105000.0,clean,automatic,ma,42.5519,-71.2518,low
albuquerque,2016.0,mazda,3,gas,72000.0,clean,automatic,nm,35.1868,-106.6652,medium
tampa bay area,2016.0,bmw,x5,gas,81921.0,clean,automatic,fl,28.044307,-82.458709,high
austin,2018.0,jeep,wrangler jk unlimited,gas,29039.0,clean,manual,tx,29.886005,-97.671354,high
richmond,2017.0,nissan,versa sv,gas,74420.0,clean,automatic,va,38.133797,-77.521913,low
"washington, DC",2014.0,ford,expedition,gas,118791.0,clean,automatic,dc,38.759388,-77.454182,medium
oregon coast,2015.0,mercedes-benz,ml 350,gas,90130.0,clean,automatic,or,44.05278,-123.128308,medium
bozeman,2007.0,honda,cr-v,gas,118791.0,clean,automatic,mt,45.773041,-111.170819,low
la crosse,2018.0,jeep,wrangler unlimited all new,other,13992.0,clean,other,wi,43.82,-91.23,high
eugene,2011.0,chevrolet,silverado,gas,167394.0,clean,automatic,or,45.382346,-122.605132,high
tampa bay area,2014.0,tesla,model s,electric,64225.0,clean,automatic,fl,28.050634,-82.460167,high
santa maria,2002.0,toyota,4runner sr5,gas,109443.0,clean,automatic,ca,35.246801,-120.667596,medium
north jersey,2002.0,mercedes-benz,benz e320,gas,130213.0,clean,automatic,nj,40.9952,-73.9582,low
milwaukee,2011.0,kia,soul,gas,140176.0,clean,automatic,wi,42.57992,-87.820874,low
charleston,2017.0,jeep,wrangler unlimited rubicon,gas,20676.0,clean,other,sc,32.78,-79.99,high
ft myers / SW florida,2013.0,toyota,corolla,gas,133528.0,clean,automatic,fl,26.657967,-81.844788,low
reno / tahoe,2016.0,toyota,tacoma,other,64567.0,clean,automatic,ca,39.49115,-119.790321,high
atlanta,2016.0,ford,transit cargo van,gas,149000.0,clean,automatic,ga,33.7224,-84.5205,medium
rochester,2017.0,volkswagen,golf alltrack tsi se,other,19947.0,clean,automatic,ny,43.16,-77.61,high
myrtle beach,2002.0,chevrolet,tahoe lt 4x4,gas,208265.0,clean,automatic,sc,33.962269,-78.455257,low
orange county,2016.0,chevrolet,silverado,diesel,60615.0,clean,automatic,ca,34.10722,-117.45531,high
santa barbara,1992.0,gmc,sierra 1500 extended cab,gas,73211.0,clean,automatic,ca,34.4296,-119.8594,low
bozeman,2012.0,jaguar,xj,gas,91463.0,clean,automatic,mt,40.376357,-111.806112,high
st george,2012.0,dodge,grand caravan,gas,142761.0,clean,automatic,ut,40.746441,-111.939676,low
southern maryland,2015.0,ford,mustang gt premium,gas,30970.0,clean,other,md,38.82,-77.08,high
tucson,2017.0,mitsubishi,outlander,gas,57905.0,clean,automatic,az,32.25,-110.8869,medium
kalamazoo,2009.0,ford,edge,gas,206570.0,clean,automatic,mi,43.1824,-84.1122,low
northern michigan,1995.0,ford,explorer,gas,207000.0,clean,automatic,mi,45.2627,-85.1889,low
chicago,2004.0,jeep,liberty,gas,122041.0,clean,automatic,il,41.7805,-87.6622,low
macon / warner robins,1996.0,ford,explorer,gas,185485.0,clean,automatic,ga,34.139588,-83.971135,low
philadelphia,2011.0,hyundai,sonata,gas,107780.0,clean,automatic,pa,40.185945,-74.749874,low
dallas / fort worth,2016.0,nissan,maxima,gas,70000.0,clean,automatic,tx,32.738162,-97.097347,low
colorado springs,2018.0,nissan,armada,gas,67497.0,clean,automatic,co,39.578815,-104.862418,high
houston,2014.0,audi,s4,gas,66554.0,clean,automatic,tx,30.057832,-95.471001,high
norfolk / hampton roads,2017.0,cadillac,xt5 platinum sport,gas,28891.0,clean,other,va,36.67,-76.3,high
reading,2013.0,nissan,altima,gas,73257.0,clean,automatic,pa,40.31599,-75.60624,low
ft myers / SW florida,2013.0,chevrolet,express cargo van,gas,87914.0,clean,automatic,fl,26.531998,-81.859807,medium
medford-ashland,2004.0,mini,cooper,gas,107477.0,clean,other,or,44.058499,-123.106176,low
albuquerque,1997.0,toyota,tercel,gas,140000.0,clean,automatic,nm,35.1347,-106.6427,low
minneapolis / st paul,2008.0,other,2008,gas,131000.0,clean,automatic,mn,45.0132,-93.0297,low
sacramento,2013.0,hyundai,elantra,gas,92500.0,clean,automatic,ca,38.577058,-121.428537,low
greensboro,2015.0,fiat,500 abarth,other,80570.0,clean,manual,nc,35.868478,-78.722355,medium
"quad cities, IA/IL",2003.0,honda,accord,gas,219000.0,clean,automatic,il,41.5858,-91.01,low
maine,2010.0,toyota,tacoma,gas,152000.0,clean,automatic,me,43.188723,-71.504929,medium
minneapolis / st paul,1997.0,jeep,cherokee sport 4x4,gas,245000.0,clean,automatic,mn,44.876751,-93.502407,low
bellingham,2006.0,subaru,impreza sedan,gas,158121.0,clean,manual,wa,47.81247,-122.32164,medium
tulsa,2018.0,infiniti,q50 3.0t,gas,42000.0,clean,automatic,ok,36.1162,-95.8225,high
boone,2005.0,other,freightliner,diesel,283466.0,clean,automatic,nc,36.20633,-81.385689,high
knoxville,2015.0,nissan,altima,gas,99000.0,rebuilt,automatic,tn,35.3731,-84.6951,low
detroit metro,2013.0,chevrolet,equinox lt,gas,161000.0,clean,automatic,mi,42.446847,-83.085308,low
knoxville,1955.0,chevrolet,210 delray (bel air),gas,100000.0,clean,manual,tn,34.8921,-82.4002,high
reno / tahoe,2013.0,ram,3500,diesel,160336.0,clean,automatic,ca,38.597771,-121.403061,high
lima / findlay,2014.0,gmc,sierra,gas,90200.0,clean,automatic,oh,40.922333,-84.049487,high
kalispell,1966.0,chevrolet,corvette sting ray,gas,56455.0,clean,manual,mt,48.404,-114.3509,high
grand rapids,2017.0,bmw,x5,gas,25044.0,clean,automatic,mi,43.057538,-85.954644,high
mohave county,2005.0,ram,,gas,121000.0,clean,automatic,az,34.4814,-114.3483,medium
portland,2011.0,other,Maserati GranTurismo S,gas,38954.0,clean,automatic,or,47.81247,-122.32164,high
maine,2012.0,nissan,murano,gas,102930.0,clean,other,me,44.693199,-69.334602,medium
treasure coast,2019.0,jeep,wrangler unlimited sahara,gas,4362.0,clean,other,fl,33.7865,-84.4454,high
monterey bay,2017.0,ford,transit van,gas,48061.0,clean,automatic,ca,36.616382,-121.843524,high
el paso,2019.0,ford,explorer,gas,283466.0,clean,automatic,tx,32.28899,-106.782045,high
wichita falls,2019.0,chevrolet,colorado,gas,10659.0,clean,automatic,tx,35.199,-97.4841,high
billings,2017.0,ram,1500,gas,65700.0,clean,automatic,mt,47.696062,-116.781406,high
mohave county,2014.0,ford,focus st,gas,127250.0,clean,manual,az,35.106,-114.5947,low
colorado springs,2019.0,audi,a4 titanium premium sedan,other,23648.0,clean,other,co,38.82108,-104.82311,high
madison,2017.0,chevrolet,cruze,gas,80849.0,clean,automatic,wi,42.970214,-90.112347,medium
harrisburg,2014.0,ram,3500 crew cab tradesman 4x4,diesel,127117.0,clean,automatic,pa,39.512938,-76.909548,high
southwest michigan,2011.0,toyota,rav4,gas,170020.0,clean,automatic,mi,42.40274,-86.25973,medium
colorado springs,2012.0,ford,f-350 super duty super duty,gas,19000.0,clean,automatic,co,36.1149,-115.2161,high
philadelphia,2013.0,lexus,rx350 f sport awd,gas,91000.0,clean,automatic,pa,40.2167,-75.0029,medium
dallas / fort worth,2013.0,nissan,maxima,gas,69574.0,clean,automatic,tx,33.01526,-96.6719,medium
kennewick-pasco-richland,2010.0,nissan,titan pro-4x 4x4 half ton,gas,88769.0,clean,automatic,wa,46.234838,-119.128015,high
baltimore,1963.0,chrysler,new yorker wagon,gas,22504.0,clean,automatic,md,39.2655,-76.4935,medium
southern illinois,2011.0,ford,f-150,gas,95892.0,clean,automatic,il,38.326306,-89.190445,high
nashville,2018.0,ram,1500 quad cab harvest pickup,gas,27426.0,clean,other,tn,36.17,-86.78,high
hickory / lenoir,2008.0,audi,a6 4x4,gas,124000.0,clean,automatic,nc,36.203841,-81.666283,low
rochester,2007.0,toyota,prius touring,hybrid,113000.0,clean,automatic,ny,43.222863,-77.84208,low
chicago,2017.0,nissan,sentra nismo,gas,59116.0,clean,automatic,il,41.572305,-88.113993,medium
houma,2012.0,nissan,rogue,gas,165000.0,clean,automatic,la,29.9871,-90.1695,low
nashville,2017.0,chevrolet,cruze,gas,52150.0,clean,automatic,tn,35.839799,-86.386926,medium
richmond,2016.0,ford,econoline commercial cutaway,gas,105070.0,clean,automatic,va,40.468785,-74.281707,high
worcester / central MA,2020.0,chevrolet,spark activ hatchback,gas,6395.0,clean,other,ma,42.26,-71.8,medium
orange county,2016.0,nissan,sentra fe+ s,gas,91992.0,,automatic,ca,33.873436,-117.542806,medium
lexington,2008.0,chevrolet,malibu,gas,132153.0,clean,automatic,ky,38.219687,-84.541856,medium
santa barbara,2015.0,bmw,x5 xdrive35d,diesel,94000.0,clean,automatic,ca,35.556992,-120.713761,high
omaha / council bluffs,2011.0,porsche,cayenne turbo,gas,118000.0,clean,automatic,ia,41.2078,-95.992,high
columbus,2013.0,nissan,juke,gas,112639.0,clean,automatic,oh,39.76807,-84.19472,medium
prescott,2012.0,jeep,liberty limited,gas,63500.0,clean,automatic,az,34.894205,-111.874246,medium
columbia,2010.0,other,International 4300,diesel,120882.0,,automatic,sc,29.620824,-82.386324,high
boulder,2019.0,mazda,mx-5 miata sport,gas,7487.0,clean,other,co,40.02104,-105.26465,high
birmingham,2019.0,ford,transit,gas,6735.0,clean,automatic,al,36.4641,-86.65828,high
minneapolis / st paul,2012.0,kia,soul,gas,154000.0,clean,manual,mn,45.0614,-92.8474,low
orlando,2009.0,mercury,grand marquis,gas,84026.0,clean,automatic,fl,28.714015,-81.32564,low
lynchburg,2015.0,volkswagen,eos komfort,gas,43470.0,clean,automatic,va,37.4,-79.19,medium
northwest OK,2016.0,ford,f250 super duty cab xl,gas,18380.0,clean,other,ok,36.29,-96.46,high
el paso,2018.0,jeep,renegade,gas,42000.0,rebuilt,automatic,tx,31.7584,-106.4783,medium
new haven,2013.0,hyundai,elantra gls,gas,123527.0,clean,automatic,ct,41.294342,-72.899209,low
space coast,2016.0,ford,explorer,gas,138708.0,clean,automatic,fl,28.403792,-80.70522,medium
rhode island,2020.0,mercedes-benz,c-class c 300,other,8920.0,clean,other,ri,41.82,-71.41,high
vermont,2017.0,honda,accord ex-l,gas,55466.0,clean,automatic,vt,44.001038,-73.147438,high
seattle-tacoma,2011.0,infiniti,fx35,gas,71147.0,clean,automatic,wa,47.843936,-122.294724,medium
kennewick-pasco-richland,2018.0,ford,transit connect van,gas,75509.0,clean,automatic,wa,47.81247,-122.32164,medium
spokane / coeur d'alene,2015.0,chevrolet,corvette,gas,3802.0,clean,automatic,id,47.692931,-117.411632,high
long island,1968.0,chevrolet,corvette stingray,gas,88000.0,clean,manual,ny,40.765,-73.524,high
albuquerque,2018.0,volkswagen,tiguan 2.0t s sport,gas,7233.0,clean,other,nm,35.11,-106.62,medium
grand rapids,2008.0,cadillac,escalade,gas,167628.0,clean,automatic,mi,42.914352,-85.730042,medium
ft myers / SW florida,2002.0,toyota,solara convertible,gas,155834.0,clean,automatic,fl,26.637024,-81.863707,low
corpus christi,2019.0,toyota,highlander,gas,16018.0,clean,automatic,tx,27.703573,-97.345045,high
orlando,2014.0,dodge,avenger,gas,117963.0,clean,automatic,fl,28.319244,-81.40302,low
albany,2017.0,ford,expedition xlt sport,other,74795.0,clean,other,ga,31.57,-84.17,high
cleveland,2007.0,honda,pilot,gas,197000.0,clean,automatic,oh,41.414652,-81.786325,low
abilene,2019.0,ford,f-250,gas,32053.0,clean,automatic,tx,32.402428,-98.796869,high
"washington, DC",2020.0,audi,a3 premium plus sedan 4d,gas,3939.0,clean,other,dc,38.89,-77.03,high
eugene,2010.0,mazda,mazda3,gas,106439.0,clean,manual,or,44.083056,-123.153025,medium
savannah / hinesville,2018.0,honda,civic lx,gas,87000.0,clean,automatic,ga,31.9959,-81.2358,medium
chico,2016.0,chevrolet,sonic,gas,31791.0,clean,automatic,ca,38.641098,-121.428624,medium
boise,2013.0,ford,f550 super duty,diesel,178060.0,clean,automatic,id,43.579197,-116.25329,high
upper peninsula,2008.0,ford,taurus x ltd,gas,132000.0,clean,automatic,mi,46.98666,-88.471027,low
western slope,2008.0,bmw,x5,gas,106971.0,clean,automatic,co,37.226498,-107.813623,medium
tucson,2004.0,gmc,yukon xl,gas,71089.0,clean,automatic,az,32.4076,-111.065,medium
minneapolis / st paul,2015.0,chevrolet,silverado 2500 hd,gas,194960.0,clean,automatic,mn,45.6919,-93.9148,high
western massachusetts,2003.0,audi,allroad,gas,123496.0,clean,automatic,ma,43.036758,-71.414421,low
st george,2009.0,toyota,sienna,gas,114619.0,salvage,automatic,ut,40.746376,-111.939805,low
columbia / jeff city,2020.0,dodge,charger,gas,21572.0,clean,automatic,mo,38.382623,-93.77344,high
tallahassee,2011.0,hyundai,sonata,gas,103879.0,clean,automatic,fl,30.4478,-84.3211,low
"quad cities, IA/IL",2014.0,dodge,grand caravan,gas,89275.0,clean,automatic,il,41.970512,-91.669785,medium
kalamazoo,2012.0,bmw,1 series 128i coupe 2d,other,80465.0,clean,other,mi,42.27,-85.58,medium
oklahoma city,2020.0,ford,f150 lariat 4x4,gas,33045.0,clean,automatic,ok,36.797921,-98.682747,high
toledo,2012.0,chrysler,200,gas,75980.0,clean,automatic,oh,41.721666,-83.638744,medium
cincinnati,2020.0,acura,ilx sedan 4d,other,5655.0,clean,other,oh,39.09,-84.51,high
northwest GA,2003.0,ford,ranger edge,gas,165000.0,clean,manual,ga,34.18315,-84.945934,low
grand rapids,2018.0,chevrolet,traverse,gas,31176.0,clean,automatic,mi,42.447945,-85.660104,high
chicago,2014.0,subaru,outback,gas,150000.0,rebuilt,automatic,il,41.9339,-87.8734,low
springfield,2013.0,infiniti,g37x,gas,74542.0,clean,automatic,mo,37.047741,-93.303214,medium
chico,2012.0,chevrolet,silverado 3500hd,diesel,107779.0,clean,automatic,ca,38.01787,-121.268904,low
cleveland,2002.0,jeep,grand cherokee laredo,gas,200000.0,clean,automatic,oh,41.4714,-81.5839,low
bend,2013.0,ram,1500,gas,146536.0,clean,automatic,or,47.81247,-122.32164,high
boston,2018.0,jeep,compass,gas,27829.0,clean,automatic,ma,42.68101,-71.42583,high
atlanta,2014.0,nissan,murano,gas,75665.0,clean,automatic,ga,33.9381,-84.1972,low
eugene,2012.0,ram,1500 slt,gas,95066.0,clean,automatic,or,44.046045,-122.995506,high
palm springs,2009.0,buick,lucerne,gas,125000.0,salvage,automatic,ca,34.1455,-116.0601,low
colorado springs,2018.0,hyundai,santa fe sport utility,gas,28054.0,clean,other,co,38.82108,-104.82311,medium
minneapolis / st paul,2010.0,nissan,cube,gas,54560.0,clean,automatic,mn,44.976133,-92.963104,low
western slope,2009.0,honda,fit sport,gas,191000.0,clean,manual,co,39.0783,-108.5457,low
ft myers / SW florida,2006.0,ford,f-350 super duty,diesel,260421.0,clean,automatic,fl,26.176613,-80.135957,medium
orange county,2007.0,kia,rondo,gas,155000.0,clean,automatic,ca,33.7817,-117.9766,low
duluth / superior,2017.0,subaru,legacy,gas,76003.0,rebuilt,automatic,mn,45.0645,-93.3413,medium
san antonio,2015.0,chevrolet,silverado 1500,gas,110672.0,clean,automatic,tx,29.436637,-98.55285,high
bend,2004.0,toyota,tundra access cab,gas,129744.0,clean,automatic,or,45.5742,-122.6842,medium
madison,2014.0,honda,cr-v ex,gas,72002.0,clean,automatic,wi,43.11357,-89.659963,medium
baltimore,2008.0,honda,civic,gas,129426.0,clean,automatic,md,39.313577,-76.463968,low
modesto,2018.0,jeep,grand cherokee,gas,35721.0,clean,automatic,ca,38.630615,-121.20752,high
houston,2009.0,lexus,rx 350,gas,105500.0,clean,automatic,tx,29.6625,-95.7272,medium
janesville,2017.0,ram,1500 crew cab big horn,other,10193.0,clean,other,wi,42.68,-89.01,high
winston-salem,2015.0,ram,pickup 2500,gas,152724.0,clean,automatic,nc,,,high
el paso,2009.0,mini,cooper clubman,gas,184000.0,clean,manual,tx,31.7432,-106.3686,low
minneapolis / st paul,2016.0,ford,taurus,gas,59163.0,clean,automatic,mn,44.857113,-93.335433,medium
amarillo,2007.0,ram,3500,diesel,248648.0,clean,automatic,tx,36.0412,-102.0007,low
ft myers / SW florida,2009.0,ford,escape,gas,37511.0,clean,automatic,fl,26.49896,-81.81938,low
vermont,2013.0,subaru,xv crosstrek premium,gas,123976.0,clean,manual,vt,44.1945,-72.4936,medium
anchorage / mat-su,2018.0,mercedes-benz,gla 250,gas,25000.0,clean,automatic,ak,61.1054,-149.78,high
rockford,2008.0,lincoln,town car,gas,159000.0,clean,automatic,il,42.4615,-88.9654,low
phoenix,2000.0,chevrolet,gmt-400,gas,207122.0,clean,manual,az,33.534798,-112.180236,low
spokane / coeur d'alene,2017.0,ram,2500 tradesman,diesel,49098.0,clean,automatic,id,47.6584,-117.1568,high
chicago,2013.0,chevrolet,cruze,gas,117172.0,clean,manual,il,41.622595,-87.633814,low
tucson,2013.0,gmc,yukon,gas,105460.0,clean,automatic,az,32.23539,-110.916482,high
nashville,2014.0,ford,edge,gas,99990.0,clean,automatic,tn,36.150429,-86.701409,medium
akron / canton,2011.0,jeep,wrangler,gas,150300.0,clean,manual,oh,40.794638,-81.463108,medium
buffalo,2017.0,kia,k900 premium sedan 4d,gas,55976.0,clean,automatic,ny,42.88,-78.85,high
boise,2019.0,ford,lifted f350 diesels lariat,diesel,58682.0,clean,automatic,id,43.61974,-116.29469,high
billings,2016.0,ford,fusion se,gas,55071.0,clean,automatic,mt,45.779753,-108.510791,medium
rhode island,2009.0,ford,f150,gas,156000.0,clean,automatic,ri,42.571524,-72.158539,low
sacramento,2017.0,gmc,terrain,gas,53500.0,salvage,automatic,ca,38.7159,-121.3648,medium
tyler / east TX,2012.0,gmc,sierra 2500hd,gas,211875.0,clean,automatic,tx,32.238476,-95.40493,medium
eastern panhandle,2005.0,pontiac,gto coupe 6-speed manual,gas,89000.0,clean,manual,wv,39.5526,-78.1877,medium
mcallen / edinburg,2019.0,gmc,acadia sle-1,gas,38300.0,clean,automatic,tx,26.201159,-98.317991,high
columbia,2017.0,chevrolet,silverado 2500 ltz,diesel,126867.0,clean,automatic,sc,36.2245,-79.8901,high
merced,2012.0,jeep,wrangler unlimited rubicon,gas,104575.0,clean,automatic,ca,38.610767,-121.422557,high
st joseph,2007.0,acura,mdx awd,gas,116000.0,clean,automatic,mo,39.7893,-94.8043,medium
"kansas city, MO",2017.0,chevrolet,silverado 1500,gas,89585.0,clean,automatic,ks,39.0152,-94.2604,high
columbus,2019.0,ford,f-250,gas,86787.0,clean,automatic,oh,39.76807,-84.19472,high
ft myers / SW florida,2011.0,mercedes-benz,benz e350,gas,62479.0,clean,automatic,fl,26.581005,-81.958523,medium
bozeman,2017.0,ford,f-250 sd,other,66710.0,clean,automatic,mt,45.6542,-110.61,high
medford-ashland,2014.0,ford,f-250,gas,52992.0,clean,automatic,or,38.79662,-121.21584,high
jacksonville,2003.0,ford,f250 super duty powerstroke,diesel,283466.0,clean,automatic,fl,30.286603,-81.553709,medium
cincinnati,2012.0,dodge,grand caravan,gas,121232.0,clean,automatic,oh,40.57628,-84.1798,low
flint,2014.0,ford,expedition,gas,137000.0,clean,automatic,mi,42.851055,-83.45119,medium
sarasota-bradenton,2006.0,chrysler,300,gas,164223.0,clean,automatic,fl,27.481331,-82.571899,low
greenville / upstate,2012.0,ford,f550 super duty,diesel,138843.0,clean,automatic,sc,34.8533,-82.4493,high
statesboro,2018.0,chrysler,300 touring l sedan 4d,other,,clean,other,ga,32.44,-81.77,medium
madison,2017.0,buick,encore,gas,24112.0,clean,automatic,wi,43.807621,-90.069599,medium
lafayette / west lafayette,2010.0,toyota,camry,gas,162756.0,clean,automatic,in,40.866655,-87.434406,low
colorado springs,2016.0,other,GULF XINNSBRUCK,gas,0.0,clean,automatic,co,39.368805,-104.86058,medium
boston,2007.0,lincoln,mkx,gas,165000.0,clean,automatic,ma,42.070993,-70.876408,low
orange county,1975.0,lincoln,,gas,71047.0,clean,automatic,ca,32.827502,-117.166271,medium
ventura county,1997.0,mazda,b-series 4wd truck,gas,208788.0,clean,manual,ca,34.34568,-119.072296,low
"kansas city, MO",2016.0,ram,1500,gas,18700.0,clean,automatic,ks,38.804251,-94.925647,medium
gainesville,2013.0,volkswagen,jetta,diesel,265000.0,clean,automatic,fl,29.625827,-82.476887,low
boulder,2000.0,ford,f-350 srw,diesel,283466.0,clean,automatic,co,40.063,-105.022,medium
zanesville / cambridge,2018.0,acura,mdx sport utility 4d,other,19370.0,clean,other,oh,39.95,-82.01,high
green bay,2018.0,ram,1500 quad cab harvest pickup,gas,27426.0,clean,other,wi,44.52,-87.98,high
omaha / council bluffs,2018.0,ford,f150 supercrew xlt 4x4,gas,14000.0,clean,automatic,ia,41.447333,-97.058414,high
corpus christi,2019.0,other,Genesis G80,gas,27318.0,clean,automatic,tx,27.65787,-97.479816,high
lawrence,2014.0,volkswagen,passat,gas,158000.0,clean,automatic,ks,38.9369,-95.242,low
spokane / coeur d'alene,1967.0,chevrolet,camaro,gas,0.0,clean,automatic,id,48.432675,-122.339826,high
kalamazoo,2013.0,ford,expedition,gas,161918.0,clean,automatic,mi,43.1824,-84.1122,medium
sacramento,2014.0,mini,paceman cooper s all4,gas,50293.0,clean,other,ca,38.58,-121.49,medium
east idaho,2012.0,ford,super duty f-350 srw,diesel,174758.0,clean,automatic,id,42.551296,-114.465026,high
roseburg,2009.0,subaru,forester 2.5x premium,gas,104080.0,clean,automatic,or,44.045127,-123.043674,medium
saginaw-midland-baycity,2018.0,ford,mustang ecoboost coupe 2d,gas,24957.0,clean,automatic,mi,43.41,-83.94,high
hattiesburg,2019.0,nissan,altima,gas,44276.0,clean,automatic,ms,31.316064,-89.437114,medium
appleton-oshkosh-FDL,1997.0,ford,f350 dually,gas,192000.0,clean,automatic,wi,43.8074,-88.1845,low
asheville,2018.0,mitsubishi,outlander phev sel,hybrid,22289.0,clean,other,nc,35.57,-82.54,high
houston,2018.0,ram,pickup 1500,gas,65756.0,clean,automatic,tx,29.68025,-95.404913,medium
grand rapids,1998.0,chevrolet,tahoe,gas,216100.0,clean,automatic,mi,42.7863,-85.1357,low
greenville / upstate,2013.0,volkswagen,jetta 2.0l tdi sedan,diesel,97392.0,clean,other,sc,34.83,-82.37,medium
albany,2017.0,volkswagen,gti,gas,20578.0,clean,manual,ny,43.0708,-73.7408,medium
rochester,2019.0,chevrolet,trax lt sport utility,gas,17677.0,clean,automatic,mn,44.01,-92.47,medium
philadelphia,2013.0,nissan,versa,gas,73004.0,rebuilt,automatic,pa,40.0785,-75.0677,low
visalia-tulare,2020.0,ford,ranger supercab xl pickup,gas,10688.0,clean,other,ca,36.4,-119.38,high
chillicothe,2016.0,other,Scion iM Hatchback 4D,gas,86543.0,clean,other,oh,39.33,-82.98,medium
san luis obispo,2005.0,jeep,wrangler,gas,171079.0,clean,automatic,ca,35.482265,-120.660756,medium
san antonio,2000.0,jeep,grand cherokee limited 4x4,gas,135206.0,clean,automatic,tx,29.6096,-98.323173,low
fargo / moorhead,2014.0,volkswagen,passat,gas,93000.0,clean,automatic,mn,46.5994,-96.0662,medium
southeast alaska,1990.0,ram,,gas,114000.0,rebuilt,automatic,ak,58.3628,-134.5294,low
phoenix,2014.0,ram,titan,gas,65001.0,clean,automatic,az,33.2509,-111.8593,high
palm springs,2018.0,ford,transit connect cargo,gas,135971.0,clean,automatic,ca,34.0794,-117.4551,medium
duluth / superior,2018.0,ram,4500,diesel,93000.0,lien,automatic,mn,46.8147,-92.1998,high
peoria,2016.0,chevrolet,silverado 1500,gas,34838.0,clean,automatic,il,40.613105,-89.460404,high
wichita,2018.0,mini,cooper hardtop 2 door,gas,36660.0,clean,manual,ks,37.710584,-97.209255,medium
salem,2012.0,chevrolet,colorado,gas,156909.0,clean,automatic,or,44.9927,-123.0167,medium
orange county,2016.0,ford,taurus limited sedan 4d,gas,46288.0,clean,other,ca,33.74,-117.82,medium
valdosta,2017.0,buick,enclave leather sport,other,40227.0,clean,other,ga,33.7865,-84.4454,high
yuba-sutter,1986.0,ford,ranger,gas,81000.0,clean,manual,ca,39.0861,-121.5497,low
dallas / fort worth,1991.0,porsche,928 s4,gas,134300.0,clean,automatic,tx,33.276244,-96.582217,medium
austin,2020.0,mitsubishi,eclipse cross le,gas,11215.0,clean,other,tx,30.26,-97.74,high
williamsport,2015.0,volvo,s60 t5 premier,gas,103530.0,clean,automatic,pa,41.224892,-77.157841,medium
reno / tahoe,2018.0,toyota,rav4 se,gas,37132.0,clean,automatic,ca,39.6269,-119.7081,high
houston,2015.0,bmw,650i / alpina b6,gas,102135.0,clean,automatic,tx,29.723398,-95.521538,high
clarksville,2013.0,nissan,maxima,gas,148037.0,clean,automatic,tn,36.569054,-87.405167,low
"quad cities, IA/IL",2017.0,jeep,cherokee,gas,95674.0,clean,automatic,il,42.4778,-92.3661,medium
flagstaff / sedona,2015.0,chevrolet,impala,gas,163646.0,clean,automatic,az,34.1175,-109.9197,low
prescott,2018.0,chevrolet,silverado 3500 ltz drw leveled,other,60635.0,clean,automatic,az,33.396353,-111.954863,high
visalia-tulare,2016.0,infiniti,qx80 sport utility 4d,gas,55612.0,clean,automatic,ca,36.4,-119.38,high
rockford,2016.0,ford,fusion se,gas,120694.0,clean,automatic,il,42.1292,-89.2659,medium
hartford,2016.0,subaru,legacy,gas,67460.0,clean,automatic,ct,,,medium
south jersey,2014.0,cadillac,cts sedan,gas,115495.0,clean,automatic,nj,39.829891,-75.125281,medium
mason city,2012.0,chevrolet,sonic,gas,159000.0,clean,automatic,ia,43.3227,-91.7939,low
utica-rome-oneida,2012.0,rover,lr2,gas,74473.0,clean,other,ny,43.106968,-75.296807,medium
phoenix,1997.0,ford,explorer,gas,150600.0,clean,automatic,az,33.6299,-112.1316,low
des moines,2011.0,dodge,durango,gas,203295.0,clean,automatic,ia,41.600976,-93.58129,low
springfield,2020.0,other,COLEMAN 2825RK,gas,0.0,clean,automatic,mo,,,high
los angeles,2015.0,other,Freightliner Sprinter 3500 Reefer High Roof Reefer 144 WB Cargo Van,diesel,94957.0,clean,automatic,ca,34.04118,-117.949911,high
chillicothe,2015.0,ford,f-150,gas,150041.0,clean,automatic,oh,39.337094,-82.949176,high
topeka,2017.0,acura,mdx sh-awd sport utility,gas,29322.0,clean,other,ks,39.03,-95.69,high
tulsa,2013.0,bmw,328i xdrive,gas,66250.0,clean,automatic,ok,36.0284,-95.9306,medium
ft myers / SW florida,2018.0,acura,tlx 3.5 sedan 4d,gas,20420.0,clean,other,fl,26.63,-81.85,high
st cloud,2006.0,honda,civic ex sedan,gas,193000.0,clean,manual,mn,45.5858,-94.2213,low
western massachusetts,2004.0,jeep,wrangler sport,gas,117000.0,clean,manual,ma,42.154695,-72.580613,medium
phoenix,2005.0,nissan,pathfinder,gas,96000.0,clean,automatic,az,33.316,-112.0669,low
wyoming,2020.0,chevrolet,silverado 1500 double,gas,12880.0,clean,automatic,wy,33.7865,-84.4454,high
augusta,2013.0,gmc,sierra 1500 extended cab slt,other,80318.0,clean,other,ga,33.45,-81.99,high
stillwater,2017.0,ram,1500 regular cab tradesman,gas,39508.0,clean,other,ok,36.13,-97.07,high
el paso,2018.0,audi,a4 premium sedan 4d,other,29928.0,clean,other,tx,31.84,-106.43,high
indianapolis,2019.0,toyota,camry,gas,39688.0,clean,automatic,in,39.831932,-86.24368,medium
rhode island,2007.0,kia,sorento 3.6,gas,189000.0,clean,automatic,ri,41.978127,-71.561766,low
space coast,2013.0,dodge,grand caravan se,gas,48677.0,clean,automatic,fl,28.098219,-80.672822,medium
asheville,2002.0,subaru,impreza,gas,184740.0,clean,automatic,nc,35.3596,-82.4387,low
columbus,1983.0,mercury,capri,gas,56000.0,clean,manual,oh,39.3402,-84.3998,medium
fredericksburg,2012.0,jeep,grand cherokee overland 4x4,gas,29000.0,clean,automatic,va,38.4586,-77.4306,high
"washington, DC",2012.0,acura,tsx,gas,94400.0,clean,automatic,dc,38.9814,-77.4723,medium
akron / canton,2015.0,mitsubishi,mirage,gas,59000.0,clean,automatic,oh,41.014122,-81.490566,low
fargo / moorhead,2018.0,ford,f-150,gas,53000.0,clean,automatic,mn,46.450158,-95.124203,high
milwaukee,2005.0,audi,a4 convertible,gas,86037.0,clean,automatic,wi,43.016513,-88.039487,low
lexington,2013.0,chevrolet,equinox,gas,121734.0,clean,automatic,ky,37.038043,-84.626784,medium
treasure coast,2015.0,rover,,gas,68032.0,clean,automatic,fl,27.8942,-82.6746,high
rhode island,2013.0,gmc,terrain,gas,120510.0,clean,automatic,ri,41.7766,-71.4383,low
frederick,2019.0,acura,mdx sh-awd w/technology,other,14906.0,clean,other,md,39.42,-77.41,high
dallas / fort worth,2019.0,acura,mdx,gas,33193.0,clean,automatic,tx,32.946016,-96.829355,high
ft myers / SW florida,2019.0,ford,f-150,gas,46310.0,clean,automatic,fl,38.4018,-93.785,high
omaha / council bluffs,2019.0,hyundai,santa fe,gas,50877.0,clean,automatic,ia,41.1345,-96.2458,medium
atlanta,2012.0,mercedes-benz,benz r350 4matic,gas,158000.0,clean,automatic,ga,33.5531,-84.4003,medium
bakersfield,2017.0,ford,f150 supercrew cab xlt,other,29073.0,clean,other,ca,35.38,-119.02,high
fort collins / north CO,2015.0,hyundai,santa fe sport utility,gas,84657.0,clean,automatic,co,40.55,-105.06,medium
milwaukee,2008.0,ford,super duty f-350 srw,gas,147476.0,clean,automatic,wi,40.468785,-74.281707,medium
sacramento,2016.0,ram,2500 laramie,gas,19649.0,clean,automatic,ca,38.722616,-120.829207,high
lima / findlay,2020.0,dodge,challenger r/t coupe 2d,gas,1548.0,clean,other,oh,40.74,-84.11,high
pittsburgh,2005.0,ford,escape,gas,92000.0,clean,automatic,pa,40.4072,-79.9839,low
york,2019.0,bmw,4 series 430i gran coupe,gas,21635.0,clean,other,pa,39.96,-76.73,high
maine,2014.0,bmw,328xi,gas,97000.0,clean,automatic,me,44.07116,-70.24399,medium
cedar rapids,2017.0,cadillac,xt5 premium,gas,34390.0,clean,automatic,ia,42.021081,-91.666618,high
minneapolis / st paul,2019.0,gmc,acadia,gas,39608.0,clean,automatic,mn,44.738491,-93.218345,high
ventura county,2019.0,gmc,acadia,gas,17000.0,clean,automatic,ca,34.2656,-118.7653,high
rockford,2019.0,ram,1500 crew cab big horn,gas,28556.0,clean,other,il,42.27,-89.06,high
columbia,2008.0,toyota,prius,hybrid,129979.0,clean,automatic,sc,,,low
tyler / east TX,2018.0,ford,f250 4x4,gas,88310.0,clean,automatic,tx,30.663,-97.9316,high
little rock,2014.0,dodge,grand caravan sxt,gas,102000.0,clean,automatic,ar,34.1566,-97.1792,low
killeen / temple / ft hood,2017.0,chevrolet,suburban 5wd lt,gas,100000.0,clean,automatic,tx,30.219472,-97.759417,high
birmingham,2000.0,jeep,wrangler sport,gas,149980.0,clean,automatic,al,33.243013,-86.817334,medium
ventura county,2017.0,ford,focus st hatchback 4d,gas,12567.0,clean,other,ca,33.779214,-84.411811,high
huntsville / decatur,2017.0,infiniti,q60 red sport 400 coupe,gas,16080.0,clean,other,al,34.57,-86.98,high
new orleans,2006.0,volkswagen,passat lt,gas,86161.0,clean,automatic,la,29.993717,-90.181751,low
tulsa,2015.0,kia,forte lx,gas,72192.0,clean,manual,ok,36.107005,-95.90071,low
greenville / upstate,2000.0,porsche,boxster,gas,28400.0,clean,manual,sc,34.542338,-82.574701,medium
green bay,2017.0,chevrolet,traverse,gas,19429.0,rebuilt,automatic,wi,44.408989,-89.881554,medium
austin,2011.0,jeep,wrangler 4x4 sport,gas,82500.0,clean,manual,tx,29.5563,-98.3643,medium
brunswick,2020.0,ram,1500 crew cab laramie,gas,6330.0,clean,other,ga,31.15,-81.48,high
cincinnati,2017.0,gmc,sierra 2500hd,gas,100510.0,clean,automatic,oh,39.199087,-84.47583,high
joplin,1955.0,chrysler,,gas,67000.0,clean,automatic,mo,36.8764,-94.8719,low
vermont,2017.0,nissan,murano s,gas,28319.0,clean,automatic,vt,44.439408,-73.210163,medium
cleveland,2018.0,ford,escape,gas,42864.0,clean,automatic,oh,41.456783,-81.883689,medium
chattanooga,1990.0,mercedes-benz,,gas,72000.0,clean,automatic,tn,34.8076,-85.7084,low
stockton,2014.0,dodge,avenger se,gas,155322.0,clean,automatic,ca,37.797142,-121.230484,low
el paso,2011.0,jeep,grand cherokee,gas,100893.0,clean,automatic,tx,31.732128,-106.36604,medium
"kansas city, MO",2015.0,subaru,legacy 2.5i sedan 4d,gas,34233.0,clean,other,ks,39.09,-94.58,medium
anchorage / mat-su,1995.0,ford,explorer,gas,180000.0,clean,automatic,ak,61.6303,-148.9872,low
jacksonville,1988.0,chrysler,conquest,gas,79000.0,clean,manual,fl,30.1548,-81.63,low
albany,1987.0,chrysler,new yorker,gas,96.0,clean,automatic,ny,42.899358,-73.689508,low
appleton-oshkosh-FDL,2014.0,ford,super duty f-250 srw,gas,102437.0,clean,automatic,wi,44.227258,-88.467902,high
memphis,1998.0,honda,civic,gas,179000.0,clean,manual,tn,35.0821,-89.8501,low
"quad cities, IA/IL",2009.0,chevrolet,express cargo van,gas,100851.0,clean,other,il,42.1898,-91.7758,medium
monterey bay,2012.0,bmw,1 series 128i coupe 2d,other,80465.0,clean,other,ca,36.6,-121.88,medium
raleigh / durham / CH,2015.0,mercedes-benz,benz ml350,gas,113039.0,clean,automatic,nc,35.843,-78.632,medium
gadsden-anniston,2020.0,chevrolet,silverado 1500 crew,gas,19160.0,clean,other,al,34.01,-86.01,high
western massachusetts,2012.0,honda,accord sdn,gas,92754.0,clean,automatic,ma,,,medium
omaha / council bluffs,2017.0,subaru,outback,gas,87590.0,clean,automatic,ia,41.1345,-96.2458,medium
pueblo,2010.0,chevrolet,camaro,gas,93162.0,clean,manual,co,38.298339,-104.616024,medium
long island,2010.0,honda,crv,gas,120350.0,clean,automatic,ny,40.74,-73.4857,low
bellingham,2007.0,acura,mdx sh-awd,gas,95054.0,clean,automatic,wa,48.7535,-122.469,medium
san diego,2016.0,cadillac,escalade esv,gas,88200.0,clean,automatic,ca,32.7272,-117.2268,high
appleton-oshkosh-FDL,2018.0,lexus,rx 350 sport utility 4d,gas,25022.0,clean,other,wi,44.26,-88.39,high
long island,2008.0,cadillac,dts,gas,93.0,clean,automatic,ny,40.829008,-72.889652,low
logan,2013.0,ford,fusion se,gas,155233.0,clean,automatic,ut,40.746473,-111.939397,low
north jersey,2005.0,ford,f-150,gas,182796.0,clean,automatic,nj,40.862572,-74.096558,low
lakeland,2013.0,other,freightliner cascadia sleeper,diesel,283466.0,clean,manual,fl,27.984,-81.756,high
greensboro,2017.0,kia,rio lx,other,55897.0,clean,manual,nc,35.868478,-78.722355,medium
texoma,2012.0,toyota,tacoma double cab pickup,gas,43182.0,clean,other,ok,33.75,-96.56,high
oklahoma city,2006.0,chevrolet,express cargo van,diesel,134296.0,clean,automatic,ok,40.468785,-74.281707,medium
hawaii,1971.0,toyota,fj40 land cruiser,gas,58000.0,clean,automatic,hi,19.7026,-155.0812,medium
richmond,2001.0,lincoln,ls,gas,64495.0,clean,automatic,va,37.14053,-77.831663,low
eugene,2006.0,ram,3500 cummins,diesel,102316.0,clean,automatic,or,45.379929,-122.583757,high
st george,2016.0,honda,civic,gas,88192.0,clean,automatic,ut,37.175631,-113.60824,medium
fort dodge,2014.0,ford,focus,gas,104077.0,clean,automatic,ia,42.66749,-93.899455,low
janesville,2017.0,ford,mustang gt coupe 2d,gas,10744.0,clean,other,wi,42.68,-89.01,high
appleton-oshkosh-FDL,2017.0,ram,3500,diesel,57163.0,clean,automatic,wi,44.227258,-88.467902,high
philadelphia,1968.0,other,1968 camaro convertible,gas,65557.0,clean,automatic,pa,40.166209,-75.125217,high
boone,2020.0,hyundai,sonata se sedan 4d,other,13793.0,clean,other,nc,36.2,-81.66,medium
lehigh valley,2019.0,cadillac,escalade esv luxury,gas,36232.0,clean,automatic,pa,40.68,-75.22,high
jersey shore,2007.0,honda,accord,gas,189379.0,clean,automatic,nj,40.005,-74.226,low
new haven,2018.0,mercedes-benz,e-class e 400,other,31235.0,clean,other,ct,41.31,-72.92,high
wenatchee,2017.0,honda,pilot ex-l w/honda sensing awd,gas,29655.0,,automatic,wa,46.585652,-120.47858,high
buffalo,2018.0,ford,super duty f-250,diesel,95249.0,clean,automatic,ny,43.4883,-76.393469,high
redding,2013.0,infiniti,g g37 convertible 2d,gas,38468.0,clean,automatic,ca,33.779214,-84.411811,high
northwest KS,2019.0,ram,1500 crew cab big horn,gas,28556.0,clean,other,ks,38.96,-95.25,high
bend,2013.0,subaru,outback,gas,68580.0,clean,automatic,or,45.382346,-122.605132,medium
cedar rapids,2013.0,cadillac,ats awd,gas,33444.0,clean,automatic,ia,42.20047,-91.784849,medium
northern michigan,2019.0,chevrolet,silverado 1500 high co,gas,28207.0,clean,automatic,mi,45.3559,-84.9133,high
macon / warner robins,2018.0,lexus,nx 300,gas,19863.0,clean,automatic,ga,,,high
tampa bay area,2006.0,ford,expedition,gas,178261.0,clean,automatic,fl,28.039807,-82.520643,low
upper peninsula,2011.0,chevrolet,malibu,gas,154687.0,clean,automatic,mi,43.1824,-84.1122,low
springfield,2018.0,kia,sportage,gas,54029.0,clean,automatic,mo,38.382623,-93.77344,medium
madison,2011.0,cadillac,escalade,gas,159500.0,clean,automatic,wi,43.4825,-89.7462,medium
harrisburg,2006.0,ford,f-150,gas,189688.0,clean,automatic,pa,39.912869,-76.639677,medium
columbus,2007.0,ford,mustang,gas,84169.0,clean,automatic,ga,32.548807,-84.924106,medium
denver,2007.0,ford,super duty f-550 drw,gas,103772.0,clean,manual,co,39.380709,-104.866236,medium
asheville,2011.0,chevrolet,silverado 1500 work truck,other,121308.0,clean,automatic,nc,35.9244,-84.0015,medium
long island,2005.0,chrysler,sebring,gas,118.0,clean,automatic,ny,40.832589,-73.000791,low
bozeman,2014.0,ford,flex sel awd,gas,84787.0,clean,automatic,mt,45.777152,-108.553946,medium
santa fe / taos,2019.0,toyota,4runner limited sport,other,11877.0,clean,other,nm,35.67,-105.95,high
orange county,2012.0,mini,cooper countryman,gas,134492.0,clean,automatic,ca,33.83718,-117.84541,low
new york city,2003.0,lexus,gs430,gas,146881.0,clean,automatic,ny,40.634992,-73.977927,low
SF bay area,2013.0,dodge,charger,gas,165000.0,clean,automatic,ca,37.6571,-122.0726,low
san diego,2012.0,honda,accord lx,gas,50400.0,clean,automatic,ca,32.8455,-117.2521,medium
athens,2006.0,honda,odyssey,gas,187000.0,clean,automatic,ga,33.8803,-83.2341,low
southeast alaska,2019.0,toyota,tacoma,gas,18307.0,clean,automatic,ak,58.3628,-134.5294,high
ventura county,2004.0,toyota,tacoma,gas,139000.0,clean,automatic,ca,34.1672,-118.3989,low
mansfield,2018.0,audi,s5 prestige sedan 4d,gas,31298.0,clean,automatic,oh,40.76,-82.52,high
charlottesville,2007.0,other,International School Bus,diesel,214985.0,clean,automatic,va,38.24031,-78.405991,low
jersey shore,2007.0,jeep,grand cherokee,gas,176000.0,clean,automatic,nj,40.4177,-74.0623,low
sarasota-bradenton,1998.0,gmc,yukon,gas,101622.0,clean,automatic,fl,27.2666,-82.5163,low
houston,2017.0,fiat,500 abarth hatchback 2d,gas,6054.0,clean,other,tx,29.76,-95.38,medium
daytona beach,2012.0,ford,f250 super duty 4x4,gas,38177.0,clean,automatic,fl,27.5008,-80.36,high
north dakota,2001.0,ford,f-350,gas,226270.0,clean,automatic,nd,47.901,-97.0446,low
western slope,2014.0,toyota,sienna,gas,43702.0,clean,automatic,co,39.674406,-104.998604,high
roseburg,1999.0,ford,escort lx sedan,gas,180791.0,clean,automatic,or,44.046047,-122.976587,low
flint,2007.0,ram,1500,gas,131333.0,clean,automatic,mi,43.1824,-84.1122,low
poconos,2019.0,ram,1500 crew cab big horn,gas,28556.0,clean,other,pa,41.11,-75.45,high
hickory / lenoir,2011.0,gmc,sierra 1500 regular cab work,gas,39219.0,clean,other,nc,35.73,-81.32,medium
stockton,2010.0,acura,tl tech,gas,107487.0,clean,automatic,ca,38.611373,-121.430328,medium
kalispell,2017.0,dodge,journey crossroad fwd gas,gas,55845.0,clean,automatic,mt,47.65613,-117.236949,medium
jacksonville,2014.0,mercedes-benz,cla 250,gas,132000.0,clean,automatic,fl,30.286827,-81.554089,medium
stockton,2018.0,subaru,crosstrek limited,gas,79335.0,,other,ca,37.963201,-122.509472,medium
corpus christi,2003.0,chevrolet,avalanche,gas,220000.0,clean,automatic,tx,27.9095,-97.1591,low
new york city,2012.0,volkswagen,jetta,gas,97612.0,clean,manual,ny,40.694809,-73.89784,low
sioux falls / SE SD,1997.0,honda,accord,gas,197392.0,clean,automatic,sd,43.544481,-96.772843,low
stockton,2018.0,chevrolet,malibu lt,gas,76677.0,clean,automatic,ca,38.020942,-121.301919,medium
vermont,2016.0,ford,"escape-se, 4wd",gas,45000.0,clean,automatic,vt,44.519153,-73.177357,medium
roanoke,2011.0,bmw,z4 sdrive35is roadster 2d,other,45858.0,clean,other,va,37.27,-79.95,high
sarasota-bradenton,2010.0,buick,enclave,gas,166129.0,clean,automatic,fl,27.0522,-82.1156,low
madison,2012.0,nissan,leaf,electric,24105.0,clean,automatic,wi,43.029559,-89.397796,low
minneapolis / st paul,2008.0,other,Hummer H3,gas,150305.0,clean,automatic,mn,44.92553,-93.38926,medium
billings,1995.0,jeep,wrangler s,gas,100.0,clean,automatic,mt,47.696062,-116.781406,high
moses lake,2019.0,gmc,sierra 1500 slt x31 4x4 gas,gas,9351.0,clean,automatic,wa,46.234838,-119.128015,high
los angeles,2012.0,ford,fusion se,other,66971.0,clean,automatic,ca,34.062302,-118.06472,medium
winston-salem,2016.0,mercedes-benz,c-class,gas,52776.0,clean,automatic,nc,,,medium
corvallis/albany,2013.0,honda,odyssey,gas,54000.0,clean,automatic,or,44.5904,-123.2722,medium
rhode island,2012.0,mazda,5,gas,155000.0,clean,automatic,ri,41.8383,-71.4377,low
south bend / michiana,2013.0,toyota,prius,hybrid,139928.0,clean,automatic,in,41.66553,-86.249468,medium
albany,2007.0,other,Town & Country Limited,gas,61419.0,clean,automatic,ny,42.899342,-73.689573,medium
cleveland,2010.0,mercury,"marineer,premier",gas,160166.0,clean,automatic,oh,41.3964,-82.0033,low
southern illinois,2013.0,chevrolet,traverse lt,gas,125000.0,clean,automatic,il,36.8478,-88.6788,medium
SF bay area,2013.0,honda,civic ex,gas,108400.0,clean,automatic,ca,37.3814,-122.1258,low
victoria,2019.0,mercedes-benz,mercedes-amg cla,gas,17820.0,clean,other,tx,28.82,-96.98,high
orange county,2006.0,chevrolet,tahoe,gas,100000.0,clean,automatic,ca,34.070612,-117.383384,low
jackson,2019.0,ford,mustang gt premium coupe 2d,other,3629.0,clean,other,mi,42.24,-84.4,high
hawaii,2007.0,volvo,xc,gas,125000.0,clean,automatic,hi,21.295622,-157.754717,low
tulsa,2010.0,chevrolet,hhr,gas,33045.0,clean,automatic,ok,36.117354,-95.837688,low
kennewick-pasco-richland,2019.0,ford,f150 xlt 4x4 1/2 ton gas,gas,26890.0,clean,automatic,wa,46.234838,-119.128015,high
spokane / coeur d'alene,2016.0,gmc,sierra 2500hd denali,diesel,57590.0,clean,automatic,id,48.467712,-116.528624,high
worcester / central MA,2011.0,ford,f-150,gas,154450.0,clean,automatic,ma,42.225504,-71.762086,medium
appleton-oshkosh-FDL,2011.0,ford,edge,gas,131678.0,clean,automatic,wi,44.52039,-88.06645,medium
bakersfield,2010.0,mazda,mazda5 grand touring,gas,76194.0,clean,other,ca,35.38,-119.02,medium
"kansas city, MO",2000.0,chevrolet,express,gas,283466.0,clean,automatic,ks,39.0148,-94.6677,low
sacramento,2013.0,toyota,prius c three hatchback,gas,32641.0,clean,other,ca,38.58,-121.49,medium
sheboygan,2010.0,ford,taurus sho,gas,151000.0,clean,automatic,wi,43.741,-87.7247,low
rochester,2014.0,chrysler,town & country touring,gas,78272.0,clean,automatic,ny,42.958,-77.3083,medium
lansing,2011.0,ford,f-350 sd,diesel,185430.0,clean,other,mi,43.0506,-83.61512,high
anchorage / mat-su,2016.0,mini,countryman,gas,37144.0,clean,automatic,ak,61.56939,-149.35645,medium
greenville / upstate,2020.0,ford,f150 regular cab xlt pickup,other,7575.0,clean,other,sc,34.83,-82.37,high
winston-salem,2013.0,ford,explorer,gas,199111.0,clean,automatic,nc,36.144,-80.2376,low
akron / canton,2012.0,chrysler,200,gas,92408.0,clean,automatic,oh,41.070876,-81.491101,low
san diego,2017.0,kia,sportage,gas,95842.0,clean,automatic,ca,33.19495,-117.37837,medium
akron / canton,2010.0,cadillac,cts4,gas,143201.0,clean,automatic,oh,40.616741,-81.103246,low
omaha / council bluffs,2008.0,chevrolet,corvette,gas,11000.0,clean,manual,ia,40.445488,-96.713695,high
southeast missouri,2000.0,chevrolet,corvette,gas,14274.0,clean,automatic,mo,37.820812,-90.45772,high
oklahoma city,2017.0,chevrolet,silverado,other,138462.0,clean,automatic,ok,35.17116,-97.41159,high
jonesboro,2016.0,other,Scion iM Hatchback 4D,gas,32573.0,clean,other,ar,35.82,-90.68,medium
maine,2014.0,kia,sportage,gas,89110.0,clean,automatic,me,42.765709,-71.235073,medium
mcallen / edinburg,2014.0,jeep,grand cherokee limited,gas,171200.0,clean,automatic,tx,26.178178,-98.249756,low
appleton-oshkosh-FDL,2013.0,honda,crosstour,gas,130989.0,clean,automatic,wi,44.244038,-88.5989,medium
sarasota-bradenton,2014.0,mercedes-benz,e-class,gas,82822.0,clean,automatic,fl,27.299365,-82.513647,medium
syracuse,2018.0,mazda,mazda3 touring hatchback,other,14063.0,clean,other,ny,43.04,-76.14,medium
medford-ashland,2011.0,subaru,forester,gas,88898.0,clean,automatic,or,42.1885,-122.693,medium
SF bay area,2009.0,subaru,outback,gas,100000.0,clean,automatic,ca,37.7593,-122.4836,low
tampa bay area,2011.0,ram,2500 tradesman,gas,123456.0,clean,automatic,fl,28.0068,-82.556,medium
philadelphia,2020.0,chevrolet,sonic lt sedan 4d,other,9034.0,clean,other,pa,39.95,-75.16,medium
tallahassee,2004.0,toyota,4runner,gas,101000.0,clean,automatic,fl,,,medium
new york city,2014.0,bmw,4 series,gas,72858.0,clean,automatic,ny,40.663398,-73.694283,medium
stockton,2011.0,ram,3500,diesel,127690.0,clean,automatic,ca,38.01787,-121.268904,low
western slope,2004.0,lexus,lx 470,gas,190000.0,clean,automatic,co,39.38606,-106.885525,medium
sioux city,2016.0,ram,promaster city,gas,89271.0,clean,automatic,ia,43.5566,-96.8028,medium
western slope,2008.0,ford,super duty f-350 drw,diesel,217598.0,clean,automatic,co,38.494678,-107.893697,medium
memphis,2016.0,hyundai,sonata,gas,82094.0,clean,automatic,tn,35.053175,-89.862635,medium
dubuque,2005.0,lincoln,ls,gas,45483.0,clean,automatic,ia,41.972758,-91.68282,low
fayetteville,2006.0,ford,escape,gas,173296.0,clean,automatic,nc,35.0743,-78.8836,low
inland empire,2013.0,acura,tsx w/tech,gas,121886.0,clean,automatic,ca,32.724,-116.9976,medium
scranton / wilkes-barre,2011.0,kia,soul,gas,177387.0,clean,automatic,pa,41.40703,-75.43913,low
san antonio,2014.0,nissan,armada,other,124488.0,clean,automatic,tx,30.1237,-95.2686,high
york,2007.0,pontiac,vibe hatchback,gas,138000.0,clean,automatic,pa,39.941332,-76.703238,low
la crosse,2009.0,volkswagen,routan,gas,145794.0,clean,automatic,wi,43.65431,-90.727501,low
huntsville / decatur,2007.0,toyota,fj cruiser,gas,260428.0,clean,automatic,al,34.737481,-86.653907,medium
skagit / island / SJI,2018.0,subaru,outback,gas,73075.0,clean,automatic,wa,48.756909,-122.452132,medium
columbus,2016.0,toyota,corolla,gas,11264.0,clean,automatic,oh,40.064137,-82.998073,medium
cincinnati,2002.0,chevrolet,tahoe,gas,230822.0,clean,other,oh,39.03969,-84.233879,low
colorado springs,2015.0,toyota,tacoma trd sport,gas,46100.0,clean,automatic,co,38.9189,-104.7045,high
north jersey,2017.0,chevrolet,colorado extended cab,gas,22120.0,clean,other,nj,40.44,-74.82,high
springfield,2016.0,buick,regal premium ii,gas,72156.0,clean,automatic,il,39.7622,-89.6275,medium
albany,2018.0,ford,f-150,gas,49410.0,clean,automatic,ny,42.4759,-73.3773,high
new haven,2020.0,hyundai,santa fe 2.4 sel sport,gas,22300.0,clean,other,ct,41.31,-72.92,high
grand rapids,2020.0,ford,f-150,gas,10987.0,clean,automatic,mi,42.448987,-85.661948,high
bend,2011.0,toyota,tacoma,gas,138590.0,clean,automatic,or,45.382346,-122.605132,high
palm springs,2013.0,kia,rio lx,gas,102495.0,clean,automatic,ca,34.135519,-116.054183,low
tyler / east TX,2013.0,tesla,model s signature,electric,62588.0,clean,other,tx,32.32,-95.3,high
erie,2009.0,honda,odyssey,gas,189702.0,clean,automatic,pa,41.56995,-81.574738,low
ocala,2018.0,toyota,camry,gas,35664.0,clean,automatic,fl,28.027023,-82.459896,medium
athens,2006.0,mitsubishi,eclipse,gas,116091.0,clean,automatic,ga,34.139588,-83.971135,low
san luis obispo,2005.0,toyota,camry se,gas,151105.0,clean,manual,ca,35.25365,-120.666049,low
phoenix,2018.0,nissan,sentra sv,gas,89500.0,clean,automatic,az,33.6324,-112.1118,medium
baltimore,2007.0,toyota,camry,gas,164000.0,clean,automatic,md,39.2782,-76.7401,low
wenatchee,2014.0,chevrolet,malibu ls,gas,139800.0,,automatic,wa,46.585652,-120.47858,medium
central NJ,2013.0,other,International 4300,diesel,117550.0,clean,automatic,nj,40.468785,-74.281707,high
redding,2020.0,toyota,tundra,gas,8610.0,clean,automatic,ca,40.57218,-122.368589,high
siskiyou county,2001.0,chevrolet,silverado 2500hd,diesel,219000.0,clean,automatic,ca,42.287,-122.928,medium
norfolk / hampton roads,2017.0,chevrolet,express 3500 15 pass,gas,11160.0,clean,automatic,va,36.68829,-76.230521,high
fort collins / north CO,2009.0,ford,expedition max,other,151368.0,clean,automatic,co,39.71087,-105.00285,medium
killeen / temple / ft hood,2018.0,other,Genesis G80 3.8 Sedan 4D,diesel,53201.0,clean,other,tx,31.06,-97.65,high
fort collins / north CO,2016.0,ford,f150 regular cab xl pickup,gas,14230.0,clean,other,co,40.55,-105.06,high
tucson,2016.0,toyota,tacoma,gas,138592.0,clean,automatic,az,32.272629,-110.961342,medium
east idaho,2017.0,chevrolet,trax turbo,gas,27386.0,salvage,automatic,id,40.745885,-111.939869,low
southern illinois,2012.0,gmc,acadia,gas,123420.0,clean,automatic,il,37.759745,-89.27221,medium
syracuse,2015.0,chevrolet,malibu,gas,69736.0,clean,automatic,ny,43.0651,-76.4598,medium
asheville,2011.0,toyota,avalon,gas,79375.0,clean,automatic,nc,35.299465,-82.439768,medium
champaign urbana,2016.0,bmw,3 series 340i sedan 4d,gas,46057.0,clean,other,il,40.11,-88.26,high
reno / tahoe,2004.0,jeep,wrangler rubicon,gas,16350.0,clean,automatic,ca,40.9664,-117.7467,high
bakersfield,2014.0,other,freightliner cascadia,diesel,283466.0,clean,automatic,ca,35.427372,-119.06991,high
lehigh valley,2015.0,nissan,leaf sl hatchback 4d,electric,78351.0,clean,other,pa,40.68,-75.22,medium
manhattan,2020.0,acura,ilx premium and a-spec,gas,2255.0,clean,other,ks,39.19,-96.59,high
columbia / jeff city,2017.0,jaguar,f-pace 35t r-sport suv 4d,gas,60077.0,clean,automatic,mo,38.95,-92.32,high
eugene,2017.0,toyota,corolla,gas,69600.0,rebuilt,automatic,or,44.611857,-122.821569,low
raleigh / durham / CH,2010.0,gmc,sierra 1500 slt,gas,158723.0,clean,automatic,nc,36.2245,-79.8901,medium
hawaii,2017.0,volkswagen,tiguan,gas,13716.0,clean,automatic,hi,21.33539,-157.89922,medium
fayetteville,2006.0,ford,super duty f-350,diesel,123479.0,,automatic,nc,29.620824,-82.386324,medium
waterloo / cedar falls,2013.0,ford,fusion hybrid se,gas,140475.0,rebuilt,automatic,ia,42.958609,-91.815147,low
heartland florida,2011.0,bmw,z4 sdrive35is roadster 2d,other,45858.0,clean,other,fl,33.779214,-84.411811,high
cape cod / islands,2012.0,mazda,5,gas,153835.0,clean,automatic,ma,41.747806,-70.623012,low
san antonio,2009.0,chevrolet,impala,gas,33000.0,clean,automatic,tx,29.6096,-98.323173,low
philadelphia,2013.0,honda,civic,gas,122325.0,clean,manual,pa,40.18157,-74.663384,medium
boone,2013.0,lincoln,mkz sedan 4d,gas,41750.0,clean,automatic,nc,36.2,-81.66,medium
albany,2003.0,ford,thunderbird convertible,gas,6800.0,clean,automatic,ny,43.0069,-74.3715,high
huntsville / decatur,2009.0,chevrolet,traverse,gas,147000.0,clean,automatic,al,34.7789,-86.5438,low
sacramento,2001.0,toyota,solara,gas,120000.0,clean,automatic,ca,38.6294,-121.3746,low
visalia-tulare,2015.0,lincoln,mkc reserve,gas,58469.0,clean,automatic,ca,36.297452,-119.141647,medium
greenville / upstate,2014.0,volkswagen,passat 1.8t,gas,127000.0,clean,automatic,sc,34.831473,-82.48955,low
bend,2015.0,ford,f-150,gas,56522.0,clean,automatic,or,44.039006,-121.303704,high
hartford,2007.0,ford,f-150 xlt,gas,98000.0,clean,automatic,ct,41.7004,-71.5183,medium
los angeles,2002.0,infiniti,i35,gas,134000.0,clean,automatic,ca,34.0245,-118.1561,low
san antonio,2018.0,bmw,5 series 530i xdrive sedan,gas,19107.0,clean,other,tx,29.45,-98.5,high
charlotte,2012.0,gmc,sierra 3500 denali,diesel,69412.0,clean,automatic,nc,36.2245,-79.8901,high
chicago,2000.0,other,2000 SAAB 9-5 Aero sedan,gas,132000.0,clean,manual,il,42.2308,-88.3324,low
lima / findlay,2020.0,buick,enclave essence sport,gas,20337.0,clean,other,oh,40.74,-84.11,high
western massachusetts,2013.0,tesla,model s sedan 4d,electric,59613.0,clean,other,ma,42.11,-72.53,high
cincinnati,2018.0,chevrolet,silverado 1500,gas,95674.0,clean,automatic,oh,39.338,-82.9895,high
williamsport,2019.0,ram,1500 crew cab big horn,gas,28556.0,clean,other,pa,41.23,-77.03,high
raleigh / durham / CH,2006.0,mitsubishi,fuso fe145,diesel,96626.0,clean,automatic,nc,40.468785,-74.281707,high
cleveland,2008.0,buick,lucerne,gas,183630.0,clean,automatic,oh,41.124422,-81.8943,low
wilmington,2018.0,ram,1500 quad cab harvest pickup,gas,27426.0,clean,other,nc,34.21,-77.91,high
hickory / lenoir,2007.0,honda,oddyssey,gas,182000.0,clean,automatic,nc,35.6884,-81.3612,low
detroit metro,2017.0,lexus,is 300,gas,26000.0,rebuilt,automatic,mi,42.294,-83.3146,medium
pensacola,2016.0,lincoln,navigator,gas,152287.0,clean,automatic,fl,30.4129,-87.3092,medium
rhode island,2006.0,other,saab 9-5 2.3 T,gas,160000.0,clean,automatic,ri,41.5894,-71.4625,low
lima / findlay,2003.0,ford,f150 xlt,gas,131200.0,clean,automatic,oh,41.522859,-83.537768,low
cincinnati,2018.0,ram,1500 crew cab big horn,other,22805.0,clean,other,oh,39.09,-84.51,high
asheville,2014.0,chevrolet,traverse ls,gas,105000.0,clean,automatic,nc,35.675297,-81.994568,medium
hawaii,2020.0,hyundai,elantra,gas,18066.0,clean,automatic,hi,20.888192,-156.458917,medium
chico,2009.0,bmw,328i,gas,146000.0,clean,automatic,ca,39.7555,-121.6069,low
corvallis/albany,2001.0,toyota,tacoma,gas,132455.0,clean,manual,or,45.382346,-122.605132,medium
north central FL,2018.0,ford,explorer xlt,gas,18022.0,clean,automatic,fl,29.801606,-82.529564,high
reno / tahoe,2007.0,toyota,prius,hybrid,103574.0,clean,automatic,ca,38.624208,-121.401038,low
san antonio,2010.0,chevrolet,silverado 1500,gas,156000.0,clean,automatic,tx,28.8073,-97.8474,medium
baltimore,1999.0,mercedes-benz,benz slk230,gas,66000.0,clean,manual,md,39.4558,-76.4147,medium
raleigh / durham / CH,2017.0,hyundai,sonata plug-in hybrid,hybrid,29254.0,clean,manual,nc,35.82,-78.65,medium
st cloud,2016.0,buick,encore,gas,31600.0,clean,automatic,mn,45.5521,-94.1284,medium
louisville,2008.0,ford,escape,gas,98756.0,clean,automatic,ky,38.16475,-85.79788,low
des moines,2014.0,chevrolet,malibu,gas,111931.0,clean,automatic,ia,41.60018,-93.50152,medium
los angeles,2018.0,jaguar,xe 25t prestige sedan 4d,other,17596.0,clean,other,ca,34.2,-118.44,high
harrisonburg,2015.0,nissan,rogue,gas,82013.0,clean,automatic,va,39.145255,-78.189017,medium
baltimore,2016.0,volkswagen,touareg,gas,118276.0,clean,automatic,md,40.89333,-74.164125,medium
erie,2007.0,ford,focus,gas,143139.0,clean,automatic,pa,41.56995,-81.574738,low
phoenix,2019.0,subaru,impreza,gas,22000.0,rebuilt,other,az,33.420495,-111.971564,medium
bend,2009.0,rover,lr2,gas,149500.0,clean,automatic,or,44.0928,-121.2936,low
stockton,2011.0,jeep,wrangler,gas,135413.0,clean,automatic,ca,38.605011,-121.401917,high
colorado springs,2015.0,jeep,wrangler unlimited,gas,165060.0,clean,manual,co,39.7305,-105.1915,medium
worcester / central MA,2020.0,acura,tlx 2.4 w/technology pkg,gas,2135.0,clean,other,ma,42.26,-71.8,high
seattle-tacoma,2020.0,audi,q5,gas,12741.0,clean,automatic,wa,47.614533,-122.168798,high
ventura county,2014.0,chevrolet,silverado,gas,126969.0,clean,automatic,ca,34.1847,-118.38697,high
springfield,2005.0,jeep,wrangler,gas,114687.0,clean,manual,mo,,,medium
ft myers / SW florida,2012.0,honda,pilot ex,gas,123020.0,clean,automatic,fl,26.13838,-81.775786,medium
greensboro,2020.0,jeep,wrangler unlimited rubicon,other,12039.0,clean,other,nc,36.07,-79.82,high
nashville,2011.0,gmc,terrain,gas,95000.0,rebuilt,automatic,tn,36.006124,-86.59469,low
buffalo,2011.0,volkswagen,jetta,gas,85000.0,salvage,automatic,ny,43.0429,-78.6988,low
phoenix,2015.0,ram,1500 ecodiesel,diesel,123745.0,clean,automatic,az,33.690182,-112.100002,high
omaha / council bluffs,2017.0,honda,pilot,gas,79696.0,clean,automatic,ia,41.1345,-96.2458,high
milwaukee,1987.0,chevrolet,monte carlo ss,gas,1000.0,clean,automatic,wi,43.1122,-87.9932,medium
reno / tahoe,2004.0,chevrolet,trailblazer,gas,95674.0,clean,automatic,ca,38.657999,-121.431151,low
dallas / fort worth,2002.0,lincoln,blackwood,gas,69800.0,clean,automatic,tx,32.829235,-97.10927,medium
rockford,2017.0,volkswagen,tiguan 2.0t 4motion,gas,17659.0,clean,automatic,il,42.132424,-88.135142,medium
wilmington,2011.0,gmc,acadia,gas,162128.0,clean,automatic,nc,34.209703,-77.843995,medium
worcester / central MA,2019.0,mazda,mx-5 miata rf grand,gas,8789.0,clean,other,ma,42.26,-71.8,high
danville,2017.0,ford,expedition xlt sport,gas,70760.0,clean,other,va,36.58,-79.4,high
chico,2012.0,toyota,tacoma,gas,63555.0,clean,automatic,ca,38.605011,-121.401917,high
kenosha-racine,2012.0,toyota,yaris rs,gas,90000.0,clean,automatic,wi,42.5881,-88.4554,low
western slope,2014.0,ford,f250 super duty crew cab,diesel,159036.0,clean,automatic,co,39.181876,-108.577721,high
worcester / central MA,2005.0,ford,econoline cargo van,gas,142000.0,clean,automatic,ma,41.9296,-71.3009,low
indianapolis,2010.0,ford,f-150,gas,155812.0,clean,automatic,in,39.254962,-84.107453,medium
baltimore,2005.0,chevrolet,malibu lt,gas,200000.0,clean,automatic,md,39.267979,-76.634789,low
raleigh / durham / CH,2007.0,toyota,camry hybrid,hybrid,230000.0,clean,automatic,nc,35.811954,-78.544543,low
cedar rapids,2014.0,ford,fusion hybrid,hybrid,119848.0,clean,automatic,ia,42.032158,-91.611092,medium
nashville,2014.0,jeep,cherokee,,103028.0,,automatic,tn,36.23522,-86.7583,medium
sarasota-bradenton,2011.0,kia,sorento,gas,153064.0,clean,automatic,fl,27.318691,-82.450523,low
tucson,2008.0,ford,f-250,diesel,113866.0,clean,automatic,az,32.25166,-110.960537,medium
chillicothe,2018.0,chevrolet,silverado 1500,gas,15267.0,clean,automatic,oh,39.337094,-82.949176,high
norfolk / hampton roads,2008.0,honda,civic,gas,117434.0,clean,automatic,va,36.86981,-76.22502,low
austin,2017.0,acura,mdx sh-awd w/tech,gas,41000.0,clean,automatic,tx,30.722152,-98.406292,high
madison,2014.0,chevrolet,tahoe,gas,11500.0,clean,automatic,wi,42.1254,-87.8465,medium
"washington, DC",2015.0,dodge,charger,gas,120000.0,clean,automatic,dc,38.977846,-76.936913,medium
boston,2019.0,ram,1500 classic quad cab slt,gas,22427.0,clean,other,ma,42.35,-71.06,high
little rock,2014.0,chevrolet,silverado 1500 work tr,gas,70300.0,clean,automatic,ar,34.1566,-97.1792,medium
atlanta,2001.0,nissan,sentra,gas,247000.0,clean,automatic,ga,33.7655,-84.6469,low
yakima,2013.0,subaru,impreza sedan wrx,gas,94345.0,clean,manual,wa,47.81247,-122.32164,medium
tucson,2014.0,volkswagen,gti,gas,102977.0,clean,automatic,az,32.24951,-110.972417,medium
SF bay area,2002.0,gmc,sierra 2500hd,gas,126000.0,clean,automatic,ca,37.3702,-122.2182,medium
los angeles,2005.0,toyota,tacoma,gas,189000.0,clean,manual,ca,34.267338,-118.420407,medium
sacramento,2006.0,ford,freestar semini van,gas,159334.0,,automatic,ca,37.637869,-120.975297,low
prescott,1927.0,chevrolet,coupe,gas,100.0,clean,manual,az,34.571326,-112.104943,medium
seattle-tacoma,2013.0,ford,f750,diesel,99332.0,clean,automatic,wa,33.8925,-118.2961,high
maine,2006.0,subaru,forester,gas,158000.0,clean,automatic,me,43.655058,-70.272716,low
lexington,2008.0,honda,odyssey,gas,208251.0,clean,other,ky,38.219687,-84.541856,low
cleveland,2011.0,toyota,highlander,gas,98753.0,clean,automatic,oh,41.42832,-81.52741,medium
anchorage / mat-su,2019.0,jeep,compass,gas,16919.0,clean,automatic,ak,61.56939,-149.35645,high
altoona-johnstown,2018.0,mitsubishi,outlander es sport,other,15207.0,clean,automatic,pa,40.5,-78.4,medium
cleveland,2019.0,dodge,charger,gas,45953.0,clean,automatic,oh,41.038965,-81.575742,high
scranton / wilkes-barre,2018.0,jaguar,f-pace 20d premium sport,other,37647.0,clean,automatic,pa,41.4,-75.66,high
ft myers / SW florida,2017.0,toyota,tacoma,gas,66246.0,clean,automatic,fl,28.763821,-81.282651,high
detroit metro,2018.0,lincoln,mkc,gas,21004.0,clean,automatic,mi,42.493052,-83.53477,high
omaha / council bluffs,2020.0,chevrolet,silverado 1500,other,21763.0,clean,automatic,ia,39.0705,-93.7133,high
colorado springs,2015.0,ford,escape titanium,gas,83117.0,,automatic,co,38.827159,-104.822458,medium
south jersey,2019.0,tesla,model 3 standard range,electric,18994.0,clean,other,nj,39.46,-74.99,high
modesto,2019.0,chevrolet,colorado extended cab,gas,37620.0,clean,automatic,ca,37.71104,-120.996543,high
omaha / council bluffs,2013.0,chevrolet,2500hd,gas,113000.0,clean,automatic,ia,41.154882,-96.021258,medium
san luis obispo,2016.0,honda,hr-v,gas,106923.0,clean,automatic,ca,35.122159,-120.626169,medium
wichita,2015.0,jeep,grand cherokee,gas,116667.0,clean,automatic,ks,35.34111,-97.442428,medium
south florida,2014.0,toyota,fj cruiser sport utility,gas,66710.0,clean,other,fl,25.77,-80.2,high
phoenix,2010.0,dodge,nitro sxt,gas,114000.0,clean,automatic,az,33.41561,-111.657937,low
skagit / island / SJI,2003.0,chevrolet,silverado 3500,diesel,123484.0,clean,automatic,wa,48.441797,-122.378637,medium
wilmington,2015.0,ford,t-350 el super hi cargo,gas,196100.0,clean,automatic,nc,34.254848,-77.845567,medium
louisville,2005.0,other,"GMC, Ford, Freightliner & More",other,165593.0,clean,automatic,ky,39.843577,-104.948101,medium
appleton-oshkosh-FDL,2018.0,hyundai,sonata sel sedan 4d,gas,16789.0,clean,other,wi,44.26,-88.39,medium
fort wayne,2003.0,mitsubishi,montero sport xls 4x4,gas,170000.0,clean,automatic,in,41.0508,-85.256,low
sioux falls / SE SD,2012.0,ford,fiesta ses,gas,132453.0,salvage,automatic,sd,43.562452,-96.697773,low
lincoln,2016.0,volkswagen,jetta,gas,91747.0,clean,automatic,ne,40.779079,-96.706939,low
las vegas,2017.0,mercedes-benz,mercedes-amg c-class,gas,40425.0,clean,automatic,nv,37.175631,-113.60824,high
chautauqua,2018.0,ford,mustang gt premium,gas,18650.0,clean,other,ny,42.25,-79.5,high
sacramento,2012.0,jeep,wrangler sport,gas,62500.0,clean,manual,ca,38.8136,-121.2677,high
tulsa,2012.0,acura,mdx,gas,134092.0,clean,automatic,ok,36.068923,-95.797855,medium
nashville,2001.0,chevrolet,corvette,gas,62400.0,clean,automatic,tn,35.603105,-87.061583,medium
gadsden-anniston,2017.0,jeep,wrangler sport s utility 2d,gas,891.0,clean,other,al,34.01,-86.01,high
worcester / central MA,2014.0,volkswagen,jetta,gas,99000.0,clean,automatic,ma,42.6129,-72.2924,low
north jersey,2020.0,mazda,mx-5 miata club,gas,2195.0,clean,other,nj,40.44,-74.82,high
phoenix,2018.0,chevrolet,silverado 1500 4x4,gas,94044.0,clean,manual,az,33.3782,-111.6406,high
maine,1998.0,mitsubishi,eclipse spyder,gas,69000.0,clean,manual,me,43.188723,-71.504929,low
spokane / coeur d'alene,2016.0,chevrolet,silverado 3500 ltz z71 lifted diesel fully loaded only 34k miles,diesel,34070.0,clean,automatic,id,45.519861,-122.434111,high
milwaukee,2010.0,hyundai,elantra,gas,115712.0,clean,automatic,wi,42.987906,-88.241072,low
toledo,2008.0,nissan,frontier,gas,145000.0,clean,automatic,oh,42.3688,-83.4799,low
charlotte,2014.0,gmc,sierra 1500 crew cab slt,gas,57923.0,clean,other,nc,35.19,-80.83,high
olympic peninsula,2017.0,ram,3500,gas,39504.0,clean,automatic,wa,47.1991,-122.3151,high
brainerd,2008.0,chevrolet,avalanche ltz,gas,171860.0,clean,automatic,mn,46.3429,-94.2822,medium
boise,2002.0,ford,e350,diesel,274000.0,clean,automatic,id,43.525,-116.61,low
columbia,2013.0,ford,edge,gas,162000.0,clean,automatic,sc,34.089608,-81.157637,low
wilmington,2013.0,subaru,xv crosstrek premium,gas,57371.0,clean,other,nc,34.21,-77.91,medium
san luis obispo,2008.0,ford,mustang,gas,101314.0,clean,automatic,ca,35.119931,-120.57697,medium
orange county,2011.0,bmw,m3,gas,72015.0,clean,automatic,ca,33.7074,-117.7054,high
richmond,2006.0,jeep,wrangler,gas,142000.0,lien,manual,va,37.552267,-77.47653,medium
boston,2009.0,ford,f-150,other,115880.0,clean,automatic,ma,42.81393,-71.032173,medium
tri-cities,2018.0,acura,rdx technology pkg sport,gas,30791.0,clean,other,tn,36.53,-82.32,high
albuquerque,2016.0,ford,escape titanium sport,gas,36998.0,clean,other,nm,35.11,-106.62,medium
indianapolis,2018.0,honda,civic type r touring,other,40831.0,clean,other,in,39.77,-86.14,high
orlando,2014.0,nissan,sentra,gas,72435.0,clean,automatic,fl,28.553922,-81.310847,low
boulder,2014.0,ram,1500 sport,gas,130460.0,clean,automatic,co,40.182151,-105.102373,high
tampa bay area,2008.0,honda,civic,gas,166500.0,clean,automatic,fl,27.947,-82.7943,low
wichita,2004.0,jeep,liberty,gas,136000.0,clean,automatic,ks,37.6223,-97.3136,low
daytona beach,2018.0,ram,3500,diesel,28545.0,clean,automatic,fl,28.763821,-81.282651,high
"kansas city, MO",2013.0,bmw,328i xdrive,gas,70719.0,clean,automatic,ks,39.030074,-94.281498,medium
jersey shore,2016.0,hyundai,sonata se sedan 4d,gas,9570.0,clean,other,nj,39.26,-74.6,medium
albany,2008.0,acura,tl,gas,140800.0,clean,automatic,ny,42.499127,-73.383087,low
sarasota-bradenton,2008.0,honda,odyssey,gas,134160.0,clean,automatic,fl,27.311,-82.521,low
hattiesburg,2006.0,ford,f150 4x4,gas,200000.0,clean,automatic,ms,31.4738,-89.0396,low
asheville,1987.0,toyota,landcruiser fj60,gas,161000.0,clean,manual,nc,35.576609,-82.573586,medium
phoenix,2018.0,ford,fusion energi plug-in,hybrid,39453.0,clean,other,az,33.44,-111.8,medium
san diego,2013.0,volkswagen,passat se,gas,83129.0,clean,automatic,ca,32.888588,-117.145734,low
bloomington-normal,2014.0,chevrolet,impala limited ltz,gas,115000.0,clean,automatic,il,40.518206,-88.969568,low
tampa bay area,2016.0,ford,mustang,gas,81028.0,clean,,fl,27.946392,-82.342089,medium
salt lake city,2020.0,rover,,other,6635.0,,automatic,ut,29.9108,-90.0531,high
modesto,1990.0,acura,legend,gas,112000.0,clean,automatic,ca,37.7808,-121.2344,low
hartford,2006.0,ford,e-350,gas,125715.0,clean,automatic,ct,40.894535,-74.152367,medium
madison,2011.0,mercedes-benz,cl-class cl 550,gas,66944.0,clean,automatic,wi,43.07,-89.38,high
"st louis, MO",2014.0,lexus,gx 460,gas,114746.0,clean,automatic,il,38.505386,-90.451137,high
central NJ,2014.0,kia,soul,gas,114695.0,clean,automatic,nj,40.463961,-74.262957,low
new haven,2010.0,toyota,highlander se,gas,120000.0,clean,automatic,ct,41.2175,-73.0549,medium
roanoke,2011.0,honda,civic,gas,133063.0,clean,automatic,va,37.335208,-79.525315,low
reading,2008.0,mazda,3 mazda3 manual,gas,252759.0,clean,manual,pa,40.3466,-75.9351,low
san diego,2006.0,dodge,charger,gas,237000.0,clean,automatic,ca,32.717235,-117.05775,low
"st louis, MO",2017.0,chrysler,pacifica touring l plus,gas,118000.0,clean,automatic,il,38.8014,-90.5065,medium
ventura county,2012.0,bmw,750 li,gas,94000.0,clean,automatic,ca,34.1963,-118.6389,medium
pueblo,2014.0,jeep,wrangler unlimited sahara lifted,gas,100169.0,clean,automatic,co,33.3917,-111.9249,high
delaware,2015.0,nissan,altima,gas,83823.0,clean,automatic,de,39.937155,-75.088194,low
las cruces,2017.0,honda,civic ex sedan 4d,gas,22235.0,clean,other,nm,32.33,-106.75,medium
"kansas city, MO",2012.0,dodge,grand caravan,gas,186000.0,clean,automatic,ks,39.138127,-94.19998,low
gainesville,2015.0,buick,lacrosse,gas,95674.0,clean,automatic,fl,29.770834,-82.283186,medium
flint,2004.0,mercedes-benz,benz,gas,137000.0,rebuilt,automatic,mi,42.9693,-83.9279,low
albuquerque,2016.0,porsche,cayenne sport utility 4d,other,63581.0,clean,other,nm,35.11,-106.62,high
jackson,2012.0,buick,enclave,gas,192818.0,clean,automatic,mi,42.303,-85.1304,low
chattanooga,2020.0,ford,mustang gt premium coupe 2d,gas,1419.0,clean,other,tn,35.06,-85.25,high
south florida,2014.0,nissan,maxima,gas,88000.0,rebuilt,automatic,fl,25.763,-80.312,low
dothan,2017.0,chevrolet,camaro ss coupe 2d,gas,10496.0,clean,other,al,31.23,-85.4,high
roanoke,1996.0,chevrolet,c/k 3500 crew cab,gas,119596.0,clean,automatic,va,36.277274,-80.339826,medium
reno / tahoe,2015.0,chevrolet,silverado 1500 double,other,64855.0,clean,other,ca,33.779214,-84.411811,high
orlando,2008.0,mercedes-benz,benz e350,gas,177000.0,clean,automatic,fl,28.4637,-81.3948,low
albany,2015.0,acura,mdx sh-awd sport utility,other,61261.0,clean,other,ny,42.66,-73.79,high
bellingham,2015.0,rover,4x4 gas,gas,54093.0,clean,automatic,wa,47.841211,-122.297249,high
spokane / coeur d'alene,2011.0,subaru,forester,gas,128310.0,clean,automatic,id,47.737767,-117.412158,medium
east idaho,1998.0,dodge,durango,gas,201000.0,clean,automatic,id,43.813968,-111.786919,low
orlando,2007.0,bmw,5 series,gas,102755.0,clean,automatic,fl,28.3949,-81.4179,low
chicago,2002.0,bmw,325xi,gas,145000.0,clean,automatic,il,42.1614,-88.1383,low
holland,2018.0,mazda,cx-3,gas,34432.0,clean,automatic,mi,42.448987,-85.661948,medium
seattle-tacoma,2008.0,toyota,prius,hybrid,172423.0,clean,other,wa,47.2002,-121.967,low
richmond,2017.0,toyota,tacoma sr5,gas,66417.0,clean,automatic,va,37.13284,-95.78558,high
houston,1974.0,jeep,cj5,gas,1000.0,clean,automatic,tx,30.22036,-95.568008,medium
tampa bay area,2012.0,jeep,grand cherokee,other,111477.0,clean,automatic,fl,27.999033,-82.459702,medium
ft myers / SW florida,2014.0,ford,f-150,gas,146734.0,clean,automatic,fl,26.657967,-81.844788,medium
columbus,2020.0,ford,f-150,gas,10554.0,clean,automatic,ga,,,high
bemidji,2013.0,chevrolet,avalanche,gas,100981.0,clean,automatic,mn,47.901,-97.0446,medium
nashville,2019.0,nissan,rogue,gas,84232.0,clean,automatic,tn,36.171462,-86.497053,medium
lakeland,2017.0,ford,f-350,other,181079.0,clean,automatic,fl,28.00853,-82.45974,high
atlanta,2013.0,bmw,3 series,gas,96982.0,clean,automatic,ga,33.7408,-84.2632,medium
chicago,2013.0,ford,f-150,gas,92196.0,clean,automatic,il,42.364188,-87.864796,high
eugene,2012.0,chevrolet,equinox lt,gas,108245.0,clean,automatic,or,44.923356,-122.982387,medium
olympic peninsula,2020.0,ford,super duty f-350 srw,diesel,9817.0,clean,automatic,wa,47.1991,-122.3151,high
maine,2013.0,chevrolet,silverado 1500,gas,140000.0,clean,automatic,me,44.11106,-70.112543,medium
rockford,2013.0,volkswagen,eos sport convertible,gas,24294.0,clean,automatic,il,42.27,-89.06,medium
omaha / council bluffs,2015.0,jeep,grand cherokee,diesel,48892.0,clean,automatic,ia,41.268218,-95.980655,high
"st louis, MO",2013.0,infiniti,g g37 convertible 2d,gas,38468.0,clean,automatic,il,38.63,-90.24,high
east idaho,2020.0,ford,explorer st 4x4 gas suv,gas,3339.0,clean,automatic,id,43.61974,-116.29469,high
south florida,2014.0,ford,focus,gas,72000.0,clean,automatic,fl,26.0218,-80.1891,low
austin,2012.0,infiniti,g37s,gas,59750.0,clean,automatic,tx,30.2907,-97.7648,medium
sioux falls / SE SD,2008.0,mazda,cx-9,gas,148000.0,clean,automatic,sd,43.4711,-96.8177,low
grand rapids,2016.0,ford,fusion se ecoboost,gas,119536.0,clean,automatic,mi,43.054966,-85.693338,medium
lakeland,2007.0,ram,,gas,79706.0,clean,automatic,fl,28.00853,-82.45974,medium
nashville,2017.0,nissan,maxima,gas,46564.0,clean,automatic,tn,35.839799,-86.386926,high
frederick,2003.0,honda,odyssey,gas,270000.0,clean,automatic,md,39.6109,-77.3989,low
delaware,2003.0,chevrolet,malibu ls,gas,92700.0,clean,automatic,de,38.5537,-75.5631,low
denver,2018.0,subaru,outback,gas,13218.0,clean,automatic,co,39.675653,-105.007014,medium
knoxville,2018.0,kia,soul wagon 4d,gas,13028.0,clean,other,tn,35.97,-83.94,medium
denver,2011.0,toyota,avalon,gas,85000.0,clean,automatic,co,39.6689,-104.8066,low
athens,2018.0,lincoln,mkz premiere hybrid,hybrid,17500.0,clean,other,ga,33.95,-83.39,high
denver,2016.0,chevrolet,malibu,gas,92849.0,clean,automatic,co,39.555745,-104.895711,medium
long island,2001.0,mercedes-benz,benz e320,gas,130000.0,clean,automatic,ny,40.8782,-72.9525,low
twin falls,2019.0,gmc,sierra 1500 at4,gas,34942.0,clean,other,id,42.68499,-114.517427,low
lima / findlay,2011.0,mazda,mx-5 miata grand touring,gas,23483.0,clean,other,oh,40.74,-84.11,medium
boston,2007.0,ferrari,f430 spider,gas,12351.0,clean,manual,ma,42.756205,-71.210258,high
minneapolis / st paul,2008.0,dodge,grand caravan,gas,209000.0,clean,automatic,mn,45.118211,-93.241568,low
"washington, DC",2020.0,mitsubishi,mirage g4,gas,19200.0,clean,automatic,dc,38.763031,-77.452121,medium
mohave county,2001.0,ford,focus zts,gas,140000.0,clean,manual,az,35.10737,-114.635417,low
bloomington,2016.0,ford,f150 regular cab xl pickup,gas,14230.0,clean,other,in,39.16,-86.52,high
brownsville,2019.0,ford,super duty f-250 srw,gas,58566.0,clean,automatic,tx,27.798089,-97.475153,high
hartford,2019.0,chevrolet,3500,gas,21627.0,clean,automatic,ct,41.633329,-71.081842,high
hartford,2017.0,hyundai,sonata plug-in hybrid,hybrid,29254.0,clean,manual,ct,41.76,-72.68,medium
tampa bay area,2005.0,dodge,grand caravan,gas,148000.0,clean,automatic,fl,28.4522,-81.4678,low
daytona beach,2020.0,jaguar,e-pace p250 se sport,other,7764.0,clean,other,fl,29.19,-81.05,high
finger lakes,2013.0,ford,escape,gas,96341.0,clean,automatic,ny,42.93168,-76.59206,medium
williamsport,2014.0,honda,pilot,gas,158000.0,clean,automatic,pa,40.961013,-76.892182,medium
south jersey,2012.0,jeep,wrangler unlimited,gas,159791.0,clean,automatic,nj,40.40825,-74.372882,medium
gainesville,2016.0,cadillac,cts 2.0 luxury,gas,59085.0,clean,other,fl,29.67,-82.33,high
charlottesville,2001.0,cadillac,deville professional,gas,45150.0,clean,automatic,va,38.0266,-78.4805,low
zanesville / cambridge,2015.0,dodge,challenger srt 392 coupe,gas,40626.0,clean,other,oh,39.95,-82.01,high
philadelphia,2003.0,honda,accord,gas,236702.0,clean,automatic,pa,39.9224,-75.3009,low
albany,2020.0,chevrolet,silverado 1500 crew,gas,19160.0,clean,other,ga,31.57,-84.17,high
north jersey,2008.0,hyundai,veracruz,gas,180243.0,clean,automatic,nj,40.8623,-74.0756,low
asheville,2011.0,toyota,tacoma access cab 4wd sr5,gas,140952.0,clean,automatic,nc,35.190556,-83.368454,medium
seattle-tacoma,2014.0,ford,f-350 super duty xlt,diesel,202029.0,clean,automatic,wa,47.1991,-122.3151,high
memphis,2011.0,ford,f-150 xl 8' bed,gas,110625.0,clean,automatic,tn,34.9771,-89.9992,medium
jacksonville,2015.0,ford,fusion,gas,101097.0,clean,automatic,fl,30.348,-81.5882,low
jacksonville,2012.0,ford,f450 super duty,diesel,267244.0,clean,automatic,fl,27.2866,-82.477,medium
orlando,2005.0,nissan,frontier,gas,96500.0,clean,automatic,fl,28.6354,-81.4888,medium
portland,2018.0,buick,envision preferred sport,other,14875.0,clean,other,or,33.779214,-84.411811,high
columbus,2005.0,mercedes-benz,m-class,gas,139857.0,clean,automatic,oh,41.56995,-81.574738,low
cedar rapids,2017.0,kia,forte,gas,31588.0,clean,automatic,ia,42.457439,-92.332855,medium
hudson valley,2006.0,mazda,3,gas,131200.0,clean,automatic,ny,41.613004,-74.206123,low
tulsa,2014.0,nissan,juke nismo rs,gas,149000.0,clean,automatic,ok,36.1093,-95.8506,low
santa fe / taos,2019.0,mitsubishi,outlander se sport,gas,20717.0,clean,other,nm,35.67,-105.95,medium
central michigan,2014.0,ram,2500,gas,154916.0,clean,automatic,mi,43.1824,-84.1122,medium
akron / canton,2009.0,hyundai,accent,gas,122758.0,clean,manual,oh,41.3979,-81.8118,low
vermont,2013.0,honda,civic si coupe,gas,103882.0,clean,manual,vt,44.209041,-72.514597,medium
"washington, DC",1996.0,chevrolet,high top conversion van g1500 cash only,gas,102208.0,clean,automatic,dc,38.759191,-77.453714,medium
frederick,2017.0,lincoln,continental premiere,other,10537.0,clean,other,md,39.42,-77.41,high
fredericksburg,2009.0,bmw,x5,gas,97781.0,clean,automatic,va,38.25997,-77.49321,medium
new orleans,2015.0,other,MASERATI GHIBLI,gas,42500.0,clean,automatic,la,30.002045,-90.137921,high
boston,2016.0,bmw,x5 xdrive35i,other,85603.0,clean,automatic,ma,42.104454,-70.800753,high
bellingham,2019.0,toyota,tacoma 4wd,gas,35912.0,clean,automatic,wa,47.1991,-122.3151,high
buffalo,1963.0,other,Plymouth Valiant,gas,53515.0,clean,automatic,ny,42.6506,-78.8781,medium
hartford,1995.0,dodge,dakota 4x4 v-8 magnum,gas,194000.0,missing,automatic,ct,41.99,-72.642,low
anchorage / mat-su,2009.0,chevrolet,silverado 1500,gas,78274.0,clean,automatic,ak,47.81247,-122.32164,high
bakersfield,2019.0,toyota,tundra crewmax sr5 pickup,gas,15520.0,clean,other,ca,35.38,-119.02,high
charlottesville,2016.0,chevrolet,colorado crew cab z71,other,34940.0,clean,other,va,38.03,-78.48,high
champaign urbana,1997.0,toyota,camry,gas,283466.0,clean,automatic,il,40.0746,-88.1691,low
winston-salem,2016.0,acura,mdx,gas,75386.0,clean,automatic,nc,36.172812,-80.167732,high
atlanta,2014.0,toyota,camry se (sports edition),gas,123990.0,clean,automatic,ga,33.951781,-84.552971,medium
fayetteville,2002.0,bmw,530i,gas,172000.0,rebuilt,automatic,nc,35.8334,-78.5799,low
sarasota-bradenton,2013.0,mercedes-benz,e-class,gas,72366.0,clean,automatic,fl,27.26977,-82.48229,medium
la crosse,2015.0,jeep,cherokee,other,144941.0,clean,automatic,wi,44.9913,-92.9487,medium
louisville,2014.0,acura,tl,gas,112000.0,rebuilt,automatic,ky,38.1457,-85.8641,low
san luis obispo,1983.0,jeep,,gas,154138.0,clean,manual,ca,35.120356,-120.582504,medium
anchorage / mat-su,2009.0,toyota,camry hybrid,gas,283466.0,clean,automatic,ak,61.63,-148.987,low
north jersey,2015.0,audi,q7,gas,62360.0,clean,automatic,nj,40.923344,-74.143356,high
maine,1995.0,lexus,sc300,gas,202000.0,clean,automatic,me,43.593,-70.239,low
SF bay area,2018.0,mercedes-benz,cla,gas,19037.0,clean,automatic,ca,37.501118,-121.979658,high
milwaukee,2015.0,nissan,versa,gas,60687.0,rebuilt,automatic,wi,42.94982,-87.86017,low
st joseph,2015.0,ford,f-550,diesel,138000.0,clean,automatic,mo,39.782349,-95.003071,high
missoula,1996.0,gmc,suburban,gas,95140.0,clean,automatic,mt,47.664,-117.5638,medium
palm springs,2004.0,lincoln,aviator ultimate,gas,104000.0,clean,automatic,ca,33.743904,-116.359028,low
cincinnati,2010.0,acura,tsx,gas,88000.0,rebuilt,automatic,oh,39.238648,-84.576706,low
delaware,2004.0,gmc,denali xl,gas,220000.0,clean,automatic,de,39.5929,-75.6515,low
south bend / michiana,2006.0,nissan,titan,gas,148.0,clean,automatic,in,41.4368,-86.1413,medium
los angeles,2008.0,mercedes-benz,benz ml350 4matic,gas,163000.0,clean,automatic,ca,33.9416,-118.1306,low
anchorage / mat-su,2014.0,jeep,wrangler unlimited,gas,41660.0,clean,automatic,ak,61.56939,-149.35645,high
new york city,2016.0,chevrolet,silverado 1500 ltz z71,gas,34250.0,clean,automatic,ny,41.0531,-73.539,high
chicago,2004.0,ford,explorer,gas,1.0,clean,automatic,il,41.622595,-87.633814,low
bakersfield,2020.0,lexus,rx 350 low miles nice,gas,10765.0,clean,automatic,ca,35.283445,-120.658029,high
seattle-tacoma,2010.0,subaru,impreza outback sport 4,gas,71186.0,,manual,wa,47.704548,-122.301629,medium
chico,2012.0,infiniti,qx56 theater pkg7-,gas,132359.0,clean,automatic,ca,38.611373,-121.430328,medium
minneapolis / st paul,2013.0,chevrolet,equinox lt,gas,93574.0,clean,automatic,mn,45.52882,-93.369298,low
fayetteville,2014.0,mini,countryman,gas,45353.0,clean,manual,nc,,,medium
winchester,2015.0,nissan,frontier,gas,76131.0,clean,automatic,va,39.141109,-78.190523,medium
spokane / coeur d'alene,2004.0,dodge,durango limited 4wd,gas,169000.0,clean,automatic,id,47.6536,-117.4317,low
kenosha-racine,2006.0,toyota,sienna,gas,164988.0,clean,automatic,wi,43.1188,-87.9478,low
los angeles,2014.0,dodge,charger r/t,gas,134000.0,clean,automatic,ca,34.3054,-118.4322,medium
albany,2011.0,honda,odyssey ex-l,gas,106000.0,clean,automatic,ny,42.638,-73.6109,medium
eastern panhandle,2008.0,ford,escape xlt,gas,137250.0,clean,automatic,wv,39.5526,-78.1877,low
omaha / council bluffs,2015.0,gmc,yukon,gas,103669.0,clean,automatic,ia,41.424186,-96.499908,high
little rock,2020.0,nissan,versa 1.6 s,other,7053.0,clean,manual,ar,36.093598,-94.19146,medium
northwest KS,2015.0,chevrolet,silverado 1500 crew,gas,36240.0,clean,other,ks,38.96,-95.25,high
dayton / springfield,2013.0,ford,escape,gas,151877.0,clean,automatic,oh,39.76807,-84.19472,low
st joseph,2019.0,gmc,sierra 1500,gas,31818.0,clean,automatic,mo,39.23492,-94.57671,high
la crosse,2015.0,nissan,rogue sv,gas,45906.0,clean,automatic,wi,43.938673,-90.830584,medium
long island,2005.0,chrysler,300 ltd,gas,178000.0,clean,automatic,ny,40.866,-73.5272,low
roseburg,2003.0,toyota,tacoma double cab sr5 trd,gas,259000.0,clean,automatic,or,43.227,-123.5158,medium
northern michigan,2015.0,dodge,charger,gas,125000.0,clean,automatic,mi,42.1705,-87.859,medium
south florida,2019.0,ford,f150 regular cab xl pickup,other,14077.0,clean,other,fl,26.74,-80.12,high
springfield,2003.0,nissan,xterra,gas,218000.0,clean,automatic,mo,36.923549,-93.400269,low
eastern CT,2008.0,ford,f550 super duty,diesel,62000.0,clean,automatic,ct,41.5224,-71.9934,high
ventura county,2006.0,chevrolet,silverado 1500,gas,112512.0,clean,automatic,ca,34.227125,-118.467977,medium
northwest KS,2020.0,jaguar,e-pace p250 se sport,gas,8157.0,clean,other,ks,38.96,-95.25,high
orlando,2018.0,other,QX,gas,65000.0,clean,automatic,fl,28.6666,-81.365,high
new york city,1999.0,cadillac,seville sls,gas,83000.0,clean,automatic,ny,40.5979,-73.9743,low
worcester / central MA,2006.0,jeep,liberty,gas,164.0,clean,automatic,ma,42.88654,-71.149077,low
eugene,2010.0,volkswagen,tiguan fwd 4dr sel,,121515.0,clean,automatic,or,44.076513,-123.150156,medium
central NJ,2016.0,kia,forte5 lx hatchback 4d,gas,45947.0,clean,other,nj,40.22,-74.76,medium
south florida,2015.0,ram,1500,gas,95674.0,clean,automatic,fl,25.863241,-80.242914,medium
maine,2005.0,ford,f-150 4x4,gas,165000.0,clean,automatic,me,43.0921,-70.7429,low
redding,2019.0,chevrolet,tahoe,gas,73120.0,clean,automatic,ca,39.748325,-122.197907,high
louisville,2010.0,other,suzuki kizashi,gas,104000.0,clean,automatic,ky,37.6848,-85.8784,low
sarasota-bradenton,2019.0,cadillac,cts sedan 4d,other,3204.0,clean,other,fl,27.33,-82.54,high
monroe,2012.0,chevrolet,silverado lt z71,gas,274000.0,clean,automatic,la,32.513535,-92.112701,medium
raleigh / durham / CH,2013.0,dodge,dart sxt,gas,164000.0,clean,automatic,nc,35.580173,-78.543322,low
billings,2015.0,ford,f250 super duty,gas,62000.0,clean,automatic,mt,45.763455,-108.576627,high
college station,2000.0,dodge,caravan,gas,203676.0,clean,automatic,tx,30.8202,-96.3059,low
moses lake,2019.0,gmc,sierra deisel durmax 3500 hd,diesel,17201.0,clean,automatic,wa,46.234838,-119.128015,high
austin,2012.0,hyundai,elantra,gas,130000.0,clean,automatic,tx,30.5145,-97.668,low
atlanta,2017.0,other,Maserati Levante,gas,36083.0,clean,automatic,ga,33.669601,-86.817617,high
topeka,2014.0,ford,f-150,gas,168211.0,clean,automatic,ks,38.98505,-95.687877,medium
medford-ashland,2010.0,ford,expedition,,128975.0,,,or,42.329925,-122.875811,medium
modesto,1980.0,gmc,sierra 1500,gas,95000.0,clean,automatic,ca,37.7083,-121.0864,low
savannah / hinesville,2019.0,ford,f150 supercrew cab xl,gas,8663.0,clean,other,ga,32.08,-81.1,high
albuquerque,2017.0,chrysler,300 300c sedan 4d,gas,67806.0,clean,other,nm,35.11,-106.62,medium
"st louis, MO",2017.0,volkswagen,tiguan,gas,87236.0,clean,automatic,il,38.696985,-90.405512,medium
abilene,1993.0,dodge,w350,diesel,146000.0,clean,manual,tx,31.9571,-98.9656,high
sarasota-bradenton,2013.0,dodge,challenger,gas,21265.0,clean,manual,fl,27.299365,-82.513647,high
rockford,1998.0,dodge,caravan,gas,205309.0,clean,automatic,il,42.25268,-89.076633,low
birmingham,2008.0,ford,super duty f-350 srw,gas,97626.0,clean,automatic,al,40.468785,-74.281707,medium
raleigh / durham / CH,2006.0,lexus,rx 330,gas,170495.0,clean,automatic,nc,35.790395,-78.771723,low
sarasota-bradenton,2012.0,chevrolet,sonic,gas,87205.0,clean,automatic,fl,27.352703,-82.526233,low
appleton-oshkosh-FDL,2014.0,honda,cr-v,gas,127754.0,clean,automatic,wi,44.228044,-88.423356,medium
memphis,2008.0,chevrolet,express commercial cutaway,diesel,65073.0,clean,automatic,tn,40.468785,-74.281707,high
oregon coast,2001.0,ram,,diesel,135327.0,clean,automatic,or,45.382346,-122.605132,high
baltimore,2006.0,chrysler,pacifica,gas,113000.0,clean,automatic,md,39.3361,-76.5014,low
pittsburgh,2012.0,jeep,liberty,gas,145200.0,clean,automatic,pa,40.4406,-79.9959,low
santa maria,2018.0,toyota,prius prime,other,35166.0,clean,automatic,ca,34.952986,-120.44553,medium
southern illinois,2006.0,dodge,charger,gas,95400.0,clean,automatic,il,37.759745,-89.27221,low
omaha / council bluffs,2017.0,buick,enclave,gas,64232.0,clean,automatic,ia,41.1345,-96.2458,high
prescott,2017.0,chevrolet,silverado 2500 lifted highcountry 6.6l,other,50501.0,clean,automatic,az,33.396353,-111.954863,high
cleveland,2018.0,jeep,wrangler unlimited all new,other,15688.0,clean,other,oh,41.47,-81.67,high
rochester,2016.0,dodge,journey sxt,gas,48481.0,clean,automatic,ny,42.958,-77.3083,medium
eastern CO,2002.0,ford,zx2,gas,130549.0,clean,manual,co,40.5986,-105.0581,low
raleigh / durham / CH,2008.0,honda,cr-v,gas,116722.0,clean,automatic,nc,35.7076,-78.6563,medium
east idaho,2019.0,ram,3500 bighorn 4x4 1 ton,gas,11474.0,clean,automatic,id,43.61974,-116.29469,high
minneapolis / st paul,2010.0,bmw,"650i cabriolet stunning, sharp",gas,77342.0,clean,automatic,mn,44.934485,-93.336073,medium
winchester,2018.0,nissan,frontier crew cab pro-4x,gas,37332.0,clean,other,va,39.17,-78.17,high
wausau,1963.0,other,amc rambler,gas,47726.0,clean,automatic,wi,44.9033,-89.5512,low
columbus,2009.0,nissan,altima hybrid,gas,189000.0,clean,automatic,oh,40.0985,-83.1537,low
columbus,2003.0,ford,expedition limited 4x4,gas,191000.0,clean,automatic,oh,39.956004,-82.771275,low
finger lakes,2017.0,jeep,wrangler unlimited sahara,other,34152.0,clean,other,ny,42.86,-76.98,high
philadelphia,1998.0,saturn,sl2,gas,32.0,clean,automatic,pa,39.8905,-75.2821,low
southern illinois,2000.0,jeep,cherokee,gas,143003.0,clean,automatic,il,37.759745,-89.27221,low
tucson,2018.0,bmw,320i,gas,14000.0,salvage,automatic,az,32.3472,-111.0419,medium
northwest CT,2012.0,toyota,4runner sr5,gas,140000.0,clean,automatic,ct,41.6057,-73.1221,medium
jersey shore,2020.0,honda,civic ex sedan 4d,gas,307.0,clean,other,nj,39.26,-74.6,high
hartford,2008.0,other,ACURA* MDX*,gas,135356.0,clean,automatic,ct,41.658369,-72.866606,low
boise,2010.0,buick,enclave cxl,gas,169366.0,clean,automatic,id,43.625583,-116.243408,medium
muskegon,2005.0,chevrolet,avalanche,gas,247220.0,clean,automatic,mi,43.4652,-85.9626,low
fargo / moorhead,1998.0,jaguar,xk8 convertible v8,gas,92060.0,clean,automatic,mn,44.8346,-91.5159,low
cincinnati,2015.0,hyundai,genesis coupe 3.8 2d,gas,20346.0,clean,other,oh,39.09,-84.51,high
grand forks,2008.0,cadillac,escalade awd,gas,124251.0,clean,automatic,nd,47.920244,-97.044974,medium
monterey bay,2016.0,jeep,wrangler unlimited rubicon,gas,12000.0,clean,automatic,ca,36.20974,-121.129847,high
san antonio,2011.0,ford,e-450,gas,64351.0,clean,automatic,tx,38.9985,-94.1399,high
lehigh valley,2019.0,chevrolet,blazer 2lt sport,other,6770.0,clean,other,pa,40.68,-75.22,high
south florida,2007.0,nissan,murano,other,115113.0,,automatic,fl,26.1421,-80.1728,low
lafayette,2002.0,gmc,yukon,gas,184000.0,clean,automatic,la,30.5144,-92.0897,low
seattle-tacoma,2020.0,chevrolet,lifted silverado 1500,gas,16406.0,clean,automatic,wa,47.841211,-122.297249,high
bend,2020.0,chevrolet,malibu,gas,24484.0,clean,automatic,or,44.257021,-121.180231,high
sarasota-bradenton,2013.0,infiniti,g37,gas,37518.0,clean,automatic,fl,27.26977,-82.48229,medium
cleveland,2018.0,volvo,s90 t5 momentum sedan 4d,gas,13859.0,clean,other,oh,41.47,-81.67,high
south coast,2008.0,ford,f-150,gas,107000.0,clean,automatic,ma,41.6913,-70.9355,medium
skagit / island / SJI,2013.0,bmw,x5 xdrive35i,gas,51001.0,clean,automatic,wa,48.7542,-122.471,medium
southern illinois,2011.0,ford,flex titanium,gas,150000.0,clean,automatic,il,38.3828,-88.3493,low
wichita,2018.0,ford,escape,gas,43216.0,clean,automatic,ks,38.990868,-95.233358,medium
minneapolis / st paul,2013.0,nissan,versa,gas,110161.0,clean,automatic,mn,45.551583,-93.230391,low
milwaukee,2010.0,chrysler,town & country,gas,140893.0,clean,automatic,wi,42.9993,-88.2196,low
gainesville,2016.0,ram,1500 quad cab,gas,62303.0,clean,automatic,fl,29.770834,-82.283186,high
del rio / eagle pass,2014.0,ford,taurus limited 4dr sedan,gas,91500.0,clean,automatic,tx,29.359187,-98.56836,medium
sarasota-bradenton,2011.0,ford,escape,gas,63000.0,clean,automatic,fl,27.4067,-82.39,low
inland empire,2012.0,gmc,yukon,gas,104908.0,clean,,ca,34.107223,-117.455322,medium
western slope,1995.0,pontiac,grand prix,gas,240000.0,clean,automatic,co,39.5028,-107.6657,low
great falls,2015.0,jeep,renegade,gas,61726.0,clean,other,mt,47.49447,-111.23625,medium
wilmington,2001.0,porsche,boxster convertible,gas,43000.0,clean,manual,nc,33.9654,-78.0359,medium
south florida,1967.0,chrysler,newport,gas,84000.0,clean,automatic,fl,26.2343,-80.0941,medium
stockton,2008.0,other,HUMMER H3,gas,97977.0,clean,automatic,ca,38.628015,-121.401179,medium
baton rouge,2004.0,nissan,frontier,gas,160000.0,clean,automatic,la,30.4485,-91.13,low
northwest KS,2017.0,lincoln,mkz select sedan 4d,gas,35827.0,clean,automatic,ks,38.96,-95.25,medium
tampa bay area,2014.0,ram,promaster 1500,gas,136243.0,clean,automatic,fl,28.00853,-82.45974,medium
chico,2014.0,audi,q7,gas,88301.0,clean,automatic,ca,38.605011,-121.401917,medium
san antonio,2012.0,toyota,camry,gas,166345.0,clean,automatic,tx,29.5437,-98.4887,low
northern michigan,2013.0,chevrolet,silverado 1500 4x4,gas,120000.0,clean,automatic,mi,43.42905,-85.465994,medium
orange county,1967.0,ford,falcon,gas,84000.0,clean,automatic,ca,33.46,-117.6632,low
grand rapids,2020.0,ford,explorer,gas,6721.0,clean,automatic,mi,42.449125,-85.669529,high
wenatchee,2014.0,dodge,charger se,gas,155000.0,,automatic,wa,46.609386,-120.518686,medium
rapid city / west SD,2016.0,chevrolet,cruze lt,gas,61127.0,clean,automatic,sd,45.7813,-108.5727,medium
new hampshire,2013.0,nissan,rogue,gas,145000.0,clean,automatic,nh,42.9776,-70.8267,low
tucson,2018.0,jeep,renegade sport suv 4d,gas,28553.0,clean,other,az,32.21,-110.96,medium
birmingham,2020.0,acura,mdx sh-awd w/technology,gas,20003.0,clean,other,al,33.52,-86.79,high
kennewick-pasco-richland,2019.0,ram,3500 bighorn 4x4 1 ton,gas,11474.0,clean,automatic,wa,46.234838,-119.128015,high
omaha / council bluffs,2020.0,chevrolet,silverado 2500hd,other,28594.0,clean,automatic,ia,39.0705,-93.7133,high
missoula,1974.0,toyota,land cruiser,gas,121829.0,clean,manual,mt,48.1664,-116.9066,low
green bay,2005.0,ford,f550,diesel,178689.0,clean,automatic,wi,44.405015,-88.811252,medium
redding,2012.0,other,scion xd,gas,125755.0,clean,automatic,ca,40.4574,-122.3282,low
hawaii,2011.0,mercedes-benz,e-class,gas,48164.0,clean,automatic,hi,21.33539,-157.89922,medium
bellingham,2018.0,gmc,sierra 1500,gas,34375.0,clean,automatic,wa,47.1991,-122.3151,high
chicago,2012.0,toyota,tundra,gas,52925.0,clean,automatic,il,42.364188,-87.864796,high
nashville,1995.0,ferrari,f50,gas,80000.0,clean,other,tn,36.1678,-86.7837,medium
ann arbor,2016.0,honda,accord lx,gas,98156.0,clean,automatic,mi,41.3815,-83.6507,medium
kalamazoo,2012.0,chrysler,town and country,gas,143000.0,clean,automatic,mi,42.316052,-85.188374,low
frederick,2019.0,other,Genesis G70 3.3T Advanced Sedan,other,11717.0,clean,other,md,39.42,-77.41,high
kennewick-pasco-richland,2016.0,chevrolet,malibu,gas,61338.0,clean,automatic,wa,47.656773,-117.218613,medium
spokane / coeur d'alene,2006.0,toyota,rav4,gas,150963.0,clean,automatic,id,47.737767,-117.412158,medium
orange county,2019.0,chevrolet,silverado 1500 crew,gas,7619.0,clean,other,ca,33.74,-117.82,high
mansfield,2017.0,honda,accord,gas,65930.0,rebuilt,automatic,oh,40.6824,-82.5286,medium
north jersey,2005.0,toyota,camry,gas,169000.0,clean,automatic,nj,40.7561,-74.170246,low
rapid city / west SD,2007.0,gmc,sierra,diesel,283466.0,clean,automatic,sd,40.374375,-104.694103,medium
northwest CT,2017.0,audi,a4 allroad premium wagon 4d,other,22297.0,clean,other,ct,41.81,-72.9,high
austin,2006.0,ford,e-150,gas,283466.0,clean,automatic,tx,29.684071,-98.140442,low
tampa bay area,2015.0,infiniti,q50,gas,97746.0,clean,automatic,fl,28.050634,-82.460167,medium
dallas / fort worth,2018.0,ford,f-150,gas,17431.0,clean,automatic,tx,32.946016,-96.829355,high
charleston,2018.0,nissan,frontier crew cab pro-4x,gas,37332.0,clean,other,sc,32.78,-79.99,high
ft myers / SW florida,2008.0,lexus,ls,gas,75746.0,clean,automatic,fl,27.26977,-82.48229,medium
philadelphia,2018.0,kia,sorento lx sport utility 4d,other,39420.0,clean,other,pa,39.95,-75.16,medium
cincinnati,2005.0,chevrolet,equinox lt,gas,175429.0,,automatic,oh,39.297045,-84.563243,low
detroit metro,2017.0,jeep,grand cherokee laredo sport,other,31315.0,clean,other,mi,42.46,-83.37,high
williamsport,2016.0,volkswagen,tiguan se 4motion,gas,137552.0,clean,automatic,pa,41.135956,-75.364945,medium
redding,2012.0,chrysler,town & country,gas,169790.0,clean,automatic,ca,40.4574,-122.3282,low
treasure coast,2009.0,honda,crv ex,gas,189194.0,clean,automatic,fl,27.1656,-80.2916,low
phoenix,2016.0,cadillac,escalade,electric,77204.0,clean,automatic,az,33.618493,-111.922424,high
tulsa,2014.0,buick,encore leather,gas,97733.0,clean,automatic,ok,36.1262,-95.9408,medium
ft myers / SW florida,2016.0,chevrolet,4500 crew cab,gas,49800.0,clean,automatic,fl,27.5429,-82.563,high
new orleans,2004.0,chevrolet,silverado 2500hd,diesel,283466.0,clean,automatic,la,30.520244,-89.647288,medium
treasure coast,2016.0,chevrolet,silverado 1500 double,other,6910.0,clean,other,fl,33.779214,-84.411811,high
las vegas,2002.0,other,maserati m128gt cambiocorsa,gas,8743.0,clean,automatic,nv,36.195931,-115.106887,medium
orlando,2008.0,hyundai,santa fe,gas,139265.0,clean,automatic,fl,28.3949,-81.4179,low
pierre / central SD,1965.0,pontiac,gto,gas,61009.0,clean,manual,sd,33.6372,-96.6184,high
myrtle beach,2017.0,infiniti,qx50 sport utility 4d,gas,36926.0,clean,other,sc,33.69,-78.89,medium
elmira-corning,2008.0,toyota,tacoma,gas,134060.0,clean,other,ny,43.223552,-77.372473,medium
eau claire,2020.0,infiniti,q50 3.0t luxe sedan 4d,gas,28278.0,clean,other,wi,44.82,-91.49,high
north jersey,2004.0,bmw,m3,gas,58939.0,clean,automatic,nj,40.817,-74.0,high
madison,2014.0,buick,verano,gas,110557.0,clean,automatic,wi,43.302071,-88.376508,low
akron / canton,2005.0,cadillac,"escalade ext""""",gas,74136.0,clean,automatic,oh,41.42832,-81.52741,medium
st joseph,2008.0,lexus,gx 470 4wd,gas,179600.0,clean,automatic,mo,38.871286,-94.539371,medium
spokane / coeur d'alene,1989.0,ford,mustang gt convertible,gas,81700.0,clean,automatic,id,47.6634,-117.2193,medium
kalamazoo,2002.0,chevrolet,savana 2500,gas,197000.0,clean,automatic,mi,42.230805,-85.546932,low
hartford,2006.0,subaru,legacy 2.5i premium,gas,129000.0,clean,manual,ct,41.8501,-72.4649,low
ocala,2015.0,cadillac,escalade,gas,130760.0,clean,automatic,fl,28.01567,-82.45978,high
huntsville / decatur,2016.0,chrysler,200,gas,72754.0,clean,automatic,al,34.9506,-85.2432,medium
northwest GA,2014.0,ford,f150 supercrew cab fx4,other,67344.0,clean,other,ga,34.92,-85.25,high
sarasota-bradenton,2001.0,toyota,tacoma,gas,98388.0,clean,manual,fl,27.1384,-82.4518,low
chicago,1964.0,other,Comet 2 door sedan,gas,50000.0,clean,other,il,41.4706,-87.0783,low
akron / canton,2016.0,gmc,sierra 1500 double cab,gas,42031.0,clean,other,oh,41.08,-81.52,high
albuquerque,2009.0,chevrolet,impala,gas,107976.0,clean,automatic,nm,35.18509,-106.585,low
boise,2007.0,hyundai,tucson,gas,101234.0,clean,automatic,id,43.5885,-116.191,low
north jersey,2007.0,volkswagen,rabbit,gas,169499.0,clean,manual,nj,40.894535,-74.152367,low
chicago,2007.0,nissan,titan,gas,1.0,clean,automatic,il,41.622595,-87.633814,low
reno / tahoe,2000.0,toyota,4runner sr5 4x4,gas,283466.0,clean,automatic,ca,38.6239,-121.3837,low
montgomery,1996.0,gmc,sierra 1500,gas,95000.0,clean,automatic,al,32.3417,-86.3529,low
las vegas,2015.0,gmc,sierra 1500 crew cab,gas,77956.0,clean,automatic,nv,36.2115,-115.1241,high
anchorage / mat-su,2016.0,bmw,528i xdrive,gas,58896.0,clean,automatic,ak,61.188294,-149.907396,high
el paso,2013.0,honda,accord,gas,79177.0,clean,automatic,tx,31.824365,-106.240059,medium
grand rapids,2003.0,ford,ranger edge,gas,131000.0,clean,automatic,mi,42.234775,-85.786457,low
evansville,2015.0,chevrolet,corvette stingray z51,gas,7389.0,clean,other,in,37.98,-87.54,high
harrisburg,1985.0,other,c30,gas,105000.0,clean,manual,pa,40.3352,-76.7914,low
boston,2015.0,mini,countryman,gas,105048.0,clean,manual,ma,42.603904,-71.029671,medium
new hampshire,2005.0,volkswagen,passat tdi,diesel,238000.0,clean,automatic,nh,42.9656,-71.4493,low
tucson,2016.0,kia,rio lx,gas,81400.0,clean,automatic,az,32.221,-110.8227,low
ft myers / SW florida,2016.0,volvo,xc60 t5 drive-e premier,gas,42723.0,clean,automatic,fl,26.586654,-81.861792,medium
tulsa,2019.0,chevrolet,tahoe,gas,57366.0,clean,automatic,ok,35.199,-97.4841,high
san marcos,2008.0,nissan,pathfinder se,gas,255000.0,clean,automatic,tx,29.8868,-97.6769,low
milwaukee,2018.0,gmc,terrain sle sport utility 4d,gas,24858.0,clean,other,wi,43.06,-87.96,medium
boise,2005.0,chevrolet,malibu,gas,113123.0,clean,automatic,id,43.5885,-116.191,low
wenatchee,2020.0,mitsubishi,outlander sel 4x4 gas,gas,30352.0,clean,automatic,wa,46.234838,-119.128015,high
sioux city,1978.0,pontiac,trans am,gas,100000.0,clean,automatic,ia,42.983,-95.99,high
portland,2014.0,ford,super duty f-350 srw,diesel,93456.0,clean,automatic,or,45.509778,-122.967379,high
norfolk / hampton roads,2002.0,chevrolet,silverado,gas,215234.0,clean,automatic,va,36.86981,-76.22502,low
tri-cities,2017.0,chevrolet,camaro ss coupe 2d,gas,14020.0,clean,other,tn,36.53,-82.32,high
milwaukee,2011.0,ford,e-450,gas,64351.0,clean,automatic,wi,38.9985,-94.1399,high
boston,2012.0,subaru,outback,gas,117417.0,clean,automatic,ma,42.437466,-71.442678,low
memphis,2007.0,gmc,new sierra,gas,218568.0,clean,automatic,tn,34.934438,-89.792844,low
monterey bay,2020.0,lincoln,corsair reserve sport,gas,7469.0,clean,other,ca,36.6,-121.88,high
chattanooga,2017.0,other,isuzu npr hd boxtruck,gas,37000.0,clean,automatic,tn,34.9981,-85.331,high
ft myers / SW florida,2002.0,jeep,wrangler,gas,139000.0,clean,manual,fl,26.5567,-81.9034,medium
harrisburg,2020.0,ford,f250 super duty crew cab xl,other,6033.0,clean,other,pa,40.27,-76.88,high
roseburg,2007.0,audi,a4 2.0t quattro,gas,181480.0,clean,automatic,or,43.203377,-123.350296,low
detroit metro,2008.0,bmw,335xi awd coupe,gas,104000.0,clean,automatic,mi,42.4086,-83.4978,low
albany,2014.0,chevrolet,sonic lt,gas,65655.0,clean,automatic,ny,42.4754,-73.822,low
richmond,2016.0,mercedes-benz,c-class,gas,52776.0,clean,automatic,va,,,medium
lafayette,2004.0,mitsubishi,eclipse,gas,109210.0,clean,automatic,la,30.4558,-91.0596,low
east idaho,2006.0,honda,ridgeline rtl,gas,181409.0,clean,automatic,id,47.538026,-116.11945,medium
richmond,2011.0,ford,e-150 cargo van,gas,283466.0,clean,automatic,va,37.6628,-77.534,low
boise,2017.0,ford,f-150 xlt,gas,76410.0,clean,automatic,id,43.590746,-116.52618,high
albany,2019.0,ford,super duty f-250 srw xl,other,,clean,automatic,ny,43.220454,-77.819038,high
oneonta,2010.0,dodge,grand caravan,gas,179000.0,clean,automatic,ny,42.9576,-75.4838,low
poconos,2013.0,ford,f150 super cab xl pickup 4d,other,14169.0,clean,other,pa,41.11,-75.45,high
tucson,2017.0,gmc,sierra 2500hd,other,85317.0,clean,automatic,az,32.23539,-110.916482,high
odessa / midland,2015.0,ford,f350,diesel,199000.0,clean,automatic,tx,30.647925,-97.862434,high
raleigh / durham / CH,2013.0,jeep,wrangler,gas,136875.0,clean,automatic,nc,33.972555,-78.031209,high
charlotte,2013.0,honda,civic,gas,157945.0,clean,manual,nc,35.354893,-80.620315,medium
lawton,1998.0,ram,1500,gas,222222.0,clean,manual,ok,34.645686,-97.913511,low
flint,2020.0,cadillac,xt5 premium luxury,gas,4060.0,clean,other,mi,43.02,-83.69,high
tulsa,2011.0,ford,crown victoria police pkg,gas,125200.0,clean,automatic,ok,36.768436,-95.935076,low
lansing,2016.0,chevrolet,silverado 2500hd,diesel,161380.0,clean,automatic,mi,43.0506,-83.61512,high
memphis,2012.0,gmc,sierra 2500 hd extended cab,gas,68696.0,clean,other,tn,35.1,-90.0,high
laredo,2018.0,infiniti,qx80,gas,38036.0,clean,automatic,tx,29.52414,-98.49926,high
madison,2016.0,ford,transit cargo van,gas,96722.0,clean,automatic,wi,43.122774,-88.52791,medium
san diego,2019.0,volkswagen,golf r 4motion,other,16068.0,clean,other,ca,32.86,-117.24,high
port huron,2020.0,other,Genesis G70 2.0T Sedan 4D,other,4171.0,clean,other,mi,43.01717,-82.45099,high
wenatchee,2020.0,jeep,wrangler unlimited maxed,gas,17771.0,,automatic,wa,47.717677,-117.411665,low
south jersey,2011.0,ford,fiesta,gas,114000.0,clean,automatic,nj,39.9308,-75.0175,low
kennewick-pasco-richland,2020.0,ford,f350 diesels powerstroke,diesel,2615.0,clean,automatic,wa,46.234838,-119.128015,high
san antonio,2008.0,jeep,wrangler,gas,150000.0,clean,automatic,tx,29.4492,-98.3446,medium
omaha / council bluffs,2004.0,chevrolet,corvette,gas,93870.0,clean,automatic,ia,41.424186,-96.499908,medium
knoxville,1963.0,other,Triumph TR3B,gas,66269.0,clean,manual,tn,35.7292,-84.3436,medium
dothan,2009.0,hyundai,sonata,gas,93000.0,clean,automatic,al,31.176849,-86.576467,low
south florida,2011.0,chevrolet,hhr,gas,110400.0,clean,automatic,fl,26.6182,-80.056,low
cleveland,2014.0,honda,insight hybrid,hybrid,37000.0,clean,automatic,oh,41.3289,-81.4559,medium
cincinnati,2012.0,toyota,corolla,gas,148117.0,clean,automatic,oh,39.149003,-84.465916,low
raleigh / durham / CH,2017.0,mazda,mazda3 touring 2.5,gas,34723.0,clean,other,nc,35.82,-78.65,medium
fredericksburg,2014.0,mercedes-benz,cla,gas,100000.0,clean,automatic,va,38.46232,-77.402944,medium
redding,2014.0,chevrolet,silverado 2500 hd crew,other,98015.0,clean,other,ca,33.7865,-84.4454,high
rhode island,2011.0,ford,fusion se,gas,85000.0,clean,automatic,ri,42.5959,-72.2267,low
cincinnati,2013.0,nissan,altima,gas,69987.0,clean,automatic,oh,39.187084,-84.653308,medium
akron / canton,2013.0,infiniti,qx56,gas,132798.0,clean,automatic,oh,41.038965,-81.575742,medium
little rock,2016.0,chevrolet,corvette,gas,13131.0,clean,manual,ar,38.4018,-93.785,high
redding,2014.0,ford,f-150,gas,87750.0,clean,automatic,ca,38.59448,-121.26603,high
binghamton,2019.0,ram,1500 crew cab big horn,gas,19381.0,clean,other,ny,42.1,-75.91,high
syracuse,2016.0,chevrolet,trax ltz sport utility,gas,7996.0,clean,other,ny,43.04,-76.14,medium
omaha / council bluffs,2014.0,bmw,3 series,gas,101528.0,clean,automatic,ia,41.1345,-96.2458,medium
south jersey,2017.0,jeep,grand cherokee,gas,75608.0,clean,automatic,nj,40.923344,-74.143356,high
southwest VA,2013.0,bmw,x3,gas,106152.0,clean,automatic,va,,,medium
south jersey,2007.0,infiniti,m35,gas,128599.0,clean,automatic,nj,40.18157,-74.663384,low
fort collins / north CO,2001.0,bmw,325i,gas,192000.0,clean,automatic,co,40.853134,-105.045552,low
boston,2006.0,ford,f-150,gas,120230.0,clean,automatic,ma,42.1167,-70.9543,low
yakima,2013.0,dodge,grand caravan,gas,144401.0,clean,,wa,47.912956,-122.235725,low
knoxville,2016.0,chevrolet,colorado crew cab z71,gas,26039.0,clean,other,tn,35.97,-83.94,high
birmingham,2011.0,ford,f250 super duty,gas,201766.0,clean,automatic,al,33.8374,-86.2552,medium
minneapolis / st paul,2013.0,gmc,sierra sle,gas,169730.0,clean,automatic,mn,44.844322,-93.486443,medium
birmingham,2015.0,audi,a3,gas,92822.0,clean,automatic,al,33.669601,-86.817617,medium
hilton head,2014.0,other,Gx 450,gas,83161.0,clean,automatic,sc,32.171276,-80.768323,high
northwest GA,2015.0,gmc,sierra 2500hd,gas,126690.0,clean,automatic,ga,34.956787,-85.250668,high
knoxville,2019.0,toyota,tacoma trd sport,gas,40230.0,rebuilt,manual,tn,35.9035,-83.1465,high
fayetteville,2010.0,dodge,avenger,gas,188039.0,clean,automatic,nc,35.149811,-78.917271,low
atlanta,2005.0,lexus,rx,gas,113589.0,clean,automatic,ga,34.3073,-83.8256,medium
battle creek,2010.0,dodge,grand caravan,gas,154687.0,clean,automatic,mi,43.1824,-84.1122,low
bend,2012.0,mitsubishi,lancer,gas,84001.0,clean,automatic,or,45.382346,-122.605132,high
billings,2015.0,ford,f150 lariat,gas,95000.0,clean,automatic,mt,45.763455,-108.576627,high
jacksonville,2010.0,jeep,liberty sport 4x4,gas,110201.0,clean,automatic,fl,30.436508,-81.641464,low
treasure coast,2006.0,ford,f250 super duty,diesel,235000.0,clean,automatic,fl,27.466761,-80.30416,medium
elko,2018.0,ford,ecosport titanium awd,gas,38450.0,salvage,automatic,nv,40.746112,-111.939611,low
greenville / upstate,2016.0,jeep,compass,gas,129674.0,clean,,sc,34.80145,-82.42621,medium
yuba-sutter,2013.0,chevrolet,silverado 1500 lt 4wd,other,155795.0,clean,automatic,ca,38.610767,-121.422557,high
vermont,2018.0,subaru,outback,gas,30275.0,clean,automatic,vt,42.905975,-73.218064,high
dallas / fort worth,2005.0,honda,civic ex,gas,142135.0,clean,automatic,tx,32.6041,-96.8653,low
saginaw-midland-baycity,2011.0,ford,escape,gas,154000.0,clean,automatic,mi,42.851055,-83.45119,low
"kansas city, MO",2017.0,mitsubishi,mirage,gas,66000.0,clean,automatic,ks,39.181751,-94.601508,low
denver,2013.0,honda,odyssey,gas,109020.0,clean,automatic,co,39.674406,-104.998604,high
"st louis, MO",2015.0,ford,f150 supercrew cab,gas,142399.0,clean,automatic,il,39.0299,-96.8396,high
treasure coast,2015.0,jeep,renegade,gas,100000.0,clean,automatic,fl,28.1384,-80.6524,low
philadelphia,2013.0,bmw,528i xdrive,gas,80000.0,salvage,manual,pa,40.1547,-74.9904,medium
cleveland,2013.0,chevrolet,cruze,gas,114507.0,clean,automatic,oh,41.8018,-81.048149,medium
ithaca,2008.0,subaru,impreza,gas,145000.0,clean,manual,ny,42.4406,-76.4966,low
"kansas city, MO",2011.0,ford,f-150,gas,127885.0,clean,automatic,ks,41.1345,-96.2458,medium
philadelphia,2020.0,rover,evoque,gas,30000.0,clean,automatic,pa,40.7692,-74.2355,low
corpus christi,2015.0,chevrolet,traverse,gas,81537.0,clean,automatic,tx,27.7061,-97.3537,medium
louisville,2018.0,honda,civic lx coupe 2d,gas,35931.0,clean,other,ky,38.22,-85.74,medium
spokane / coeur d'alene,2018.0,chevrolet,silverado 3500hd cc work truck,other,62633.0,clean,automatic,id,47.6584,-117.1568,high
"washington, DC",2007.0,ford,mustang,gas,76179.0,clean,automatic,dc,38.91542,-77.47277,medium
richmond,2010.0,ford,explorer,gas,145500.0,clean,automatic,va,38.270806,-77.495036,low
lexington,2020.0,acura,mdx sh-awd w/technology,gas,1944.0,clean,other,ky,38.04,-84.45,high
hartford,1999.0,honda,civic,gas,43000.0,clean,automatic,ct,41.6215,-72.7457,low
grand rapids,2015.0,acura,tlx,gas,102900.0,clean,automatic,mi,42.907531,-85.665714,medium
memphis,2014.0,ford,econoline commercial cutaway,gas,98123.0,clean,automatic,tn,40.468785,-74.281707,high
york,2003.0,honda,element,gas,243000.0,clean,automatic,pa,39.9494,-76.713,low
medford-ashland,2012.0,nissan,cube,gas,115218.0,clean,automatic,or,42.42807,-123.330875,low
SF bay area,1998.0,toyota,camry le 4dr sedan,gas,196000.0,clean,automatic,ca,37.4443,-122.1497,low
albany,2013.0,chevrolet,camaro zl1,gas,60000.0,clean,automatic,ny,42.8499,-73.7851,high
fort wayne,1993.0,bmw,318i,gas,168000.0,rebuilt,manual,in,41.0456,-85.3058,low
wichita,1990.0,buick,reatta,gas,107.0,clean,automatic,ks,37.2778,-97.391,low
lehigh valley,2019.0,gmc,acadia sle-1 sport utility,gas,7080.0,clean,other,pa,40.68,-75.22,high
dayton / springfield,2003.0,chrysler,town n country touring,gas,190000.0,clean,automatic,oh,39.628035,-84.293353,low
southern illinois,2005.0,chevrolet,blazer,gas,112000.0,clean,automatic,il,36.8478,-88.6788,low
jackson,2019.0,ford,fiesta,gas,15989.0,clean,automatic,ms,32.38114,-89.48047,medium
lake of the ozarks,2010.0,ford,escape,gas,170000.0,clean,automatic,mo,38.00319,-92.755487,low
orange county,2013.0,dodge,avanger,gas,76969.0,clean,automatic,ca,33.8744,-117.8543,low
ventura county,2017.0,ram,1500,gas,101529.0,clean,automatic,ca,34.070422,-117.383339,high
scranton / wilkes-barre,2013.0,chevrolet,tahoe,other,140042.0,clean,automatic,pa,40.894535,-74.152367,medium
cleveland,2012.0,acura,tl sedan 4d,other,101143.0,clean,other,oh,41.47,-81.67,medium
austin,2020.0,mercedes-benz,cla 250 coupe 4d,other,7080.0,clean,other,tx,30.26,-97.74,high
knoxville,2015.0,ford,fusion titanium,gas,52069.0,clean,automatic,tn,35.863678,-83.532314,medium
ventura county,2014.0,audi,q5 premium plus,gas,41000.0,clean,automatic,ca,33.811,-117.8493,high
holland,2013.0,lexus,ls 460 sedan 4d,gas,33570.0,clean,other,mi,42.77,-86.1,high
waterloo / cedar falls,2019.0,jeep,compass,gas,8252.0,clean,automatic,ia,42.512433,-92.440364,high
new orleans,2013.0,bmw,5 series 528i,gas,119597.0,clean,automatic,la,29.9168,-89.996,low
macon / warner robins,2008.0,ford,expedition,gas,144597.0,clean,automatic,ga,34.139588,-83.971135,medium
pensacola,2017.0,lincoln,mkz hybrid select,hybrid,33618.0,clean,automatic,fl,29.802434,-82.53109,medium
columbia / jeff city,1995.0,chevrolet,kodiak,gas,55000.0,clean,manual,mo,38.995,-92.3112,low
macon / warner robins,2020.0,kia,soul s wagon 4d,gas,2421.0,clean,other,ga,32.8095,-83.6168,medium
indianapolis,2019.0,ford,f250,diesel,48177.0,clean,automatic,in,30.648959,-97.865868,high
hartford,2007.0,toyota,camry solara convertible,gas,65000.0,clean,automatic,ct,41.8759,-72.8012,low
winchester,2011.0,honda,accord ex,gas,176000.0,clean,automatic,va,38.9268,-78.1796,low
cape cod / islands,2014.0,subaru,outback,gas,155087.0,clean,automatic,ma,41.666672,-70.300985,low
north mississippi,2019.0,ford,f150,gas,106054.0,clean,automatic,ms,34.982443,-88.464575,high
bakersfield,2015.0,gmc,sierra 3500hd crew cab,diesel,161823.0,clean,automatic,ca,33.794656,-117.992994,high
"washington, DC",2018.0,ford,f-150,gas,15472.0,clean,automatic,dc,38.762669,-77.461754,high
sarasota-bradenton,2012.0,ford,transit connect xlt,gas,218000.0,clean,automatic,fl,26.923784,-82.306824,low
winston-salem,2014.0,bmw,3 series,hybrid,102792.0,clean,automatic,nc,,,medium
green bay,2013.0,ford,escape titanium awd,gas,126977.0,clean,automatic,wi,44.610504,-88.049143,medium
bellingham,2020.0,honda,clarity,electric,2547.0,clean,automatic,wa,48.75674,-122.45052,high
omaha / council bluffs,2015.0,subaru,legacy,gas,36092.0,clean,automatic,ia,41.256198,-96.023393,medium
las cruces,2018.0,dodge,,other,483.0,clean,automatic,nm,45.494265,-122.579192,high
modesto,2014.0,chevrolet,traverse,gas,108820.0,clean,automatic,ca,37.600004,-120.938713,medium
topeka,2020.0,acura,tlx,gas,1124.0,clean,automatic,ks,38.990868,-95.233358,high
gainesville,2018.0,jeep,wrangler unlimited willys,gas,34636.0,clean,other,fl,29.67,-82.33,high
duluth / superior,2006.0,buick,lucerne cxl,gas,232023.0,clean,automatic,mn,47.2348,-93.5115,low
springfield,2015.0,jeep,wrangler unlimited,gas,36767.0,clean,automatic,mo,38.382623,-93.77344,high
finger lakes,2019.0,mini,countryman cooper se all4,gas,21246.0,clean,automatic,ny,42.86,-76.98,high
st joseph,2019.0,chevrolet,silverado 1500 ld,gas,23488.0,clean,other,mo,39.76,-94.85,high
sacramento,2015.0,nissan,altima 2.5sv sedan,gas,136589.0,clean,automatic,ca,38.627179,-121.401388,medium
fresno / madera,2014.0,toyota,sienna,gas,91905.0,clean,automatic,ca,36.825256,-119.789993,medium
peoria,2018.0,gmc,sierra 1500,gas,94796.0,clean,automatic,il,40.613138,-89.46049,high
reno / tahoe,2001.0,ford,f550 dually,diesel,146000.0,clean,automatic,ca,37.6409,-120.9749,medium
"quad cities, IA/IL",2019.0,kia,forte fe,gas,45516.0,clean,automatic,il,41.51469,-90.423768,medium
syracuse,2017.0,chevrolet,traverse,gas,82216.0,clean,automatic,ny,43.204762,-75.440834,medium
cincinnati,2015.0,ford,mustang 2dr fastback gt,gas,88720.0,,automatic,oh,39.329991,-84.515947,high
houston,2015.0,nissan,titan,gas,48012.0,clean,automatic,tx,29.72156,-95.524841,high
maine,2004.0,toyota,corolla,gas,245000.0,clean,manual,me,45.3508,-68.5077,low
shreveport,2019.0,acura,mdx sh-awd w/technology,other,24495.0,clean,other,la,33.7865,-84.4454,high
fort wayne,2020.0,ford,,other,181.0,clean,manual,in,45.494265,-122.579192,high
lewiston / clarkston,2005.0,jeep,wrangler,gas,80800.0,clean,automatic,id,46.5354,-116.513,medium
monterey bay,2014.0,ford,flex,gas,95533.0,clean,automatic,ca,37.321152,-121.950555,medium
twin falls,2004.0,mercury,sable,gas,163288.0,clean,automatic,id,43.6403,-116.26346,low
cleveland,2001.0,dodge,durango slt 2wd,gas,113000.0,clean,automatic,oh,41.5719,-81.2056,low
birmingham,2015.0,toyota,camry,gas,65381.0,clean,automatic,al,32.9229,-86.545,medium
syracuse,2011.0,gmc,starcraft,,0.0,,automatic,ny,43.008105,-74.352011,low
"kansas city, MO",2017.0,dodge,challenger,gas,62802.0,clean,automatic,ks,38.382623,-93.77344,high
pullman / moscow,2003.0,honda,pilot,gas,213623.0,clean,automatic,id,47.656773,-117.218613,low
eastern NC,2012.0,gmc,yukon,gas,160000.0,clean,automatic,nc,36.2951,-76.2445,medium
sacramento,2013.0,mazda,mazda3,gas,65000.0,clean,automatic,ca,38.7346,-121.234,low
"st louis, MO",2008.0,nissan,rogue,gas,104000.0,clean,automatic,il,38.7375,-90.3265,low
stockton,2019.0,nissan,sentra sr,gas,41458.0,clean,automatic,ca,38.610767,-121.422557,medium
columbia / jeff city,2014.0,ford,expedition,gas,131344.0,clean,automatic,mo,38.382623,-93.77344,medium
louisville,2016.0,chevrolet,camaro ss coupe 2d,gas,9704.0,clean,other,ky,38.22,-85.74,high
logan,2019.0,ford,f150 xlt 4x4 half ton gas,gas,24363.0,clean,automatic,ut,43.61974,-116.29469,high
new hampshire,2014.0,chevrolet,silverado 1500,gas,136000.0,clean,automatic,nh,42.7733,-71.2035,medium
clarksville,2016.0,chevrolet,silverado 1500 regular,gas,41568.0,clean,other,tn,35.06,-85.25,high
reno / tahoe,2016.0,ford,explorer,gas,71088.0,clean,automatic,ca,38.597771,-121.403061,high
charlottesville,2018.0,chrysler,300 limited sedan 4d,gas,71021.0,clean,other,va,38.03,-78.48,medium
louisville,2010.0,chevrolet,silverado 1500,gas,129225.0,clean,automatic,ky,39.254962,-84.107453,medium
western slope,2013.0,acura,mdx,gas,94271.0,clean,automatic,co,39.578815,-104.862418,medium
los angeles,2018.0,ram,promaster city wagon van 4d,gas,61066.0,clean,other,ca,34.2,-118.44,medium
myrtle beach,2008.0,chevrolet,express 1500 cargo van,gas,153152.0,clean,automatic,sc,33.836,-79.048,medium
fort wayne,2010.0,subaru,outback 2.5i premium,gas,175000.0,clean,automatic,in,41.088948,-85.155871,low
kennewick-pasco-richland,2016.0,honda,pilot,gas,53962.0,clean,automatic,wa,46.0471,-118.4093,high
hartford,2006.0,dodge,caravan/grand caravan,gas,166188.0,clean,automatic,ct,41.915593,-72.61482,low
savannah / hinesville,2020.0,buick,encore gx select sport,gas,1113.0,clean,automatic,ga,32.08,-81.1,high
inland empire,2013.0,toyota,tundra,gas,158560.0,clean,automatic,ca,34.009929,-117.43115,medium
modesto,2017.0,mercedes-benz,glc,gas,95674.0,clean,automatic,ca,36.837679,-119.809638,high
tuscaloosa,2020.0,dodge,challenger r/t coupe 2d,other,4269.0,clean,other,al,33.23,-87.54,high
ann arbor,2015.0,ford,fusion se,gas,103917.0,,automatic,mi,42.568136,-83.813674,medium
fargo / moorhead,2020.0,chevrolet,silverado 2500hd crew,gas,24686.0,clean,automatic,mn,46.8564,-96.8123,high
austin,2014.0,ford,f-250 supercab,diesel,159431.0,,automatic,tx,30.523398,-97.630286,high
inland empire,2002.0,chevrolet,prizm lsi,gas,153000.0,clean,automatic,ca,33.9157,-117.2351,low
philadelphia,2002.0,lexus,ls 430,gas,202121.0,clean,automatic,pa,40.123395,-75.01504,low
south florida,2014.0,chevrolet,impala,other,89565.0,rebuilt,automatic,fl,25.869874,-80.242697,medium
vermont,2014.0,subaru,xv crosstrek,gas,142052.0,clean,automatic,vt,42.962853,-71.064426,medium
greenville / upstate,2010.0,dodge,,gas,180.0,clean,automatic,sc,34.0479,-81.1101,low
chicago,2015.0,chevrolet,camaro ss coupe 2d,gas,13542.0,clean,other,il,41.53,-87.26,high
erie,2013.0,chevrolet,silverado,other,224458.0,clean,automatic,pa,41.56995,-81.574738,medium
"st louis, MO",2008.0,bmw,5 series 528i,gas,147000.0,clean,automatic,il,38.7023,-90.3644,low
missoula,2015.0,dodge,charger,gas,26329.0,clean,automatic,mt,47.7989,-116.7423,high
merced,2001.0,toyota,sienna xle minivan 4d,gas,243655.0,clean,automatic,ca,37.3302,-120.508,low
gainesville,2014.0,toyota,camry,gas,95674.0,clean,automatic,fl,29.770834,-82.283186,low
las vegas,2018.0,toyota,prius c,hybrid,13656.0,clean,automatic,nv,36.143249,-115.226909,medium
sacramento,2012.0,ford,f-350 sd,gas,53622.0,clean,automatic,ca,42.516691,-71.757701,high
portland,1993.0,chevrolet,silverado 1500,gas,80000.0,clean,manual,or,45.418166,-122.392845,low
detroit metro,2003.0,lincoln,ls,gas,81799.0,clean,automatic,mi,42.42711,-83.283638,low
south jersey,2004.0,honda,accord,gas,143721.0,clean,automatic,nj,39.935737,-75.033622,low
el paso,2003.0,jeep,grand cherokee,gas,141000.0,clean,automatic,tx,31.7089,-106.3293,low
bellingham,2018.0,infiniti,qx60 base,gas,27256.0,clean,automatic,wa,48.754189,-122.464947,high
gainesville,2012.0,toyota,tacoma prerunner sr5,gas,89074.0,clean,automatic,fl,29.770834,-82.283186,medium
chicago,2002.0,gmc,e350,gas,156974.0,clean,automatic,il,42.012217,-87.967638,low
utica-rome-oneida,2015.0,chevrolet,tahoe,gas,102060.0,clean,automatic,ny,43.204762,-75.440834,high
charlotte,2011.0,ford,f150 lariat,gas,156303.0,clean,automatic,nc,35.016544,-80.572899,medium
oklahoma city,2001.0,chevrolet,silverado 1500,gas,122006.0,clean,manual,ok,35.43062,-97.598741,low
indianapolis,2017.0,kia,soul,gas,47518.0,clean,automatic,in,38.4018,-93.785,medium
baltimore,2015.0,hyundai,veloster,gas,66860.0,clean,automatic,md,39.313577,-76.463968,medium
ft myers / SW florida,2010.0,toyota,corolla,gas,154323.0,clean,automatic,fl,26.657967,-81.844788,low
wichita falls,2016.0,toyota,camry,gas,64404.0,clean,automatic,tx,35.199,-97.4841,medium
milwaukee,2003.0,dodge,dakota sport,gas,143236.0,clean,manual,wi,43.236799,-88.184938,low
grand rapids,2012.0,ford,f150 xlt,gas,151000.0,clean,automatic,mi,42.868176,-85.863137,medium
milwaukee,2007.0,honda,civic hybrid,electric,1.0,clean,automatic,wi,41.622595,-87.633814,low
yakima,2004.0,bmw,x3,gas,190340.0,clean,automatic,wa,46.556175,-120.475066,low
lehigh valley,2018.0,jaguar,f-pace 35t premium sport,other,35560.0,clean,other,pa,40.68,-75.22,high
kennewick-pasco-richland,2019.0,nissan,frontier,gas,25847.0,clean,automatic,wa,47.664705,-117.310362,high
northern panhandle,2018.0,jaguar,xe 25t premium sedan 4d,gas,11500.0,clean,other,oh,40.07,-80.69,high
lakeland,2015.0,ford,f-150,other,183087.0,clean,automatic,fl,28.00853,-82.45974,high
corpus christi,2017.0,toyota,camry,gas,33320.0,clean,automatic,tx,27.65787,-97.479816,medium
bozeman,2004.0,toyota,tundra sr5 4dr double cab sr5,gas,208486.0,clean,automatic,mt,46.601518,-112.019967,medium
morgantown,2018.0,nissan,maxima s sedan 4d,gas,35527.0,clean,automatic,wv,39.63,-79.94,medium
rochester,2005.0,cadillac,cts,gas,137000.0,clean,automatic,ny,43.059787,-77.622548,low
detroit metro,2015.0,jeep,cherokee latitude awd,gas,117545.0,clean,automatic,mi,42.445565,-83.159466,medium
huntsville / decatur,2012.0,ford,econoline commercial,gas,93923.0,clean,automatic,al,34.9506,-85.2432,high
worcester / central MA,2009.0,chevrolet,hhr ls,gas,147452.0,clean,automatic,ma,42.101245,-71.704538,low
raleigh / durham / CH,2005.0,acura,mdx,gas,227840.0,clean,automatic,nc,35.58,-78.7908,low
ft myers / SW florida,2012.0,chevrolet,silverado 1500 regular,gas,26460.0,clean,other,fl,26.63,-81.85,high
jackson,2013.0,ford,cmax hybrid,hybrid,126048.0,clean,automatic,tn,35.619916,-88.83305,low
yuba-sutter,2017.0,mitsubishi,outlander sport es,gas,75300.0,clean,automatic,ca,38.610767,-121.422557,medium
knoxville,2017.0,toyota,tacoma,gas,46956.0,clean,automatic,tn,35.839944,-83.968088,high
kennewick-pasco-richland,2020.0,ram,cummins 3500,diesel,11291.0,clean,automatic,wa,46.234838,-119.128015,high
east oregon,2016.0,ford,lifted f350 diesel lariat,diesel,51706.0,clean,automatic,or,46.234838,-119.128015,high
albuquerque,2018.0,nissan,sentra sv sedan 4d,gas,23389.0,clean,other,nm,35.11,-106.62,medium
modesto,2008.0,lexus,rx 400h basesuv,hybrid,79488.0,,other,ca,37.637869,-120.975297,medium
ft myers / SW florida,2001.0,mercedes-benz,s430,gas,130000.0,clean,automatic,fl,26.573651,-81.884197,low
northern michigan,2011.0,chevrolet,silverado,gas,153000.0,clean,automatic,mi,45.0748,-85.2673,medium
east idaho,2013.0,honda,cr-v ex-l,gas,160800.0,clean,automatic,id,43.443111,-112.076086,medium
las vegas,1998.0,toyota,avalon,gas,189043.0,clean,automatic,nv,36.1721,-115.1224,low
morgantown,2012.0,ford,mustang,gas,97316.0,clean,manual,wv,40.833834,-81.338867,medium
maine,2016.0,volkswagen,tiguan sel,gas,87000.0,clean,automatic,me,43.907985,-69.863222,medium
winchester,2021.0,porsche,911,gas,22.0,clean,automatic,va,38.762669,-77.461754,high
bakersfield,2002.0,ram,1500,gas,14000.0,clean,automatic,ca,35.3855,-118.986,low
norfolk / hampton roads,2012.0,fiat,500,gas,89878.0,clean,manual,va,36.843276,-76.147539,low
athens,1983.0,chevrolet,blazer k5,gas,60000.0,clean,automatic,ga,34.0478,-83.311,low
colorado springs,2006.0,volvo,s60 t5,gas,283466.0,clean,automatic,co,38.886,-104.7399,low
hudson valley,1998.0,toyota,rav4,gas,199026.0,clean,automatic,ny,41.0977,-74.0109,low
charlotte,2013.0,ford,e250 cargo van,gas,36845.0,clean,automatic,nc,35.174714,-80.875926,high
chicago,2008.0,mercedes-benz,e350 4matic,gas,85000.0,clean,automatic,il,42.134,-87.9341,low
chicago,2019.0,hyundai,accent se sedan 4d,other,10370.0,clean,other,il,42.01,-87.84,medium
north jersey,2018.0,volvo,s90 t5 momentum sedan 4d,gas,,clean,other,nj,40.44,-74.82,high
south jersey,2019.0,hyundai,accent se sedan 4d,other,10370.0,clean,other,nj,39.46,-74.99,medium
humboldt county,2011.0,bmw,328i,gas,76000.0,clean,automatic,ca,40.8742,-124.0765,low
atlanta,2017.0,jaguar,xe 35t prestige sedan 4d,other,23279.0,clean,other,ga,33.75,-84.39,high
sarasota-bradenton,2014.0,ford,escape,gas,74921.0,clean,automatic,fl,27.329701,-82.530265,medium
maine,2016.0,ram,1500,gas,93149.0,clean,automatic,me,42.756205,-71.210258,high
boise,2008.0,volvo,v50 2.4i,gas,135654.0,clean,automatic,id,43.615,-116.3975,low
appleton-oshkosh-FDL,2014.0,mercedes-benz,e-class,gas,87413.0,clean,automatic,wi,43.790599,-88.446483,medium
memphis,2014.0,chrysler,town & country,gas,132217.0,clean,automatic,tn,35.172002,-89.943849,medium
atlanta,2012.0,mercedes-benz,s-class,gas,118008.0,clean,automatic,ga,33.7408,-84.2632,medium
erie,2006.0,mercedes-benz,benz e350 awd,gas,139233.0,clean,automatic,pa,42.1108,-80.0521,low
charlottesville,1997.0,bmw,z3 roadster,gas,129151.0,clean,automatic,va,37.915147,-78.473732,low
"st louis, MO",2017.0,jeep,cherokee,gas,46522.0,clean,automatic,il,38.804534,-90.731964,medium
eugene,1985.0,jeep,cherokee chief,gas,166000.0,clean,manual,or,44.0611,-123.0153,low
detroit metro,2014.0,ford,fusion,gas,50000.0,clean,automatic,mi,42.4468,-83.085287,low
buffalo,2018.0,bmw,5 series,gas,29350.0,clean,automatic,ny,,,high
detroit metro,2017.0,buick,encore preferred,gas,25000.0,clean,automatic,mi,42.44955,-82.975033,low
hawaii,2003.0,gmc,envoy,gas,140000.0,clean,automatic,hi,21.2811,-157.8266,low
grand rapids,2018.0,jeep,compass,gas,29926.0,clean,automatic,mi,42.913579,-85.754871,medium
grand rapids,2017.0,bmw,x3 xdrive28i,gas,27254.0,clean,other,mi,42.448987,-85.661948,high
jacksonville,2009.0,lexus,rx 350,gas,98123.0,clean,automatic,nc,35.5068,-78.3479,medium
eugene,2002.0,ram,,diesel,88145.0,clean,manual,or,45.382346,-122.605132,high
seattle-tacoma,2019.0,chevrolet,malibu ls fwd gas auto,gas,91074.0,clean,automatic,wa,47.839605,-122.302203,medium
tucson,2015.0,hyundai,accent gls,gas,53269.0,clean,automatic,az,32.267941,-110.977848,medium
baton rouge,2001.0,honda,accord,gas,164748.0,clean,manual,la,30.487542,-90.509137,low
san diego,2017.0,ford,f250 super duty,diesel,25182.0,clean,automatic,ca,32.7607,-117.0721,high
"st louis, MO",2011.0,chevrolet,cruze,gas,103000.0,clean,automatic,il,38.5476,-90.3241,low
brunswick,2016.0,chevrolet,silverado 1500 regular,gas,41568.0,clean,other,ga,31.15,-81.48,high
south jersey,2017.0,volkswagen,jetta,gas,51787.0,clean,automatic,nj,39.829891,-75.125281,medium
sacramento,2018.0,toyota,camry hybrid le sedan,hybrid,21343.0,,automatic,ca,38.509845,-121.386681,medium
springfield,2011.0,cadillac,cts 3.0l,gas,122165.0,clean,automatic,il,39.7622,-89.6275,low
eugene,2013.0,ford,super duty f-350 srw,gas,134888.0,clean,automatic,or,47.81247,-122.32164,high
springfield,2012.0,jeep,wrangler unlimited sahara,gas,64505.0,clean,automatic,il,39.7622,-89.6275,high
lima / findlay,2006.0,chevrolet,hhr,gas,186200.0,clean,automatic,oh,41.522811,-83.537575,low
colorado springs,1971.0,gmc,,gas,82000.0,clean,automatic,co,38.8377,-104.837,low
statesboro,2017.0,toyota,camry le sedan 4d,gas,30223.0,clean,other,ga,32.44,-81.77,medium
pittsburgh,1968.0,pontiac,firebird,gas,62000.0,clean,manual,pa,40.0418,-79.4151,medium
central NJ,2003.0,volkswagen,golf gl,gas,97000.0,clean,manual,nj,40.6501,-74.1871,low
greenville / upstate,2013.0,chevrolet,malibu lt,gas,131000.0,clean,automatic,sc,34.831473,-82.48955,low
winchester,2018.0,honda,civic,gas,32132.0,clean,automatic,va,38.762945,-77.460595,medium
albany,2005.0,jeep,wrangler,gas,198000.0,clean,manual,ny,42.9993,-74.101,medium
bozeman,2019.0,toyota,prius,gas,38123.0,clean,automatic,mt,47.696062,-116.781406,high
fayetteville,2011.0,ford,f-150 lariat,gas,1.0,clean,automatic,nc,36.12256,-80.070741,high
chicago,2005.0,ford,f-150 lariat,gas,136392.0,clean,automatic,il,41.52423,-88.098659,medium
yakima,2014.0,ford,super duty f-350 srw laria,diesel,229340.0,clean,automatic,wa,47.81247,-122.32164,high
las vegas,2007.0,jeep,grand cherokee,gas,147939.0,clean,automatic,nv,36.1721,-115.1224,low
eastern shore,2016.0,chevrolet,silverado 1500 double,other,6910.0,clean,other,md,38.33,-75.08,high
boulder,2008.0,toyota,tundra,gas,179100.0,clean,automatic,co,40.0172,-105.2851,medium
york,2008.0,nissan,sentra,gas,111000.0,clean,manual,pa,39.959232,-76.660306,low
inland empire,2016.0,ford,f-150,gas,32101.0,clean,automatic,ca,34.107223,-117.455322,high
helena,2014.0,jeep,grand cherokee,other,156782.0,clean,automatic,mt,48.2028,-114.3039,medium
sandusky,2016.0,chevrolet,colorado,gas,59375.0,clean,automatic,oh,41.43194,-82.71563,high
butte,2020.0,ram,diesel cummins 3500,diesel,10269.0,clean,automatic,mt,43.61974,-116.29469,high
new york city,2019.0,nissan,maxima s sedan 4d,gas,18857.0,clean,other,ny,40.73,-73.79,high
new hampshire,2005.0,ford,mustang gt deluxe,gas,58500.0,clean,manual,nh,43.1025,-71.6169,medium
st cloud,2016.0,hyundai,genesis 3.8 sedan 4d,gas,60935.0,clean,automatic,mn,45.55,-94.22,medium
wenatchee,2015.0,jeep,wrangler unlimited,gas,66386.0,clean,other,wa,47.434493,-120.320759,high
atlanta,2014.0,volkswagen,touareg,gas,75108.0,clean,automatic,ga,34.087409,-83.945058,medium
cincinnati,2010.0,ford,fusion,gas,173750.0,clean,automatic,oh,39.2433,-84.549236,low
san diego,2013.0,hyundai,elantra,gas,110.0,clean,automatic,ca,32.895011,-117.128849,low
fargo / moorhead,2008.0,chrysler,pacifica touring,gas,128363.0,clean,automatic,mn,45.83267,-95.389373,low
skagit / island / SJI,2004.0,other,OLDSMOBILE ALERO,gas,112393.0,clean,automatic,wa,48.42198,-122.34586,low
grand island,2017.0,volkswagen,jetta,gas,63635.0,clean,other,ne,41.438366,-97.316899,medium
fairbanks,2014.0,subaru,outback,gas,60000.0,clean,automatic,ak,63.067,-145.5145,medium
SF bay area,2013.0,bmw,328i,gas,92313.0,clean,automatic,ca,38.611373,-121.430328,medium
macon / warner robins,2006.0,chevrolet,,gas,212000.0,clean,automatic,ga,32.8595,-83.802,low
nashville,2018.0,chevrolet,silverado 2500hd,gas,111119.0,clean,automatic,tn,35.501561,-86.45741,high
hartford,2009.0,honda,accord ex-l,gas,191000.0,clean,automatic,ct,41.8341,-72.5576,low
worcester / central MA,2011.0,honda,crz,gas,171000.0,clean,manual,ma,42.1126,-72.0842,low
louisville,2016.0,chevrolet,colorado extended cab,gas,17302.0,clean,other,ky,38.22,-85.74,high
dallas / fort worth,1974.0,dodge,dart,gas,50000.0,clean,automatic,tx,32.972207,-96.859074,low
bloomington-normal,2012.0,toyota,tacoma access cab pickup,gas,37725.0,clean,other,il,40.47,-88.97,high
sacramento,2018.0,lincoln,mkz premiere sedan 4d,gas,14023.0,clean,other,ca,38.58,-121.49,high
north jersey,1983.0,other,oldsmobile delta 88,gas,21000.0,clean,automatic,nj,40.8403,-74.0925,low
fredericksburg,2010.0,ford,f-150,gas,155000.0,clean,automatic,va,38.1574,-79.0651,medium
boston,2010.0,toyota,corolla le 4dr sedan,gas,167538.0,clean,automatic,ma,42.7353,-71.1433,low
columbus,2008.0,jeep,patriot,gas,104000.0,clean,automatic,oh,40.063794,-82.450913,low
santa barbara,2017.0,fiat,500 abarth hatchback 2d,gas,6054.0,clean,other,ca,33.779214,-84.411811,medium
hanford-corcoran,2017.0,audi,a6 3.0t prestige sedan 4d,other,42247.0,clean,other,ca,36.27,-119.63,high
tucson,1972.0,chevrolet,,gas,70000.0,clean,automatic,az,32.3366,-111.1771,medium
philadelphia,2013.0,chevrolet,malibu 2lt,gas,113600.0,clean,automatic,pa,40.0118,-75.1456,low
tampa bay area,2016.0,dodge,grand caravan,gas,83546.0,clean,automatic,fl,27.946392,-82.342089,medium
san diego,2007.0,volkswagen,gti,gas,79000.0,clean,manual,ca,32.5783,-117.1148,low
klamath falls,2019.0,ford,f-150 lariat supercrew 5.,gas,45986.0,clean,automatic,or,42.20326,-121.757157,low
green bay,2007.0,saturn,sky,gas,17800.0,clean,automatic,wi,44.7105,-88.1076,medium
dayton / springfield,2018.0,bmw,3 series 330i xdrive sedan,gas,28946.0,clean,other,oh,39.77,-84.19,high
peoria,2017.0,chevrolet,silverado,gas,56000.0,clean,automatic,il,40.5674,-89.6243,high
fort collins / north CO,2019.0,chevrolet,camaro zl1,gas,2110.0,clean,automatic,co,40.423739,-104.955139,high
spokane / coeur d'alene,2011.0,ford,escape xlt,gas,107528.0,clean,automatic,id,47.656368,-117.311258,low
southwest KS,2006.0,toyota,camry,gas,44000.0,clean,automatic,ks,37.553,-97.2549,low
houston,2018.0,ford,f-150,gas,85030.0,clean,automatic,tx,29.618349,-95.192034,high
spokane / coeur d'alene,2005.0,lexus,rx 330,gas,129060.0,clean,automatic,id,47.737767,-117.412158,medium
central NJ,2016.0,ford,super duty f-750 straight frame,diesel,201035.0,clean,automatic,nj,40.468785,-74.281707,high
dayton / springfield,2018.0,lexus,nx 300h sport utility 4d,hybrid,27205.0,clean,automatic,oh,39.77,-84.19,high
tallahassee,2008.0,toyota,4runner,gas,149000.0,clean,automatic,fl,30.4874,-84.3189,medium
rochester,2006.0,ford,f-150 4dr 4x4,gas,267500.0,clean,automatic,ny,37.13284,-95.78558,low
chico,2015.0,jaguar,f-type,gas,31276.0,clean,automatic,ca,38.605011,-121.401917,high
huntsville / decatur,2012.0,ford,f250 super duty,gas,37473.0,clean,automatic,al,34.9506,-85.2432,high
central NJ,2016.0,chevrolet,silverado 1500 double,gas,29499.0,clean,other,nj,40.22,-74.76,high
manhattan,2017.0,jeep,wrangler sport suv 2d,gas,28680.0,clean,other,ks,39.19,-96.59,high
moses lake,2013.0,dodge,durango crew awd gas suv,gas,133692.0,clean,automatic,wa,47.65613,-117.236949,medium
billings,1999.0,ford,,gas,100000.0,clean,manual,mt,45.804866,-108.438401,low
boston,2008.0,lincoln,mkx limited awd,gas,160000.0,clean,automatic,ma,42.0616,-70.8651,low
detroit metro,2014.0,ford,fiesta se,gas,80555.0,,automatic,mi,42.568136,-83.813674,low
spokane / coeur d'alene,2013.0,subaru,outback,gas,171151.0,clean,automatic,id,47.692931,-117.411632,medium
portland,2013.0,subaru,xv crosstrek,gas,138850.0,clean,automatic,or,45.4373,-122.6147,medium
fresno / madera,2013.0,toyota,prius,gas,140779.0,clean,automatic,ca,36.8157,-119.6944,low
minneapolis / st paul,2013.0,honda,accord ex-l,gas,138852.0,clean,automatic,mn,44.9264,-93.2818,medium
long island,1957.0,other,willys wagon,gas,10000.0,missing,manual,ny,40.798,-73.068,low
tampa bay area,2016.0,ram,1500,gas,92946.0,lien,automatic,fl,28.2258,-82.4547,high
hartford,2018.0,acura,tlx,gas,63006.0,clean,automatic,ct,,,high
indianapolis,2010.0,honda,insight,hybrid,61000.0,clean,automatic,in,39.804893,-86.120223,low
eastern shore,2010.0,honda,cr-v,gas,129583.0,clean,automatic,md,39.185848,-76.653107,medium
greensboro,2012.0,jeep,wrangler,gas,84000.0,clean,manual,nc,36.277274,-80.339826,medium
lancaster,2013.0,chevrolet,cruze,gas,108665.0,clean,automatic,pa,40.040974,-76.379804,low
grand rapids,2003.0,toyota,4runner,gas,209000.0,clean,automatic,mi,42.80617,-86.058483,low
redding,2019.0,ford,mustang ecoboost - rear camera - bluetooth -,gas,95674.0,clean,automatic,ca,38.5892,-121.4057,high
orange county,2003.0,toyota,4runner,gas,148000.0,clean,automatic,ca,33.721,-118.0033,low
denver,2006.0,ram,2500,diesel,76000.0,clean,automatic,co,39.563746,-105.23986,high
augusta,2020.0,audi,a6 45 tfsi premium plus,gas,27160.0,clean,other,ga,33.45,-81.99,high
tyler / east TX,2013.0,ford,f150,gas,91000.0,clean,automatic,tx,32.299546,-95.266286,medium
akron / canton,2016.0,ford,focus,other,87976.0,clean,automatic,oh,41.041256,-81.607193,medium
boise,2000.0,ford,f-250,gas,108525.0,clean,automatic,id,43.583406,-116.559463,medium
binghamton,2009.0,kia,spectra,gas,207000.0,clean,manual,ny,42.2538,-76.0464,low
orange county,2016.0,nissan,sentra,gas,74000.0,clean,automatic,ca,33.6437,-117.6868,low
anchorage / mat-su,2016.0,honda,cr-v,gas,32944.0,clean,automatic,ak,61.16167,-149.86312,high
new york city,2015.0,nissan,rogue awd,gas,91738.0,clean,automatic,ny,40.6705,-73.894,medium
ft myers / SW florida,2002.0,bmw,,gas,156000.0,clean,automatic,fl,26.419726,-81.723381,low
rhode island,2019.0,mini,convertible cooper s 2d,gas,9508.0,clean,other,ri,41.82,-71.41,high
houston,2011.0,jeep,wrangler unlimited sahara,gas,999.0,clean,automatic,tx,29.71452,-95.644763,medium
"washington, DC",2002.0,lexus,ls 430,gas,149302.0,salvage,automatic,dc,39.0958,-76.8155,low
bellingham,2017.0,honda,cr-v,gas,36135.0,clean,manual,wa,47.1991,-122.3151,high
yuba-sutter,2013.0,hyundai,elantra coupe gs pzev,gas,102161.0,clean,automatic,ca,38.610767,-121.422557,low
boise,2015.0,ford,f-150,gas,54098.0,clean,automatic,id,44.024289,-116.991239,high
vermont,2008.0,chevrolet,cc4500,gas,100921.0,clean,automatic,vt,40.468785,-74.281707,high
sarasota-bradenton,2002.0,cadillac,deville,gas,118000.0,clean,automatic,fl,27.265651,-82.527867,low
vermont,2017.0,subaru,forester,gas,59712.0,clean,automatic,vt,44.439495,-73.210154,medium
las vegas,2014.0,mercedes-benz,glk-class glk 350,gas,30031.0,clean,other,nv,36.17,-115.12,high
rochester,2013.0,hyundai,veloster,gas,121046.0,clean,automatic,ny,43.174,-77.5637,low
susanville,2007.0,dodge,charger,gas,138597.0,clean,automatic,ca,38.608933,-121.430188,medium
"washington, DC",2015.0,honda,odyssey 5dr touring elite,,107176.0,clean,automatic,dc,38.884033,-77.097657,medium
milwaukee,2018.0,jeep,grand cherokee laredo sport,gas,26350.0,clean,other,wi,43.06,-87.96,high
phoenix,2019.0,hyundai,,other,38857.0,clean,automatic,az,33.41684,-111.794878,medium
charleston,2004.0,chevrolet,trailblazer ext,gas,118500.0,clean,automatic,sc,32.7993,-80.006,low
tampa bay area,2019.0,toyota,rav4,gas,19196.0,clean,automatic,fl,27.838871,-82.714995,high
eastern panhandle,2016.0,other,Scion iM Hatchback 4D,gas,32573.0,clean,other,wv,39.3,-78.59,medium
green bay,2008.0,chevrolet,equinox,gas,132506.0,clean,automatic,wi,44.4737,-88.06308,low
santa fe / taos,2007.0,pontiac,solstice gxp,gas,103000.0,clean,manual,nm,36.3313,-106.0028,medium
mobile,2014.0,honda,accord,gas,105393.0,clean,automatic,al,30.60818,-87.898264,medium
billings,2007.0,mitsubishi,outlander,gas,170000.0,salvage,automatic,mt,45.810716,-108.471423,low
medford-ashland,2006.0,ford,f350,diesel,96800.0,clean,automatic,or,42.340777,-122.901921,medium
hartford,2008.0,honda,civic,gas,223215.0,clean,automatic,ct,41.915593,-72.61482,low
inland empire,2018.0,rover,velar,gas,23860.0,clean,automatic,ca,33.875577,-117.570384,high
fort wayne,2017.0,chevrolet,spark,gas,32057.0,clean,automatic,in,41.169814,-85.1664,medium
baton rouge,2020.0,chrysler,300,other,13382.0,clean,automatic,la,30.2684,-91.2524,high
rhode island,2008.0,ford,f550,diesel,170889.0,clean,automatic,ri,41.6914,-71.5768,medium
redding,2013.0,chevrolet,silverado 1500 4x4 truck,gas,23927.0,clean,automatic,ca,38.704597,-121.271803,high
corpus christi,2009.0,gmc,canyon,gas,161386.0,clean,automatic,tx,27.675499,-97.278416,medium
boise,2006.0,toyota,tacoma access cab,gas,207627.0,clean,manual,id,43.6322,-116.2052,medium
chicago,2007.0,pontiac,g5,gas,130953.0,clean,automatic,il,41.52423,-88.098659,low
chicago,2015.0,honda,fit ex-l hatchback 4d,gas,28680.0,clean,other,il,41.83,-87.68,medium
redding,2015.0,mitsubishi,lancer,gas,88117.0,clean,automatic,ca,40.4574,-122.3282,medium
baltimore,1995.0,other,firebird trans am,gas,107000.0,clean,automatic,md,39.1914,-76.7812,low
ann arbor,2013.0,ford,edge sport awd! awd,gas,126599.0,,automatic,mi,42.300673,-84.024108,medium
norfolk / hampton roads,2006.0,chevrolet,tahoe,gas,230000.0,clean,automatic,va,36.7978,-76.1759,low
indianapolis,2019.0,chevrolet,colorado crew cab z71,gas,7711.0,clean,other,in,39.77,-86.14,high
palm springs,2017.0,hyundai,santa fe sport,gas,32000.0,clean,automatic,ca,33.8098,-116.4665,high
grand rapids,2015.0,cadillac,xts,gas,115000.0,clean,automatic,mi,42.851055,-83.45119,medium
el paso,2017.0,ford,mustang,gas,283466.0,clean,manual,tx,32.289135,-106.782303,high
little rock,2019.0,volkswagen,jetta 1.4t sel,gas,7898.0,clean,other,ar,34.72,-92.35,medium
ocala,2011.0,honda,accord,gas,127000.0,clean,automatic,fl,29.770834,-82.283186,low
new york city,2010.0,subaru,outback,gas,160000.0,clean,automatic,ny,40.8583,-73.9296,low
boise,2012.0,jeep,compass sport,gas,140561.0,clean,automatic,id,43.58697,-116.213403,low
northwest KS,2020.0,audi,q5 45 tfsi premium plus,gas,19067.0,clean,other,ks,38.96,-95.25,high
myrtle beach,2019.0,kia,sorento ex sport utility 4d,gas,71401.0,clean,other,sc,33.69,-78.89,high
treasure coast,2012.0,ford,f250 super duty 4x4,gas,38177.0,clean,automatic,fl,27.5008,-80.36,high
hawaii,2016.0,toyota,corolla le eco,gas,61127.0,clean,automatic,hi,21.2998,-157.8439,medium
lansing,2018.0,chevrolet,equinox,gas,156144.0,clean,automatic,mi,43.1824,-84.1122,medium
madison,2012.0,toyota,highlander,gas,204387.0,clean,automatic,wi,43.0631,-89.3133,medium
atlanta,2012.0,toyota,tacoma,gas,153421.0,clean,automatic,ga,34.0031,-84.0126,medium
toledo,2020.0,acura,mdx sh-awd sport utility,gas,1237.0,clean,other,oh,41.66,-83.58,high
lafayette,2012.0,jeep,patriot,gas,160730.0,clean,automatic,la,30.4558,-91.0596,low
eugene,2012.0,dodge,grand caravan,gas,88527.0,clean,automatic,or,44.06588,-123.138371,medium
colorado springs,2018.0,chevrolet,silverado 1500,gas,128391.0,clean,automatic,co,39.78485,-105.11517,high
chicago,2011.0,jeep,grand cherokee,gas,119400.0,clean,automatic,il,41.8799,-87.9782,medium
rochester,2010.0,subaru,outback,gas,150000.0,clean,automatic,ny,43.18097,-77.773338,low
buffalo,2014.0,dodge,durango r/t sport utility,gas,69612.0,clean,other,ny,42.88,-78.85,high
st cloud,2009.0,ford,flex,other,142488.0,clean,automatic,mn,45.019058,-92.984787,low
sierra vista,2004.0,chevrolet,corvette,other,51655.0,clean,automatic,az,32.24951,-110.972417,medium
charlottesville,2020.0,acura,rdx sh-awd a-spec pkg,gas,43097.0,clean,other,va,38.03,-78.48,high
kennewick-pasco-richland,2015.0,ford,f350 diesels powerstroke,diesel,51004.0,clean,automatic,wa,46.234838,-119.128015,high
kalispell,2016.0,other,2016,gas,55000.0,clean,automatic,mt,48.1783,-111.9397,high
greenville / upstate,2020.0,ford,f150 xlt super crew,gas,173.0,clean,automatic,sc,34.9514,-82.0927,high
raleigh / durham / CH,2016.0,dodge,charger r/t scat pack,gas,56560.0,clean,automatic,nc,35.5068,-78.3479,high
akron / canton,2010.0,honda,accord crosstou,gas,180632.0,clean,automatic,oh,40.796036,-81.43153,low
east oregon,2016.0,jeep,cherokee trailhawk 4x4 gas,gas,29611.0,clean,automatic,or,46.234838,-119.128015,high
muskegon,2006.0,chevrolet,2500 silverado,diesel,271000.0,clean,automatic,mi,43.159,-86.2638,medium
ventura county,2016.0,chevrolet,malibu limited,gas,144000.0,clean,automatic,ca,34.0662,-117.3993,low
little rock,2015.0,mitsubishi,lancer,gas,61000.0,salvage,automatic,ar,35.2436,-91.7317,low
central NJ,2002.0,toyota,sienna,gas,160000.0,clean,automatic,nj,40.5904,-74.6267,low
north jersey,2008.0,chevrolet,cobalt ls,gas,77262.0,clean,automatic,nj,40.6717,-74.2043,low
grand rapids,2008.0,nissan,titan,gas,228000.0,clean,automatic,mi,42.851055,-83.45119,low
south florida,2005.0,toyota,sienna ce,gas,185888.0,clean,automatic,fl,26.260758,-80.117966,low
myrtle beach,2016.0,jeep,patriot sport,gas,140000.0,clean,automatic,sc,33.6994,-78.9137,low
owensboro,2018.0,bmw,3 series 330i xdrive sedan,other,,clean,other,ky,37.75,-87.11,high
bakersfield,2018.0,toyota,sienna,gas,25000.0,salvage,automatic,ca,35.3866,-119.0171,medium
omaha / council bluffs,2015.0,cadillac,srx,gas,86511.0,clean,automatic,ia,41.1345,-96.2458,medium
maine,2004.0,chevrolet,silverado 1500,gas,272000.0,clean,automatic,me,44.943357,-68.599555,low
flagstaff / sedona,2017.0,infiniti,q70 3.7 sedan 4d,other,34159.0,clean,automatic,az,33.7865,-84.4454,high
jacksonville,2016.0,toyota,corolla,gas,149357.0,clean,automatic,fl,30.33912,-81.4129,medium
south florida,2007.0,other,2007 TRANSCRAFT EAGLE SD TRAILER,other,10.0,clean,other,fl,26.2534,-81.7644,medium
tulsa,2013.0,dodge,grand caravan se,gas,118465.0,clean,automatic,ok,35.990785,-95.886354,low
SF bay area,2011.0,nissan,versa fit rio corolla,gas,150.0,clean,automatic,ca,37.383207,-122.011665,low
battle creek,2011.0,ford,edge,gas,136573.0,clean,automatic,mi,42.303,-85.1304,low
boise,2013.0,chrysler,200,gas,110503.0,clean,automatic,id,43.63703,-116.259578,low
reno / tahoe,1999.0,ram,2500,gas,93000.0,clean,automatic,ca,39.5502,-119.7178,medium
southwest michigan,2007.0,jeep,compass,gas,174763.0,clean,other,mi,42.40274,-86.25973,low
charlotte,2018.0,audi,a5 premium plus coupe 2d,other,31807.0,clean,other,nc,35.19,-80.83,high
ventura county,2017.0,toyota,camry,gas,31500.0,clean,automatic,ca,34.184,-118.91,medium
western slope,2003.0,nissan,xterra 4dr xe 2wd v6 auto,,201570.0,clean,automatic,co,39.081944,-108.588542,low
columbia,2005.0,gmc,c5500 24 foot flatbed 8.1l gas,gas,172404.0,,automatic,sc,29.620824,-82.386324,medium
ann arbor,2017.0,ford,fusion,gas,52500.0,clean,automatic,mi,42.162093,-83.72951,medium
memphis,1998.0,ford,crown victoria,gas,47719.0,clean,automatic,tn,35.172002,-89.943849,low
savannah / hinesville,2011.0,nissan,altima 2.5 s,gas,139000.0,clean,automatic,ga,32.1082,-81.1746,low
detroit metro,2012.0,ford,f350 super duty xlt,gas,117000.0,lien,automatic,mi,42.458943,-83.651218,high
ft myers / SW florida,2007.0,toyota,camry le,gas,183241.0,clean,automatic,fl,27.185202,-81.87152,low
mcallen / edinburg,2012.0,ford,f150,gas,133443.0,clean,automatic,tx,26.2937,-98.3008,medium
albuquerque,2002.0,ford,mustang,gas,168000.0,clean,manual,nm,35.061431,-106.738511,low
saginaw-midland-baycity,2015.0,chevrolet,ss sedan 4d,gas,84498.0,clean,automatic,mi,43.41,-83.94,high
lehigh valley,2008.0,subaru,impreza 2.5i awdsedan,gas,221084.0,,automatic,pa,40.617325,-75.441437,low
daytona beach,2000.0,cadillac,deville,gas,67386.0,clean,automatic,fl,29.501769,-81.168365,low
cape cod / islands,2006.0,acura,tl,gas,96460.0,clean,automatic,ma,41.664692,-70.290306,low
stockton,2013.0,dodge,challenger,gas,123832.0,clean,automatic,ca,38.608933,-121.430188,medium
knoxville,2011.0,hyundai,sonata,gas,156000.0,clean,automatic,tn,35.8929,-83.9387,low
north jersey,2010.0,honda,accord ex-l coupe 2d,hybrid,57754.0,clean,other,nj,40.44,-74.82,medium
toledo,2005.0,dodge,dakota slt quad cab,gas,183200.0,clean,automatic,oh,41.522811,-83.53779,low
bozeman,2018.0,audi,a3,gas,22604.0,clean,automatic,mt,47.7989,-116.7423,high
columbia / jeff city,2017.0,infiniti,qx60 3.5 sport utility,gas,40529.0,clean,automatic,mo,38.95,-92.32,high
dallas / fort worth,2019.0,toyota,tacoma trd,gas,33012.0,clean,automatic,tx,35.199,-97.4841,high
fort smith,2009.0,ram,,gas,207000.0,clean,automatic,ar,35.310616,-94.411526,medium
stockton,2011.0,bmw,3 series,diesel,141439.0,clean,automatic,ca,38.64104,-121.428661,low
tampa bay area,2015.0,dodge,challenger,gas,59393.0,clean,automatic,fl,27.788266,-82.677461,medium
tucson,2011.0,mini,cooper,gas,99095.0,clean,automatic,az,32.236075,-110.878886,low
"washington, DC",2015.0,ram,1500 crew cab tradesman,other,48652.0,clean,other,dc,38.89,-77.03,high
winston-salem,2013.0,mercedes-benz,gl-class,gas,88890.0,clean,automatic,nc,,,medium
atlanta,2018.0,ram,1500,gas,104000.0,clean,automatic,ga,33.7865,-84.4454,high
orange county,2013.0,ford,f-350sd,diesel,94472.0,clean,automatic,ca,34.070311,-117.446303,high
orlando,2014.0,toyota,camry,gas,79114.0,clean,automatic,fl,28.610096,-81.298342,medium
kennewick-pasco-richland,2018.0,gmc,sierra diesel duramax 3500,diesel,32824.0,clean,automatic,wa,46.234838,-119.128015,high
bozeman,2008.0,jeep,wrangler,other,132631.0,clean,automatic,mt,45.6542,-110.61,medium
fresno / madera,2012.0,gmc,acadia slt,gas,101997.0,clean,automatic,ca,36.770345,-119.699993,medium
modesto,1999.0,ford,explorer,gas,193852.0,clean,automatic,ca,37.6693,-120.8817,low
cincinnati,2008.0,chrysler,sebring convertible to,gas,142049.0,clean,automatic,oh,39.198076,-84.737013,low
twin falls,2019.0,ford,f150 xlt sport 4x4 1/2 ton,gas,23887.0,clean,automatic,id,43.61974,-116.29469,high
san antonio,2017.0,hyundai,sonata,gas,30000.0,clean,automatic,tx,29.352757,-98.473469,low
charlotte,1990.0,ford,f350 4x4,gas,37000.0,clean,automatic,nc,35.2064,-81.1469,medium
kalamazoo,2018.0,honda,civic si coupe 2d,other,31547.0,clean,other,mi,42.27,-85.58,high
albany,2005.0,bmw,x3,gas,133000.0,clean,automatic,ny,42.6359,-73.7219,low
bakersfield,1996.0,ford,ranger xl,gas,238347.0,clean,automatic,ca,35.1322,-118.449,low
meadville,2015.0,buick,enclave,gas,107000.0,clean,automatic,pa,41.932423,-79.619141,medium
minneapolis / st paul,2008.0,toyota,highlander,gas,118012.0,clean,automatic,mn,44.843677,-93.021735,medium
"washington, DC",2012.0,jeep,grand cherokee,gas,118150.0,clean,automatic,dc,38.50942,-77.3709,medium
vermont,2009.0,mercedes-benz,sl-class,gas,29984.0,clean,automatic,vt,42.777828,-73.74899,high
chico,2004.0,ford,crown victoria,gas,196818.0,clean,automatic,ca,39.6054,-121.5751,low
atlanta,2017.0,buick,cascada sport touring,gas,34231.0,clean,other,ga,33.75,-84.39,high
chicago,2017.0,toyota,tundra double cab sr5,gas,27459.0,clean,other,il,41.83,-87.68,high
flagstaff / sedona,2019.0,acura,ilx technology and a-spec,gas,8256.0,clean,other,az,33.779214,-84.411811,high
minneapolis / st paul,2017.0,acura,mdx,gas,52466.0,clean,automatic,mn,45.018933,-93.050721,high
bakersfield,2018.0,alfa-romeo,romeo stelvio sport suv 4d,other,64330.0,clean,other,ca,35.38,-119.02,high
omaha / council bluffs,2018.0,toyota,4runner,gas,42951.0,clean,automatic,ia,41.268218,-95.980655,high
anchorage / mat-su,2017.0,toyota,rav 4 le,gas,47242.0,clean,automatic,ak,61.166353,-149.847206,high
north jersey,2007.0,other,freightliner columbia,diesel,283466.0,clean,manual,nj,40.7236,-74.2015,medium
orlando,2016.0,kia,soul,gas,68101.0,clean,automatic,fl,28.647059,-81.352268,medium
bakersfield,2018.0,chevrolet,malibu lt,gas,57443.0,clean,automatic,ca,34.183005,-118.370312,medium
pittsburgh,1997.0,ford,f350,diesel,226000.0,clean,automatic,pa,40.69832,-80.035229,low
detroit metro,2007.0,ford,expedition,gas,185000.0,clean,automatic,mi,42.44861,-83.0302,low
central NJ,2019.0,honda,cr-v ex-l awd,,15392.0,clean,automatic,nj,40.697349,-74.219903,high
SF bay area,2016.0,bmw,x1 xdrive28i,gas,71000.0,clean,automatic,ca,37.931324,-122.29638,medium
orange county,2003.0,honda,accord ex,gas,190000.0,clean,automatic,ca,33.8707,-118.3715,low
north jersey,2011.0,buick,lacrosse,gas,50266.0,clean,automatic,nj,40.803433,-74.464996,medium
upper peninsula,2005.0,ford,explorer sport trac 4x4,gas,132000.0,clean,automatic,mi,46.531674,-87.403681,low
minneapolis / st paul,1995.0,buick,roadmaster sedan,gas,232000.0,clean,automatic,mn,45.4553,-93.5879,low
madison,2007.0,bmw,x5 xdrive 4.8i awd sport-suv,gas,77845.0,clean,automatic,wi,44.8346,-91.5159,medium
scranton / wilkes-barre,2005.0,bmw,645ci convertible,gas,55000.0,clean,automatic,pa,41.3904,-75.7158,medium
fredericksburg,2008.0,jeep,liberty,gas,131000.0,clean,automatic,va,38.357302,-77.514186,low
albany,2009.0,kia,spectra,gas,182000.0,clean,automatic,ny,42.805226,-73.919522,low
north mississippi,2010.0,ford,escape,gas,81302.0,clean,automatic,ms,35.172002,-89.943849,medium
amarillo,2009.0,other,HUMMER H3,gas,162002.0,clean,automatic,tx,35.203066,-101.895003,medium
norfolk / hampton roads,2018.0,audi,s5 premium plus sedan 4d,gas,41846.0,clean,automatic,va,36.67,-76.3,high
pittsburgh,2006.0,buick,lucerne,gas,87310.0,clean,automatic,pa,40.376863,-79.989996,low
poconos,2012.0,subaru,legacy 2.5i premium,gas,132874.0,clean,automatic,pa,40.8982,-75.5074,low
philadelphia,2005.0,lexus,ls 430,gas,172456.0,clean,automatic,pa,39.664938,-75.604309,low
chicago,2016.0,chevrolet,silverado 1500 double,gas,40426.0,clean,other,il,41.83,-87.68,high
monterey bay,2018.0,toyota,highlander le sport,gas,18452.0,clean,other,ca,36.6,-121.88,high
long island,2018.0,toyota,camry,gas,47591.0,clean,automatic,ny,40.774935,-73.731811,medium
akron / canton,2005.0,ford,f-150,other,148794.0,clean,automatic,oh,41.041256,-81.607193,low
yakima,2003.0,other,Chevey Cavalier,gas,70000.0,clean,automatic,wa,46.80171,-120.675044,low
atlanta,2006.0,nissan,titan,gas,178000.0,clean,automatic,ga,33.8796,-84.5023,low
detroit metro,2013.0,ford,fusion,gas,1.0,clean,automatic,mi,42.4468,-83.085287,low
los angeles,2015.0,nissan,altima 2.5 sl sedan 4d,gas,29293.0,clean,other,ca,34.00921,-118.10252,medium
northwest GA,2021.0,chevrolet,silverado 1500,gas,1.0,clean,automatic,ga,,,high
gainesville,1999.0,ford,e350 cargo van,gas,75000.0,clean,automatic,fl,29.693926,-82.528138,low
las vegas,2012.0,dodge,avenger,gas,107613.0,clean,automatic,nv,36.1477,-115.104446,medium
tulsa,2014.0,ram,1500,diesel,196000.0,clean,automatic,ok,36.321764,-95.845799,medium
appleton-oshkosh-FDL,2001.0,chevrolet,express,gas,86678.0,clean,automatic,wi,44.408744,-89.881039,low
"st louis, MO",2011.0,ford,fusion,gas,220000.0,clean,automatic,il,38.5396,-89.9583,low
kalamazoo,2013.0,chevrolet,cruze,gas,129111.0,clean,automatic,mi,43.1824,-84.1122,low
south florida,2015.0,nissan,pathfinder,gas,88554.0,clean,automatic,fl,26.027148,-80.244713,medium
worcester / central MA,2019.0,chevrolet,trax lt sport utility,gas,13916.0,clean,other,ma,42.26,-71.8,medium
seattle-tacoma,1950.0,other,mg td,gas,2100.0,clean,manual,wa,47.6116,-122.3056,medium
greenville / upstate,2019.0,mini,convertible cooper s 2d,gas,17037.0,clean,other,sc,34.83,-82.37,high
inland empire,2013.0,bmw,3-series,gas,99757.0,clean,automatic,ca,33.946412,-117.295118,medium
valdosta,2015.0,ford,f150 supercrew cab lariat,gas,47518.0,clean,other,ga,33.779214,-84.411811,high
eugene,2014.0,toyota,fj cruiser,gas,98842.0,clean,automatic,or,45.379929,-122.583757,high
winston-salem,2019.0,jeep,renegade sport suv 4d,gas,13869.0,clean,other,nc,36.1,-80.24,medium
saginaw-midland-baycity,2012.0,chevrolet,impala ltz,gas,176000.0,clean,manual,mi,43.595063,-83.942375,low
appleton-oshkosh-FDL,2016.0,other,Scion iM Hatchback 4D,gas,40668.0,clean,other,wi,44.26,-88.39,medium
eastern kentucky,2020.0,audi,q5 45 tfsi premium plus,gas,19067.0,clean,other,ky,38.04,-84.45,high
stockton,2013.0,chevrolet,volt,other,85986.0,clean,automatic,ca,38.628015,-121.401179,low
south bend / michiana,2014.0,dodge,challenger r/t classic,other,13807.0,clean,other,in,41.67,-86.26,high
mcallen / edinburg,2018.0,jaguar,xf approved certified,gas,22522.0,clean,automatic,tx,26.193466,-98.145378,high
sacramento,2006.0,toyota,sequoia sr5 4x2,gas,167191.0,clean,automatic,ca,38.610767,-121.422557,low
south jersey,2010.0,mazda,cx7 sport,gas,144234.0,clean,automatic,nj,39.659,-75.0942,low
yuba-sutter,2001.0,chevrolet,suburban lt,gas,0.0,,automatic,ca,39.123441,-121.61144,low
vermont,2014.0,subaru,xv crosstrek 2.0i premium,gas,151887.0,clean,automatic,vt,44.1945,-72.4936,medium
eugene,2017.0,chevrolet,silverado 1500 regular,gas,102.0,clean,other,or,33.779214,-84.411811,high
raleigh / durham / CH,1990.0,ford,bronco,gas,194454.0,clean,automatic,nc,35.7667,-78.6008,medium
western slope,2005.0,ford,f-250 super duty,diesel,228950.0,clean,automatic,co,37.334378,-108.739517,low
lehigh valley,2018.0,subaru,forester 2.5i premium,other,20261.0,clean,other,pa,40.68,-75.22,high
gold country,2019.0,volkswagen,atlas,gas,32949.0,clean,automatic,ca,38.608824,-121.400837,high
houston,2017.0,cadillac,ats,gas,47142.0,clean,automatic,tx,29.742917,-95.645771,medium
south florida,2013.0,mercedes-benz,c250,gas,59462.0,clean,automatic,fl,26.1122,-80.2264,low
sioux city,2014.0,ford,taurus limited,gas,84225.0,clean,automatic,ia,42.496468,-96.385898,medium
yuba-sutter,2012.0,gmc,yukon,other,104881.0,clean,automatic,ca,38.739933,-121.290932,medium
bellingham,2017.0,jeep,patriot,gas,63340.0,clean,automatic,wa,48.754189,-122.464947,medium
sacramento,2016.0,jeep,cherokee,gas,100841.0,clean,automatic,ca,38.403482,-121.38802,medium
corvallis/albany,2006.0,honda,civic,gas,231610.0,clean,automatic,or,45.481433,-122.579235,low
appleton-oshkosh-FDL,2003.0,chevrolet,silverado,gas,175000.0,clean,manual,wi,43.9341,-87.9956,low
hickory / lenoir,2007.0,ford,ranger sport,gas,143543.0,clean,automatic,nc,35.892382,-81.524949,low
yuma,2006.0,nissan,pathfinder,gas,221000.0,clean,automatic,az,32.7015,-114.6424,low
st joseph,2012.0,chevrolet,corvette grand sport,other,9169.0,clean,automatic,mo,39.76,-94.85,high
south florida,2007.0,ford,mustang gt premium,gas,140000.0,clean,automatic,fl,26.0161,-80.1517,low
north jersey,2004.0,volvo,xc90 awd,gas,125000.0,clean,automatic,nj,40.9511,-73.9308,low
oklahoma city,2017.0,ford,focus,gas,82357.0,clean,automatic,ok,35.559496,-97.645486,medium
sioux falls / SE SD,2014.0,ford,taurus,gas,83529.0,clean,automatic,sd,43.5566,-96.8028,medium
salem,2007.0,ford,expedition el,gas,191736.0,clean,other,or,44.9961,-122.9124,low
charlotte,2013.0,dodge,grand caravan,gas,68228.0,clean,automatic,nc,33.925578,-84.836041,high
sarasota-bradenton,2014.0,honda,civic,gas,117933.0,clean,manual,fl,27.26977,-82.48229,medium
ocala,2017.0,bmw,i8,gas,35735.0,clean,other,fl,28.466088,-81.396429,high
salt lake city,2006.0,ford,diesel chasis,diesel,55207.0,clean,manual,ut,37.5671,-122.3676,high
lewiston / clarkston,2019.0,ram,1500 classic,gas,30569.0,clean,automatic,id,47.199771,-122.299016,high
ft myers / SW florida,2018.0,hyundai,ioniq hybrid,hybrid,27148.0,clean,automatic,fl,26.227995,-81.76597,medium
spokane / coeur d'alene,2015.0,hyundai,sonata,gas,109017.0,clean,automatic,id,47.656773,-117.218613,medium
rochester,2014.0,chevrolet,cruze lt,gas,96100.0,clean,automatic,ny,43.218365,-77.758032,low
medford-ashland,2015.0,dodge,charger,gas,112806.0,lien,automatic,or,42.3363,-122.8398,medium
spokane / coeur d'alene,1997.0,chevrolet,silverado 2500 utility,diesel,40000.0,clean,automatic,id,47.2977,-116.5681,low
southeast IA,2017.0,ford,,gas,30000.0,clean,automatic,ia,40.780645,-91.709061,medium
pullman / moscow,1997.0,bmw,3-series,gas,98933.0,clean,manual,id,47.692931,-117.411632,high
palm springs,2006.0,other,scion xa,gas,140000.0,clean,automatic,ca,33.7644,-116.3398,low
boulder,2013.0,toyota,tacoma double cab,other,73099.0,clean,other,co,40.02104,-105.26465,high
new york city,2013.0,honda,odyssey,gas,140.0,clean,automatic,ny,40.606617,-73.94939,medium
tyler / east TX,2015.0,chevrolet,tahoe lt sport utility,other,51677.0,clean,other,tx,32.32,-95.3,high
oklahoma city,2014.0,ford,f-550,gas,178654.0,clean,automatic,ok,,,high
holland,2009.0,pontiac,g6,gas,166191.0,clean,automatic,mi,43.1824,-84.1122,low
columbia / jeff city,2003.0,toyota,,gas,220000.0,clean,automatic,mo,38.957706,-92.209983,low
north jersey,2007.0,lexus,is 250,gas,95534.0,clean,automatic,nj,,,medium
san diego,2019.0,ford,f-550sd,diesel,1353.0,clean,automatic,ca,34.070311,-117.446303,high
modesto,2008.0,lexus,es 350,gas,188274.0,clean,automatic,ca,37.797142,-121.230484,low
minneapolis / st paul,2013.0,chrysler,200,gas,112534.0,clean,automatic,mn,44.7609,-93.2753,low
charlotte,2015.0,chevrolet,ss sedan 4d,gas,48774.0,clean,other,nc,35.19,-80.83,high
monterey bay,2005.0,mercedes-benz,ml500 4matic,gas,232240.0,clean,automatic,ca,36.595518,-121.892195,low
greensboro,2017.0,ford,expedition xlt sport,gas,70760.0,clean,other,nc,36.07,-79.82,high
appleton-oshkosh-FDL,2004.0,ford,f150 lariat,gas,178318.0,clean,automatic,wi,43.9769,-88.949,low
sioux falls / SE SD,2018.0,jeep,grand cherokee,gas,68611.0,clean,automatic,sd,43.5179,-96.7924,high
colorado springs,2011.0,chevrolet,silverado,gas,202801.0,clean,automatic,co,38.836461,-104.778523,medium
catskills,2020.0,jeep,wrangler sport suv 2d,gas,3181.0,clean,other,ny,42.21,-73.86,high
columbia / jeff city,2001.0,ford,f450,diesel,233000.0,clean,automatic,mo,38.356815,-90.375561,medium
maine,2003.0,ford,lightning svt,gas,134000.0,clean,automatic,me,42.8356,-71.0934,medium
lehigh valley,2005.0,honda,civic exsedan w/front,gas,174218.0,,manual,pa,40.617325,-75.441437,low
visalia-tulare,2016.0,jeep,patriot,gas,59792.0,clean,automatic,ca,36.211906,-119.314975,medium
monroe,2012.0,ford,fusion,gas,80479.0,clean,automatic,mi,43.1824,-84.1122,low
peoria,2019.0,ram,promaster,gas,25162.0,clean,automatic,il,40.613105,-89.460425,high
boston,2008.0,other,2008,gas,90077.0,clean,automatic,ma,42.004828,-70.991945,low
madison,2012.0,bmw,335i,gas,98451.0,clean,automatic,wi,43.0631,-89.3133,medium
baltimore,2008.0,subaru,outback,gas,103000.0,lien,automatic,md,39.4332,-76.6546,low
western KY,2021.0,kia,k5,gas,4473.0,clean,automatic,ky,36.764645,-88.314889,high
richmond,2013.0,jeep,grand cherokee laredo,gas,154966.0,clean,automatic,in,39.836223,-84.794712,medium
cincinnati,2019.0,chevrolet,"silverado 2500hd 4wd crew cab 153.7"" ltz",,50930.0,clean,automatic,oh,39.171991,-84.271999,high
lima / findlay,1956.0,ford,,gas,44000.0,clean,automatic,oh,40.9437,-83.8093,medium
roanoke,2007.0,chevrolet,5500,diesel,137455.0,clean,automatic,va,,,high
chattanooga,2017.0,nissan,nv2500 hd cargo,gas,48769.0,clean,automatic,tn,34.9506,-85.2432,high
missoula,2019.0,bmw,5 series,hybrid,21202.0,clean,automatic,mt,47.696062,-116.781406,high
new haven,2018.0,hyundai,santa fe sport utility,gas,25519.0,clean,other,ct,41.31,-72.92,medium
santa barbara,2018.0,nissan,leaf s hatchback 4d,gas,22904.0,clean,other,ca,33.779214,-84.411811,medium
fort collins / north CO,2004.0,mazda,rx-8,gas,63867.0,clean,manual,co,40.182151,-105.102373,medium
stockton,2018.0,hyundai,tucson sel,gas,45191.0,clean,automatic,ca,38.610767,-121.422557,medium
killeen / temple / ft hood,2019.0,ford,f250 lariat 4x4 diesel,diesel,52378.0,clean,automatic,tx,30.663,-97.9316,high
lakeland,2017.0,volkswagen,beetle convertible,gas,28532.0,rebuilt,automatic,fl,28.046046,-81.869602,medium
mobile,2010.0,lexus,gs 350,gas,139260.0,clean,automatic,al,30.608217,-87.898504,medium
albany,2020.0,infiniti,q50 3.0t luxe sedan 4d,other,24253.0,clean,other,ga,31.57,-84.17,high
youngstown,2020.0,audi,a6 45 tfsi premium plus,gas,27160.0,clean,other,oh,41.09,-80.64,high
milwaukee,2013.0,audi,s6 prestige quattro awd,gas,69094.0,clean,automatic,wi,44.8346,-91.5159,high
fayetteville,2013.0,lexus,rx 350,gas,91438.0,clean,automatic,nc,,,medium
baltimore,2012.0,acura,tsx sedan 4d,gas,69148.0,clean,other,md,39.3,-76.61,medium
rochester,2018.0,toyota,4runner sr5 sport utility,gas,62496.0,clean,other,ny,43.16,-77.61,high
gulfport / biloxi,2015.0,chevrolet,suburban,gas,138300.0,clean,automatic,ms,30.3728,-89.3779,medium
scranton / wilkes-barre,2013.0,other,International 4300,diesel,117550.0,clean,automatic,pa,40.468785,-74.281707,high
bend,2017.0,chevrolet,colorado,gas,33004.0,clean,automatic,or,44.055471,-121.27625,low
kennewick-pasco-richland,2021.0,mitsubishi,mirage,gas,39.0,clean,automatic,wa,46.213805,-119.161041,medium
jacksonville,2009.0,nissan,murano,gas,115859.0,clean,automatic,fl,29.68652,-82.32183,low
salem,2012.0,hyundai,sonata hybrid,gas,89508.0,clean,automatic,or,44.039006,-121.303704,medium
san luis obispo,2019.0,nissan,versa sedan,gas,93275.0,clean,automatic,ca,35.119931,-120.57697,medium
jacksonville,2020.0,chevrolet,silverado 1500 lt 4x4,gas,16228.0,clean,automatic,fl,30.207288,-81.738969,high
fort collins / north CO,2018.0,gmc,sierra 2500hd,diesel,73019.0,clean,automatic,co,40.376357,-111.806112,high
fort collins / north CO,2013.0,hyundai,elantra,gas,110090.0,clean,automatic,co,41.1437,-104.7962,low
greenville / upstate,1966.0,other,shelby cobra,gas,1.0,clean,manual,sc,34.9453,-82.2209,high
great falls,1998.0,chevrolet,silverado,gas,115568.0,clean,automatic,mt,47.5098,-111.2734,low
western massachusetts,2013.0,chevrolet,malibu,gas,147892.0,clean,automatic,ma,41.9099,-72.6029,low
austin,2018.0,buick,regal tourx essence wagon,gas,24672.0,clean,other,tx,30.26,-97.74,high
prescott,2002.0,dodge,dakota,gas,78045.0,clean,automatic,az,34.6019,-112.3264,low
bellingham,2015.0,mazda,mazda6,gas,33518.0,clean,automatic,wa,48.75674,-122.45052,medium
minneapolis / st paul,1985.0,dodge,ramcharger,gas,21967.0,clean,automatic,mn,45.2825,-93.4186,low
south florida,2018.0,jeep,grand cherokee laredo sport,other,26071.0,clean,other,fl,26.14,-80.13,high
kalispell,1965.0,pontiac,lemans,gas,81350.0,clean,automatic,mt,47.6876,-114.1404,high
colorado springs,2013.0,chevrolet,silverado 2500hd work,gas,93000.0,clean,automatic,co,36.1149,-115.2161,high
albany,1967.0,other,MGB Roadster,gas,8500.0,clean,manual,ny,43.0069,-74.3715,medium
monterey bay,2019.0,nissan,leaf s hatchback 4d,electric,16715.0,clean,other,ca,36.6,-121.88,medium
roswell / carlsbad,2008.0,ford,edge,gas,148738.0,clean,automatic,nm,32.302087,-104.398785,low
mobile,2016.0,nissan,nv1500 cargo van,gas,185193.0,clean,automatic,al,30.429711,-87.683198,medium
lincoln,2013.0,jeep,wrangler unlimited sahara,gas,129955.0,clean,automatic,ne,41.438779,-97.350467,high
salem,2018.0,toyota,tacoma,gas,39130.0,clean,automatic,or,45.382346,-122.605132,high
omaha / council bluffs,2014.0,ram,1500,gas,80126.0,clean,automatic,ia,41.424186,-96.499908,high
charleston,2015.0,other,Freightliner M2 106 Medium Duty,diesel,207548.0,clean,automatic,sc,40.468785,-74.281707,high
nashville,2013.0,ford,escape,gas,91780.0,clean,automatic,tn,35.842389,-86.391532,medium
battle creek,2009.0,chevrolet,avalanche,gas,160000.0,clean,automatic,mi,42.316052,-85.188374,medium
harrisburg,2011.0,volkswagen,touareg v6 tdi,diesel,107000.0,clean,automatic,pa,40.8598,-77.0553,medium
spokane / coeur d'alene,2006.0,ford,escape,gas,150000.0,clean,automatic,id,47.6634,-117.2193,low
mankato,2011.0,ram,1500,gas,62957.0,clean,automatic,mn,44.164936,-93.955269,medium
cincinnati,2018.0,volkswagen,tiguan 2.0t s 4motion,other,21025.0,clean,other,oh,39.09,-84.51,medium
great falls,2019.0,dodge,challenger sxt,gas,13227.0,clean,automatic,mt,47.696062,-116.781406,high
new york city,2012.0,lexus,ct 200h hybrid,hybrid,88673.0,clean,automatic,ny,40.7952,-74.4873,medium
greenville / upstate,2003.0,lexus,sc 430,gas,111307.0,clean,automatic,sc,34.586557,-83.761243,medium
nashville,2008.0,ford,f-350 super duty,diesel,216527.0,clean,automatic,tn,35.2093,-87.0393,medium
wenatchee,2000.0,mazda,b-series cab plus,gas,188550.0,clean,automatic,wa,47.490583,-120.167746,low
inland empire,1985.0,mercedes-benz,380sl,gas,124277.0,clean,automatic,ca,33.5631,-117.2738,medium
vermont,2014.0,subaru,outback limited,gas,97258.0,clean,automatic,vt,44.835178,-73.080196,medium
flint,2010.0,ford,f-150,gas,173500.0,clean,automatic,mi,43.1824,-84.1122,low
western slope,,other,Enclave,gas,10345.0,clean,automatic,co,39.674406,-104.998604,high
daytona beach,2015.0,other,Lamborghini Huracan,gas,33875.0,clean,other,fl,28.466088,-81.396429,high
tulsa,2012.0,ford,f-350 ext cab 6.7 diesel,diesel,156401.0,clean,automatic,ok,,,high
dallas / fort worth,2009.0,chevrolet,silverado 1500,gas,167521.0,clean,automatic,tx,32.993035,-96.970246,medium
fort collins / north CO,1994.0,chevrolet,silverado,gas,272000.0,clean,manual,co,40.4837,-104.8994,low
duluth / superior,2007.0,jeep,grand cherokee,gas,96600.0,clean,automatic,mn,46.8147,-92.1998,medium
indianapolis,2007.0,chevrolet,cc4500,gas,77581.0,clean,automatic,in,40.468785,-74.281707,high
des moines,2016.0,ford,focus,gas,53168.0,clean,automatic,ia,42.504823,-92.405569,low
knoxville,2011.0,dodge,challenger srt8 coupe 2d,gas,16796.0,clean,other,tn,35.97,-83.94,high
evansville,2018.0,kia,soul wagon 4d,gas,18805.0,clean,automatic,in,37.98,-87.54,medium
denver,1965.0,other,plymouth cuda,gas,81600.0,clean,automatic,co,41.124108,-101.717262,medium
boston,2016.0,audi,q5 2.0t premium plus,gas,103518.0,clean,automatic,ma,42.603904,-71.029671,medium
odessa / midland,2015.0,toyota,camry,gas,103369.0,clean,automatic,tx,32.343065,-102.553557,medium
yuba-sutter,2008.0,ford,f-150 xl,gas,217589.0,clean,automatic,ca,39.123441,-121.61144,low
birmingham,2018.0,nissan,frontier,gas,14570.0,clean,automatic,al,31.316064,-89.437114,high
"washington, DC",2015.0,volkswagen,golf tdi se hatchback,diesel,40502.0,clean,other,dc,38.87,-77.1,medium
greenville / upstate,2010.0,nissan,cube s,gas,136818.0,clean,manual,sc,34.700405,-82.471923,low
charlotte,1947.0,mercury,,gas,30000.0,clean,automatic,nc,33.6994,-78.9137,medium
modesto,2016.0,mazda,mazda3 i grand touring,gas,29588.0,clean,automatic,ca,33.779214,-84.411811,medium
space coast,1978.0,chevrolet,k20,gas,157000.0,clean,automatic,fl,28.6974,-80.8663,low
la crosse,2010.0,bmw,328xi xdrive coupe,gas,138677.0,clean,automatic,wi,44.843195,-91.550371,low
maine,2018.0,volkswagen,tiguan,gas,47480.0,clean,automatic,me,44.826407,-68.805028,medium
kennewick-pasco-richland,2020.0,nissan,versa sv,,24140.0,,other,wa,46.585652,-120.47858,medium
kalamazoo,2002.0,ram,2500 4x4,gas,160000.0,clean,automatic,mi,42.524645,-85.730782,low
boulder,2018.0,other,Genesis G80 3.8 Sedan 4D,gas,36138.0,clean,other,co,40.02104,-105.26465,high
gold country,1940.0,ford,f1,gas,12345.0,clean,automatic,ca,38.564012,-120.584837,low
wichita,2017.0,ford,escape,gas,68839.0,clean,automatic,ks,35.199,-97.4841,medium
bakersfield,2016.0,chevrolet,silverado 3500 ltz,diesel,71159.0,clean,automatic,ca,33.3917,-111.9249,high
inland empire,2017.0,mercedes-benz,benz e300,gas,47009.0,clean,automatic,ca,34.1426,-117.2606,high
chicago,2006.0,other,international 4300,diesel,283466.0,clean,manual,il,41.5094,-87.8248,low
greensboro,2013.0,bmw,3 series 328i,other,102005.0,clean,automatic,nc,35.868478,-78.722355,medium
tampa bay area,2009.0,mercury,grand marquis flex fuel,gas,96000.0,clean,automatic,fl,27.872101,-82.728596,low
grand rapids,2009.0,rover,lr2 hse,gas,179000.0,clean,automatic,mi,42.851055,-83.45119,low
winchester,2019.0,ram,1500 classic regular cab,gas,12302.0,clean,other,va,39.17,-78.17,high
new orleans,2013.0,jeep,wrangler unlimited,gas,116038.0,clean,manual,la,29.503215,-95.092042,high
boston,2017.0,jeep,wrangler unlimited sport,gas,30041.0,clean,other,ma,42.37,-71.11,high
santa fe / taos,2014.0,nissan,titan crew cab,gas,92257.0,clean,automatic,nm,35.1104,-106.5781,high
louisville,2010.0,dodge,journey,gas,1000.0,clean,automatic,ky,38.1442,-85.6265,low
eugene,2013.0,ford,c-max energi se,hybrid,118278.0,clean,automatic,or,44.045127,-123.043674,medium
SF bay area,2018.0,bmw,4 series 430i xdrive coupe,gas,32944.0,clean,other,ca,37.81,-122.3,high
waterloo / cedar falls,2016.0,ford,edge sel,gas,130000.0,clean,automatic,ia,42.740738,-93.202465,medium
greensboro,2013.0,ford,taurus,gas,94875.0,clean,automatic,nc,35.4837,-80.9898,medium
western slope,2013.0,hyundai,sonata 4dr sdn 2.4l auto limited,,117773.0,clean,automatic,co,39.081944,-108.588542,medium
saginaw-midland-baycity,2011.0,kia,rio lx,gas,134000.0,clean,automatic,mi,43.624099,-83.898221,low
columbia,2013.0,lexus,ls 460 l sedan 4d,gas,60271.0,clean,automatic,sc,34.0,-81.03,high
albany,2015.0,ford,super duty f-550 drw,diesel,152701.0,clean,automatic,ny,40.468785,-74.281707,high
eastern panhandle,2010.0,ram,1500 slt,gas,102362.0,clean,automatic,wv,39.58787,-78.24936,medium
"st louis, MO",2011.0,ford,edge limited,gas,159420.0,clean,automatic,il,38.9897,-90.8213,medium
baton rouge,2016.0,gmc,sierra 2500 hd double cab,gas,23190.0,clean,other,la,30.44,-91.12,high
watertown,2014.0,kia,sorento lx,gas,130746.0,clean,automatic,ny,43.461491,-76.454716,medium
rochester,2013.0,toyota,prius,hybrid,97642.0,clean,automatic,ny,43.2196,-77.4616,low
eugene,2011.0,nissan,sentra,gas,111088.0,clean,automatic,or,45.523091,-122.578615,low
lancaster,2012.0,jeep,patriot,,95674.0,,,pa,41.26154,-78.70452,low
des moines,2014.0,ford,mustang,gas,72349.0,clean,automatic,ia,39.0299,-96.8396,high
monroe,2020.0,cadillac,xt4 sport suv 4d,other,5261.0,clean,other,mi,41.91,-83.38,high
la crosse,2016.0,chevrolet,cruze limited 1lt,gas,7076.0,clean,automatic,wi,43.82,-91.23,medium
"quad cities, IA/IL",2013.0,chevrolet,express passenger,gas,92274.0,clean,automatic,il,45.553434,-94.231841,high
cleveland,2017.0,nissan,rogue,gas,55553.0,clean,automatic,oh,40.980404,-81.494766,medium
grand rapids,2014.0,jeep,wrangler unlimited sahara,gas,121475.0,clean,automatic,mi,43.0348,-83.5268,high
denver,2006.0,subaru,impreza,gas,193000.0,clean,manual,co,39.8302,-105.037,low
appleton-oshkosh-FDL,2019.0,lincoln,navigator,gas,15231.0,rebuilt,automatic,wi,44.252183,-88.867035,high
philadelphia,2018.0,ford,ecosport ses 4wd,gas,34500.0,rebuilt,automatic,pa,40.1284,-75.0607,medium
oklahoma city,2010.0,toyota,fj cruiser,gas,156781.0,clean,automatic,ok,35.681785,-97.406845,high
tyler / east TX,2004.0,toyota,highlander,gas,171000.0,clean,automatic,tx,32.3254,-95.2922,low
fayetteville,1934.0,chevrolet,3-window coupe,gas,50000.0,clean,manual,nc,34.9549,-78.7408,high
baltimore,1932.0,ford,,gas,8000.0,clean,automatic,md,39.6618,-76.5666,medium
northern michigan,2009.0,ford,escape,gas,174988.0,clean,automatic,mi,43.1824,-84.1122,low
des moines,2017.0,ford,f250 lariat 4x4 diesel,diesel,160867.0,clean,automatic,ia,30.663,-97.9316,high
houston,2014.0,chevrolet,impala,gas,92532.0,clean,automatic,tx,29.72156,-95.524841,medium
saginaw-midland-baycity,2009.0,jeep,liberty,gas,144000.0,clean,automatic,mi,42.8409,-83.4288,low
dallas / fort worth,2006.0,jeep,wrangler lj unlimited,gas,96000.0,rebuilt,automatic,tx,36.0927,-96.3576,high
delaware,2014.0,ford,f150 super cab xlt pickup,other,36038.0,clean,other,de,33.779214,-84.411811,high
lexington,2011.0,ram,1500,gas,159693.0,clean,automatic,ky,39.254962,-84.107453,medium
dallas / fort worth,1989.0,chevrolet,k30 crew cab dually,gas,102657.0,clean,automatic,tx,38.6269,-95.8303,high
"kansas city, MO",2015.0,hyundai,genesis coupe 3.8 2d,gas,20346.0,clean,other,ks,39.09,-94.58,high
albany,2015.0,hyundai,genesis 3.8 sedan 4d,gas,30992.0,clean,other,ny,42.66,-73.79,medium
omaha / council bluffs,,other,Envision,,8492.0,rebuilt,automatic,ia,41.207382,-96.023096,high
cedar rapids,2008.0,ford,f450 xl,gas,79000.0,clean,automatic,ia,42.118369,-88.435993,high
myrtle beach,2008.0,volkswagen,new beetle,gas,165658.0,clean,automatic,sc,33.636663,-78.993225,low
oklahoma city,2018.0,kia,niro lx wagon 4d,other,21036.0,clean,other,ok,35.46,-97.51,medium
bellingham,2012.0,infiniti,fx35 base,gas,110302.0,clean,automatic,wa,48.7535,-122.469,medium
tyler / east TX,2013.0,lincoln,mks,gas,65341.0,clean,automatic,tx,32.93166,-96.746452,medium
phoenix,1993.0,jeep,grand cherokee,gas,150000.0,clean,automatic,az,33.3105,-111.8239,low
orange county,2010.0,mercedes-benz,e-class,gas,68421.0,clean,automatic,ca,33.875577,-117.570384,medium
parkersburg-marietta,2008.0,toyota,tacoma,gas,190000.0,clean,automatic,oh,39.215718,-81.682148,medium
south jersey,2007.0,audi,a4 2.0t,gas,99600.0,clean,automatic,nj,39.7068,-75.1172,low
lansing,2001.0,cadillac,eldorado,gas,153410.0,clean,automatic,mi,42.7008,-84.549,low
central NJ,2000.0,other,Freightliner,diesel,189445.0,clean,manual,nj,40.3182,-74.2639,medium
new hampshire,2010.0,toyota,tundra,gas,108000.0,clean,automatic,nh,43.188723,-71.504929,medium
reno / tahoe,2004.0,gmc,sierra 2500hd,diesel,66859.0,clean,automatic,ca,39.494492,-119.78862,high
billings,1995.0,toyota,land cruiser,gas,255961.0,clean,automatic,mt,48.9372,-122.4592,medium
pueblo,2008.0,chevrolet,tahoe,gas,180000.0,clean,automatic,co,38.298339,-104.616024,medium
indianapolis,2008.0,chevrolet,silverado lt 4x4,gas,164320.0,clean,automatic,in,39.684494,-86.133156,medium
portland,2001.0,toyota,camry,gas,155000.0,clean,automatic,or,45.484,-122.6365,low
baton rouge,2007.0,toyota,tundra sr5,gas,200409.0,clean,automatic,la,30.269912,-90.942202,medium
new hampshire,2013.0,mercedes-benz,c-class,gas,111459.0,clean,automatic,nh,43.223806,-71.319738,medium
oklahoma city,2013.0,lexus,rx350,gas,87000.0,clean,automatic,ok,35.465221,-97.370779,low
gainesville,1998.0,chevrolet,corvette,gas,39000.0,clean,manual,fl,28.5644,-81.8745,medium
minneapolis / st paul,2018.0,ford,escape,gas,38778.0,clean,automatic,mn,45.061068,-93.038067,medium
phoenix,2011.0,honda,accord,gas,96504.0,clean,automatic,az,33.277771,-111.731454,medium
minneapolis / st paul,2016.0,toyota,prius two,hybrid,50699.0,rebuilt,automatic,mn,45.138016,-93.23349,medium
rochester,2012.0,infiniti,g 37 x awd,gas,64500.0,clean,automatic,ny,43.223152,-77.842809,medium
hartford,1951.0,chevrolet,3100 truck,gas,90000.0,clean,automatic,ct,41.5662,-72.3441,medium
central NJ,2003.0,ford,f-450 super duty,diesel,100000.0,clean,automatic,nj,40.2197,-74.5939,low
seattle-tacoma,2008.0,rover,,gas,122450.0,clean,automatic,wa,47.046295,-122.866789,medium
cincinnati,2006.0,pontiac,g6 gt,gas,150000.0,clean,automatic,oh,39.5151,-84.3983,low
minneapolis / st paul,2016.0,ford,transit connect van,gas,85019.0,clean,automatic,mn,44.92553,-93.38926,medium
chattanooga,2013.0,mercedes-benz,glk,diesel,74315.0,clean,automatic,tn,,,medium
mobile,2021.0,toyota,tacoma 4wd,gas,1582.0,clean,automatic,al,31.316064,-89.437114,high
south florida,2014.0,toyota,tundra sr5,gas,100592.0,clean,automatic,fl,26.1122,-80.2264,medium
charleston,2011.0,toyota,4runner,gas,133230.0,clean,automatic,wv,39.33461,-82.949321,medium
buffalo,2009.0,hyundai,santa fe limited,gas,139000.0,clean,automatic,ny,43.098456,-78.928662,low
elmira-corning,2016.0,dodge,grand caravan wheelchair,other,26310.0,clean,automatic,ny,43.220454,-77.819038,high
flint,2016.0,honda,hr-v,gas,37592.0,clean,automatic,mi,43.1824,-84.1122,medium
new haven,2015.0,porsche,boxster roadster 2d,other,61163.0,clean,other,ct,41.31,-72.92,high
charleston,2010.0,cadillac,escalade,other,195851.0,clean,automatic,wv,38.8976,-77.5092,medium
central NJ,2017.0,nissan,altima,gas,74406.0,clean,automatic,nj,40.923344,-74.143356,medium
central louisiana,2019.0,mini,t campervan rv,gas,29288.0,clean,automatic,la,44.1202,-94.2184,high
saginaw-midland-baycity,2010.0,ford,f-150,gas,176530.0,clean,automatic,mi,43.1824,-84.1122,medium
harrisburg,2019.0,chevrolet,silverado 1500 ld,other,6897.0,clean,other,pa,40.27,-76.88,high
inland empire,2011.0,honda,pilot,gas,159953.0,clean,automatic,ca,34.090791,-117.907439,low
wenatchee,2016.0,jeep,grand cherokee srt 4x4 gas,gas,52272.0,clean,automatic,wa,47.839605,-122.302203,high
flint,2016.0,lincoln,mkz,gas,138932.0,clean,automatic,mi,43.1824,-84.1122,medium
spokane / coeur d'alene,2016.0,gmc,sierra 2500 denali,diesel,39593.0,clean,automatic,id,47.6584,-117.1568,high
pullman / moscow,2008.0,rover,lr2,gas,,clean,automatic,id,46.8061,-116.5238,low
huntsville / decatur,2008.0,other,HUMMER H2,gas,143504.0,clean,automatic,al,35.839758,-86.387046,high
raleigh / durham / CH,2014.0,kia,optima ex,gas,105000.0,clean,automatic,nc,,,medium
ocala,2013.0,acura,rdx tech pkg,gas,91000.0,clean,automatic,fl,29.1159,-82.2422,medium
danville,2005.0,chrysler,town and country,gas,136000.0,clean,automatic,va,36.6871,-79.8691,low
tyler / east TX,2019.0,chevrolet,silverado 1500 ld,other,6897.0,clean,other,tx,32.32,-95.3,high
maine,2011.0,honda,civic,gas,103425.0,clean,automatic,me,43.512453,-71.495848,low
los angeles,2013.0,nissan,versa,gas,65895.0,clean,automatic,ca,34.1951,-118.4299,low
southeast alaska,2017.0,chevrolet,bolt ev,electric,36991.0,clean,automatic,ak,58.3628,-134.5294,medium
chicago,2019.0,volkswagen,golf gti rabbit,gas,9729.0,clean,other,il,41.53,-87.26,high
wyoming,2008.0,gmc,yukon denali,gas,152539.0,lien,automatic,wy,41.312058,-105.592369,medium
indianapolis,2010.0,mazda,mazda5 grand touring,gas,76194.0,clean,other,in,39.77,-86.14,medium
flint,2002.0,chevrolet,silverado 2500hd,gas,147133.0,clean,automatic,mi,42.85038,-83.658142,low
albany,2009.0,pontiac,vibe,gas,156590.0,clean,automatic,ny,42.638,-73.6109,low
lakeland,2020.0,jaguar,e-pace p250 sport utility,other,1372.0,clean,other,fl,28.04,-81.96,high
portland,1986.0,toyota,pickup,gas,274514.0,clean,manual,or,45.42225,-122.632908,low
new hampshire,2017.0,nissan,titan,gas,74259.0,clean,automatic,nh,42.914352,-71.389906,high
rockford,2013.0,chevrolet,silverado 1500 crew,other,72203.0,clean,other,il,42.27,-89.06,high
detroit metro,2012.0,ford,edge limited wagon,gas,126821.0,,automatic,mi,42.568136,-83.813674,medium
spokane / coeur d'alene,2017.0,gmc,yukon,gas,97448.0,clean,automatic,id,47.670516,-117.115266,high
detroit metro,2016.0,subaru,legacy 3.6r limited,gas,37000.0,rebuilt,automatic,mi,42.3349,-83.1801,medium
green bay,2009.0,gmc,acadia sle fwd,gas,205025.0,clean,automatic,wi,44.610504,-88.049143,low
new hampshire,2012.0,gmc,yukon slt,gas,156.0,clean,automatic,nh,43.628005,-71.451817,medium
fayetteville,2020.0,mitsubishi,outlander sport,gas,16441.0,clean,other,ar,38.4018,-93.785,medium
las vegas,2018.0,chevrolet,equinox,gas,41686.0,clean,automatic,nv,36.05498,-115.02874,medium
northern WI,2014.0,chevrolet,tahoe,gas,115000.0,clean,automatic,wi,42.1254,-87.8465,medium
milwaukee,2016.0,ram,4500,diesel,17619.0,clean,automatic,wi,40.468785,-74.281707,high
saginaw-midland-baycity,2016.0,mercedes-benz,c-class,gas,60700.0,clean,other,mi,43.341,-83.7475,high
mansfield,2013.0,lexus,ls 460 sedan 4d,gas,33570.0,clean,other,oh,40.76,-82.52,high
north jersey,2015.0,chevrolet,impala,gas,60176.0,clean,automatic,nj,40.2043,-74.1779,medium
waterloo / cedar falls,2013.0,ford,taurus sho,gas,101000.0,clean,automatic,ia,42.9519,-91.6427,medium
tampa bay area,2019.0,volkswagen,jetta gli autobahn,gas,15130.0,clean,other,fl,28.44,-82.56,high
yakima,2015.0,ford,super duty f-350 srw,diesel,125074.0,clean,automatic,wa,47.81247,-122.32164,high
wenatchee,2020.0,dodge,durango r/t awd gas suv,gas,23279.0,clean,automatic,wa,47.839605,-122.302203,high
muskegon,2011.0,dodge,grand caravan,gas,154726.0,clean,automatic,mi,43.1824,-84.1122,low
phoenix,2019.0,ford,f-150 xlt 2wd supercrew 5.5,other,34214.0,clean,other,az,33.3887,-111.8428,high
eastern CO,2003.0,chevrolet,trailblazer,gas,136000.0,clean,automatic,co,40.637,-102.8688,low
the thumb,2019.0,ram,1500 classic regular cab,gas,12302.0,clean,other,mi,33.779214,-84.411811,high
baltimore,2012.0,lexus,rx,hybrid,202411.0,clean,automatic,md,38.62354,-76.90685,medium
upper peninsula,2006.0,ford,f150 super cab stx 4x4,gas,138456.0,clean,automatic,mi,46.4387,-87.7091,low
lehigh valley,2007.0,ford,freestyle selwagon,gas,188234.0,,automatic,pa,40.617325,-75.441437,low
san luis obispo,2014.0,jeep,wrangler unlimited,gas,106176.0,clean,automatic,ca,35.267013,-120.670023,high
spokane / coeur d'alene,2014.0,buick,verano,other,129425.0,clean,automatic,id,47.656773,-117.218613,low
binghamton,2010.0,chevrolet,malibu ls,gas,94100.0,clean,automatic,ny,42.095255,-75.893253,low
saginaw-midland-baycity,2014.0,rover,,gas,139000.0,clean,automatic,mi,43.6376,-84.268,medium
pittsburgh,2009.0,lexus,es 350 luxury package,gas,115000.0,clean,automatic,pa,40.2706,-80.1668,medium
rhode island,2007.0,honda,civic,gas,139600.0,salvage,automatic,ri,41.7256,-71.2702,low
el paso,2004.0,chevrolet,trailblazer,gas,183000.0,clean,automatic,tx,31.8533,-106.4381,low
los angeles,2008.0,gmc,sierra 1500,gas,143000.0,salvage,automatic,ca,33.8748,-118.2402,medium
louisville,1966.0,ford,mustang,gas,80000.0,missing,automatic,ky,38.2162,-85.2243,low
new orleans,1991.0,ford,mustang,gas,39244.0,clean,automatic,la,33.6372,-96.6184,high
winston-salem,2013.0,bmw,x3,gas,106152.0,clean,automatic,nc,,,medium
albany,2013.0,honda,civic sdn,gas,103255.0,clean,automatic,ny,42.777828,-73.74899,low
salem,2019.0,ford,flex,gas,31262.0,clean,automatic,or,44.039006,-121.303704,high
rhode island,2011.0,chevrolet,traverse,gas,119997.0,clean,automatic,ri,41.666672,-70.300985,medium
bend,2017.0,ford,edge,gas,30279.0,clean,automatic,or,44.039006,-121.303704,high
mohave county,1985.0,cadillac,seville,gas,85000.0,clean,automatic,az,34.4814,-114.3483,low
nashville,2010.0,lexus,rx 350,gas,171166.0,clean,automatic,tn,36.112963,-86.74685,medium
oklahoma city,2017.0,hyundai,sonata,gas,122033.0,clean,automatic,ok,35.435501,-97.518547,medium
el paso,2010.0,other,INTERNATIONAL IC,,134385.0,,automatic,tx,43.008105,-74.352011,low
olympic peninsula,2017.0,honda,hr-v,gas,33485.0,clean,manual,wa,47.1991,-122.3151,high
baltimore,2006.0,lincoln,zephyr,gas,206089.0,clean,other,md,39.433086,-76.343119,low
east oregon,2017.0,nissan,murano,gas,59668.0,clean,automatic,or,46.24078,-119.12479,high
hudson valley,1990.0,ford,country squire ltd,gas,89000.0,clean,automatic,ny,41.5749,-73.5948,low
boise,2013.0,hyundai,elantra limited,gas,100185.0,clean,automatic,id,43.618654,-116.269821,low
central NJ,2018.0,mazda,cx-5,gas,43590.0,clean,automatic,nj,40.2043,-74.1779,high
chico,2015.0,cadillac,escalade,gas,130685.0,clean,automatic,ca,38.605011,-121.401917,high
boston,2008.0,honda,cr-v,gas,117500.0,salvage,automatic,ma,42.707,-71.1631,low
montgomery,2019.0,nissan,frontier crew cab sv,other,21939.0,clean,other,al,32.35,-86.28,high
phoenix,2016.0,kia,soul,gas,64417.0,clean,automatic,az,33.327848,-111.841594,medium
milwaukee,2016.0,toyota,tacoma,gas,34800.0,clean,automatic,wi,42.364188,-87.864796,high
chicago,2013.0,chevrolet,impala,gas,162000.0,clean,automatic,il,42.0384,-88.2606,low
lewiston / clarkston,2006.0,ford,expedition,gas,192826.0,clean,automatic,id,47.692931,-117.411632,low
richmond,2018.0,acura,mdx sh-awd sport utility,gas,34605.0,clean,other,va,37.55,-77.46,high
south jersey,2009.0,nissan,altima,gas,133828.0,clean,other,nj,40.40825,-74.372882,low
holland,2007.0,jeep,commander limited,gas,132400.0,clean,automatic,mi,42.804907,-86.071379,low
albany,2015.0,honda,accord lx,gas,81000.0,clean,automatic,ny,42.805226,-73.919522,medium
lehigh valley,2011.0,nissan,versa,gas,168000.0,clean,automatic,pa,40.616946,-75.441782,low
huntsville / decatur,,other,Series,gas,14000.0,clean,automatic,al,33.669601,-86.817617,high
st cloud,2016.0,chevrolet,express cargo,gas,115609.0,clean,automatic,mn,45.547556,-94.191288,medium
baltimore,2011.0,bmw,z4 sdrive35is roadster 2d,other,45858.0,clean,other,md,39.3,-76.61,high
wausau,2016.0,other,Scion iM Hatchback 4D,other,41036.0,clean,other,wi,44.96,-89.64,medium
wichita,1997.0,chevrolet,corvette,gas,65000.0,clean,automatic,ks,37.736856,-97.335913,medium
south bend / michiana,2018.0,audi,a4 allroad premium wagon 4d,gas,28162.0,clean,other,in,41.67,-86.26,high
tucson,1928.0,other,1928 Crysler,gas,100.0,clean,automatic,az,32.188659,-110.769482,low
"washington, DC",2016.0,jeep,grand cherokee,gas,77250.0,clean,automatic,dc,38.91706,-77.46975,medium
akron / canton,2019.0,chevrolet,,gas,100000.0,clean,automatic,oh,40.8465,-81.4408,high
kalamazoo,2013.0,chrysler,town & country,gas,116893.0,clean,automatic,mi,42.283725,-85.531691,medium
baltimore,2011.0,ford,e350 xlt,gas,1.0,clean,automatic,md,39.124,-76.488,low
winston-salem,1960.0,ford,f-100,gas,50.0,clean,manual,nc,36.3339,-80.4391,medium
el paso,2004.0,honda,civic,gas,169000.0,clean,automatic,tx,31.7432,-106.3686,low
"st louis, MO",2012.0,ford,f-150,gas,80198.0,clean,automatic,il,38.802769,-90.75457,high
greenville / upstate,2019.0,nissan,sentra sv special edition,gas,1878.0,rebuilt,automatic,sc,34.882705,-82.013799,medium
spokane / coeur d'alene,2018.0,buick,encore,gas,14541.0,clean,automatic,id,47.664705,-117.310362,medium
fargo / moorhead,2013.0,chevrolet,silverado 2500hd 4x4 ex-cab short box,diesel,108578.0,clean,automatic,mn,45.527739,-94.091488,high
SF bay area,1966.0,chevrolet,chevelle,gas,42000.0,clean,automatic,ca,37.9864,-122.135,high
"kansas city, MO",1923.0,ford,t-bucket,gas,15000.0,clean,automatic,ks,38.9829,-93.9757,medium
salem,2000.0,lexus,rx 300 awd,gas,271468.0,clean,automatic,or,45.5959,-122.3104,low
pittsburgh,2015.0,gmc,sierra 3500hd,gas,94042.0,clean,automatic,pa,40.833834,-81.338867,high
"kansas city, MO",2011.0,honda,accord,gas,100000.0,clean,automatic,ks,39.0417,-94.7202,low
charlotte,2013.0,toyota,camry xle,gas,115850.0,clean,automatic,nc,35.180234,-80.851135,medium
albuquerque,2000.0,dodge,stratus,gas,123897.0,clean,automatic,nm,35.271248,-106.642742,low
hartford,2015.0,jeep,wrangler,gas,100811.0,clean,automatic,ct,43.066264,-71.447,medium
columbus,1971.0,ford,f-250,other,88377.0,clean,manual,oh,41.124422,-81.8943,low
detroit metro,2010.0,chevrolet,traverse,gas,1.0,clean,automatic,mi,42.44861,-83.0302,low
roanoke,2014.0,bmw,3 series,hybrid,102792.0,clean,automatic,va,,,medium
daytona beach,2008.0,saturn,sky redline turbo,gas,76553.0,clean,automatic,fl,27.234099,-80.829894,medium
memphis,2000.0,lexus,lx 470,gas,253367.0,clean,automatic,tn,35.077834,-89.88533,medium
bellingham,2017.0,jeep,cherokee,gas,14293.0,clean,automatic,wa,48.756909,-122.452132,high
albany,2009.0,ford,f350,diesel,245500.0,clean,automatic,ny,42.467138,-74.12386,low
tyler / east TX,2017.0,ford,expedition xlt sport,gas,70760.0,clean,other,tx,32.32,-95.3,high
anchorage / mat-su,2014.0,bmw,x1 xdrive28i,gas,37615.0,clean,automatic,ak,61.2116,-149.8761,medium
boise,2019.0,ford,lifted f150 xlt 4x4 1/2 ton,gas,19097.0,clean,automatic,id,43.61974,-116.29469,high
knoxville,2014.0,ford,transit connect,gas,35173.0,clean,automatic,tn,36.4641,-86.65828,medium
"washington, DC",2010.0,cadillac,srx-v6 luxury collection,gas,97604.0,clean,automatic,dc,38.759191,-77.453714,medium
santa barbara,2008.0,subaru,impreza,gas,176200.0,clean,automatic,ca,34.4369,-119.7285,low
jackson,2004.0,other,163869,gas,163869.0,clean,automatic,mi,43.186723,-84.163862,low
SF bay area,2015.0,toyota,avalon limited |,gas,71104.0,clean,automatic,ca,38.597222,-121.401933,medium
lakeland,2013.0,ford,f-350,other,204970.0,clean,automatic,fl,28.00853,-82.45974,high
yakima,2017.0,ford,explorer xlt,gas,98942.0,clean,automatic,wa,46.2538,-119.9157,high
cleveland,2013.0,dodge,challenger sxt,gas,100000.0,clean,manual,oh,41.040727,-81.43451,low
birmingham,2010.0,nissan,altima,gas,122584.0,,automatic,al,33.209789,-86.783493,low
south jersey,2012.0,hyundai,santa fe,gas,114989.0,clean,automatic,nj,40.185945,-74.749874,medium
boise,2015.0,rover,autobiography,gas,59100.0,clean,automatic,id,43.7069,-116.362,high
indianapolis,2006.0,honda,crv,gas,210000.0,clean,automatic,in,39.96423,-86.131693,low
jackson,2015.0,jeep,patriot sport,gas,73253.0,clean,automatic,ms,32.308492,-89.991803,medium
billings,2013.0,ford,f350 super duty,diesel,168000.0,clean,automatic,mt,45.763455,-108.576627,high
minneapolis / st paul,2019.0,ford,f150 regular cab xl pickup,gas,11751.0,clean,other,mn,44.98,-93.56,high
valdosta,2013.0,kia,optima ex,gas,111253.0,clean,automatic,ga,30.348,-81.5882,low
scranton / wilkes-barre,2008.0,mitsubishi,fuso fe145,diesel,70643.0,clean,automatic,pa,40.468785,-74.281707,high
colorado springs,2019.0,subaru,outback 2.5i wagon 4d,gas,16481.0,clean,other,co,38.82108,-104.82311,high
charlotte,2002.0,lincoln,town car,gas,125261.0,clean,automatic,nc,35.3247,-80.6594,low
binghamton,2012.0,jeep,patriot,gas,107684.0,clean,automatic,ny,42.06739,-76.10633,medium
corvallis/albany,2003.0,ford,excursion,diesel,193855.0,clean,automatic,or,45.382346,-122.605132,high
reno / tahoe,2011.0,chrysler,200,gas,135850.0,clean,automatic,ca,39.5473,-119.7556,low
roanoke,2014.0,mini,countryman,gas,45353.0,clean,manual,va,,,medium
salina,2020.0,nissan,rogue,gas,34133.0,clean,automatic,ks,38.827222,-97.598441,high
tulsa,2006.0,buick,lacrosse,gas,113884.0,clean,automatic,ok,36.146286,-95.761017,low
skagit / island / SJI,1979.0,other,mg mgb,gas,42000.0,clean,manual,wa,48.3643,-122.1403,medium
baton rouge,2011.0,ram,1500,gas,164817.0,clean,automatic,la,30.4558,-91.0596,medium
annapolis,2012.0,toyota,tacoma double cab pickup,gas,67245.0,clean,other,md,38.97,-76.5,high
joplin,2004.0,chevrolet,impala ls,gas,107000.0,clean,automatic,mo,37.08121,-94.513621,low
greensboro,2011.0,honda,cr-v ex-l,gas,107590.0,clean,automatic,nc,36.064059,-79.821682,medium
hawaii,2012.0,toyota,tacoma trd sport,gas,114000.0,clean,automatic,hi,20.977436,-156.67448,high
roanoke,2003.0,volkswagen,jetta gls,gas,123816.0,clean,automatic,va,38.315272,-77.474106,low
"st louis, MO",2019.0,chevrolet,camaro lt coupe 2d,gas,6727.0,clean,other,il,38.63,-90.24,high
macon / warner robins,2008.0,jeep,wrangler,gas,156000.0,clean,manual,ga,32.6057,-83.2454,medium
new hampshire,2010.0,ford,ranger,gas,109063.0,clean,automatic,nh,42.838576,-71.10688,medium
bozeman,2019.0,toyota,camry,gas,30001.0,clean,automatic,mt,47.7989,-116.7423,high
south florida,2012.0,ford,f-150,gas,95674.0,clean,automatic,fl,25.863241,-80.242914,low
yuba-sutter,2015.0,mercedes-benz,gla-class gla 45,gas,34811.0,clean,other,ca,39.05,-121.61,high
atlanta,2015.0,hyundai,santa fe sport utility,gas,46354.0,clean,other,ga,33.75,-84.39,medium
norfolk / hampton roads,2018.0,hyundai,elantra,gas,95647.0,clean,automatic,va,,,medium
pullman / moscow,2016.0,hyundai,santa fe,gas,112259.0,clean,automatic,id,47.692931,-117.411632,medium
kalispell,2017.0,toyota,prius,gas,40103.0,clean,automatic,mt,47.7989,-116.7423,medium
northwest GA,2016.0,ram,1500 big horn,gas,82000.0,clean,automatic,ga,34.0429,-85.0498,high
houston,2011.0,bmw,328i,gas,145000.0,clean,automatic,tx,29.717546,-95.671692,low
little rock,2011.0,nissan,sentra,gas,411.0,clean,automatic,ar,34.560046,-92.585841,low
prescott,2015.0,volkswagen,beetle 1.8t fleet,gas,39649.0,clean,other,az,34.62,-112.42,medium
redding,2007.0,ram,1500 quad cab,gas,157236.0,clean,automatic,ca,38.669027,-121.333868,medium
hartford,2010.0,audi,a6 3.0t quattro sedan 4d,gas,75159.0,clean,other,ct,41.76,-72.68,medium
st cloud,2017.0,cadillac,cts 2.0 luxury sedan 4d,other,20155.0,clean,other,mn,45.55,-94.22,high
new hampshire,2004.0,jeep,grand cherokee laredo 4x4,gas,103000.0,clean,automatic,nh,43.037922,-71.43319,low
boston,2017.0,nissan,murano sv sport utility,gas,21232.0,clean,other,ma,42.37,-71.11,high
mohave county,1969.0,jeep,cj5,gas,10600.0,clean,manual,az,33.5085,-117.6565,medium
columbia / jeff city,2020.0,chevrolet,silverado 3500hd,gas,98880.0,clean,automatic,mo,38.382623,-93.77344,high
rochester,2016.0,ford,f-150 platinum crew cab 4x4,gas,52319.0,clean,automatic,mn,44.8346,-91.5159,high
oklahoma city,2013.0,fiat,500c,gas,76000.0,clean,automatic,ok,35.5835,-97.5638,medium
des moines,2000.0,jeep,grand cherokee,gas,195523.0,clean,automatic,ia,41.627425,-93.65186,low
medford-ashland,2011.0,bmw,3-series,gas,90000.0,clean,automatic,or,42.337607,-122.880052,medium
wenatchee,2013.0,jeep,grand cherokee laredo 4x4,gas,107405.0,clean,automatic,wa,47.839605,-122.302203,medium
albany,2016.0,chevrolet,silverado 2500hd,gas,56243.0,clean,automatic,ny,42.598179,-73.708295,high
erie,2010.0,mercedes-benz,-benz e350,gas,128300.0,clean,automatic,pa,42.0738,-80.1484,medium
asheville,2014.0,jeep,wrangler unlimited,gas,91123.0,clean,automatic,nc,35.325853,-82.465413,high
fayetteville,2015.0,lexus,rc 350,gas,70908.0,clean,automatic,ar,38.4018,-93.785,high
helena,2017.0,ford,edge sel awd,gas,87190.0,clean,automatic,mt,45.6546,-110.5609,medium
yuba-sutter,2017.0,cadillac,xts luxury,gas,75319.0,clean,automatic,ca,38.610767,-121.422557,medium
milwaukee,2008.0,chevrolet,cobalt,gas,200000.0,clean,manual,wi,42.66931,-88.580017,low
watertown,2015.0,mercedes-benz,gla-class gla 45,gas,34811.0,clean,other,ny,43.97,-75.91,high
hudson valley,2012.0,subaru,impreza sport,gas,103000.0,clean,automatic,ny,41.5372,-74.0526,low
mason city,2018.0,alfa-romeo,romeo stelvio ti sport,gas,16493.0,clean,other,ia,33.7865,-84.4454,high
moses lake,2015.0,jeep,wrangler unlimited sahara,gas,79736.0,clean,automatic,wa,46.234838,-119.128015,high
orlando,2008.0,mercedes-benz,benz c350,gas,126000.0,clean,automatic,fl,28.514,-81.357,low
sioux city,2012.0,ford,f250 super duty,gas,149000.0,clean,automatic,ia,42.511554,-96.387567,medium
kennewick-pasco-richland,2018.0,ford,f150 lariat 4x4 1/2 ton gas,gas,39202.0,clean,automatic,wa,46.234838,-119.128015,high
erie,2012.0,lexus,ct,hybrid,163275.0,clean,automatic,pa,41.8018,-81.048149,low
corpus christi,2019.0,mazda,cx-5,gas,42003.0,clean,automatic,tx,27.65787,-97.479816,high
western massachusetts,2013.0,toyota,rav4,gas,126172.0,clean,automatic,ma,42.145814,-72.490575,low
jacksonville,2014.0,buick,enclave,gas,117276.0,clean,automatic,fl,30.224282,-81.737588,medium
richmond,2006.0,chevrolet,express cargo van,diesel,134296.0,clean,automatic,va,40.468785,-74.281707,medium
ann arbor,2010.0,dodge,grand caravan,gas,152296.0,clean,automatic,mi,43.1824,-84.1122,low
new hampshire,2012.0,hyundai,genesis coupe,gas,95000.0,clean,automatic,nh,43.188723,-71.504929,medium
boise,2017.0,toyota,lifted tundra sr5 4x4 gas,gas,87784.0,clean,automatic,id,43.61974,-116.29469,high
springfield,2015.0,bmw,7 series,gas,100850.0,clean,automatic,il,38.7023,-90.3644,high
albany,2017.0,ram,1500 crew cab big horn,gas,19092.0,clean,other,ny,42.66,-73.79,high
columbus,2016.0,ram,1500 slt,gas,65669.0,clean,automatic,oh,39.884989,-82.967588,high
richmond,2011.0,bmw,328i,gas,90381.0,clean,automatic,va,37.582503,-77.492809,medium
cincinnati,2018.0,cadillac,xt5 luxury sport,gas,29437.0,clean,other,oh,39.09,-84.51,high
kennewick-pasco-richland,2017.0,ford,lifted f250 powerstroke,diesel,15796.0,clean,automatic,wa,46.234838,-119.128015,high
phoenix,2013.0,nissan,pathfinder,gas,126000.0,clean,automatic,az,33.3665,-111.9312,medium
fargo / moorhead,2017.0,ram,1500,gas,84206.0,clean,automatic,mn,46.590185,-95.57469,high
jackson,2013.0,gmc,yukon,gas,115232.0,clean,automatic,tn,35.172002,-89.943849,medium
bellingham,2006.0,subaru,impreza 2.5i sport wagon 4d,gas,160000.0,,automatic,wa,48.901032,-122.485109,low
nashville,2007.0,toyota,camary se v6,gas,242000.0,clean,automatic,tn,36.130804,-86.509266,low
kirksville,2018.0,alfa-romeo,romeo stelvio sport suv 4d,other,21943.0,clean,other,mo,33.779214,-84.411811,high
minneapolis / st paul,2007.0,ford,f150 xlt 4wd,gas,163000.0,clean,automatic,mn,45.016327,-93.247567,low
meadville,2018.0,alfa-romeo,romeo stelvio ti sport,other,19337.0,clean,other,pa,41.64,-80.14,high
hawaii,2004.0,toyota,sienna,gas,128748.0,clean,automatic,hi,21.494467,-158.029819,low
eugene,2006.0,volvo,s60,gas,119074.0,clean,automatic,or,44.05294,-123.11188,low
colorado springs,1983.0,mercedes-benz,benz,diesel,150000.0,clean,automatic,co,38.852,-104.7735,low
chattanooga,2014.0,ram,1500 crew cab big horn,other,47811.0,clean,other,tn,35.06,-85.25,high
fresno / madera,2006.0,chevrolet,silverado 2500hd,gas,122000.0,clean,automatic,ca,38.614287,-121.270495,high
boise,2016.0,gmc,sierra 1500 4x4,gas,107181.0,clean,automatic,id,43.642084,-116.266757,high
gold country,2014.0,ford,transit connect cargo,gas,100999.0,clean,automatic,ca,38.608824,-121.400837,medium
omaha / council bluffs,2015.0,jeep,cherokee,gas,73978.0,,automatic,ia,41.229172,-95.852118,medium
duluth / superior,2009.0,ford,taurus,gas,136000.0,clean,automatic,mn,46.83486,-92.207404,low
san luis obispo,2012.0,gmc,sierra,diesel,129847.0,clean,automatic,ca,35.4991,-120.68236,high
toledo,2014.0,acura,mdx sh-awd sport utility,gas,62390.0,clean,other,oh,41.66,-83.58,high
madison,2020.0,infiniti,q50 3.0t sport sedan 4d,other,7720.0,clean,other,wi,43.07,-89.38,high
bellingham,2018.0,ford,f150 lariat sport 4x4 gas,gas,52710.0,clean,automatic,wa,47.839605,-122.302203,high
bozeman,2018.0,ford,f-150,gas,51994.0,clean,automatic,mt,45.735902,-111.184215,high
colorado springs,2016.0,ford,fusion,other,39251.0,clean,automatic,co,39.71087,-105.00285,medium
las vegas,2012.0,hyundai,,diesel,27000.0,clean,other,nv,36.380669,-115.506876,medium
humboldt county,2017.0,ford,f350 super duty,diesel,81000.0,clean,automatic,ca,40.9484,-123.6276,high
yuba-sutter,2008.0,chrysler,pt cruiser,gas,103398.0,clean,automatic,ca,39.123441,-121.61144,low
boston,2014.0,jeep,wrangler,gas,48161.0,clean,automatic,ma,42.49675,-71.06965,high
austin,2013.0,bmw,1 series 135i coupe 2d,other,24394.0,clean,other,tx,30.26,-97.74,high
rochester,1928.0,ford,sport coupe,gas,2520.0,clean,automatic,ny,43.273081,-77.795563,high
new hampshire,2018.0,subaru,forester,gas,18086.0,clean,automatic,nh,42.68101,-71.42583,high
milwaukee,1996.0,other,Peterbilt 379,other,283466.0,clean,manual,wi,40.733801,-111.913084,high
oklahoma city,2015.0,jeep,patriot sport,gas,63733.0,clean,automatic,ok,34.1566,-97.1792,medium
salem,2013.0,dodge,charger,gas,170939.0,clean,automatic,or,44.931499,-122.9836,medium
lansing,2020.0,chevrolet,express g2500,gas,20500.0,clean,automatic,mi,42.914295,-83.755627,high
knoxville,2014.0,buick,encore,gas,82777.0,clean,automatic,tn,35.91884,-84.073835,medium
new hampshire,2013.0,subaru,forester,gas,117000.0,clean,automatic,nh,43.188723,-71.504929,low
phoenix,2020.0,ram,1500 classic crew cab slt,gas,20042.0,clean,other,az,33.5,-112.05,high
raleigh / durham / CH,2017.0,ford,super duty f-550 drw,diesel,31337.0,clean,automatic,nc,40.468785,-74.281707,high
greenville / upstate,2016.0,ram,3500 laramie,diesel,1.0,clean,automatic,sc,36.1165,-80.0831,high
"kansas city, MO",2011.0,honda,odyssey,gas,117420.0,rebuilt,automatic,ks,38.8982,-94.7049,low
richmond,1997.0,honda,accord,gas,283466.0,clean,manual,va,36.7124,-78.1534,low
cincinnati,2008.0,chevrolet,cobalt lt2 sedan,gas,117310.0,clean,automatic,oh,39.198076,-84.737013,low
grand island,2007.0,chevrolet,impala ls,gas,143849.0,clean,automatic,ne,40.437779,-99.388933,low
killeen / temple / ft hood,2001.0,toyota,camry,gas,246468.0,clean,automatic,tx,31.0286,-97.6115,low
poconos,2011.0,subaru,outback 3.6r limited,gas,132860.0,clean,automatic,pa,41.3253,-72.2108,medium
spokane / coeur d'alene,2015.0,chevrolet,silverado 3500hd ltz,diesel,103343.0,clean,automatic,id,47.643008,-117.562263,low
chattanooga,2007.0,honda,civic hybrid,hybrid,150000.0,clean,automatic,tn,35.889344,-84.9807,low
SF bay area,2005.0,ford,e450 super duty,diesel,138400.0,clean,automatic,ca,37.2685,-121.849,low
oklahoma city,1965.0,chevrolet,el camino,gas,19590.0,clean,automatic,ok,33.6372,-96.6184,high
anchorage / mat-su,2020.0,hyundai,santa fe,gas,5334.0,clean,automatic,ak,61.573915,-149.399197,high
milwaukee,2010.0,dodge,grand caravan,gas,1.0,clean,automatic,wi,41.622595,-87.633814,low
space coast,2003.0,pontiac,grand prix,gas,88000.0,clean,automatic,fl,28.0691,-80.62,low
tulsa,2012.0,nissan,sentra s,gas,82726.0,clean,automatic,ok,35.990872,-95.886462,low
akron / canton,2002.0,buick,century,gas,131193.0,clean,automatic,oh,41.038951,-81.575534,low
greensboro,2012.0,ram,3500,diesel,85622.0,clean,automatic,nc,36.277274,-80.339826,high
dubuque,2013.0,subaru,xv crosstrek awd limited,gas,136685.0,clean,automatic,ia,44.8346,-91.5159,medium
kenosha-racine,2014.0,chevrolet,silverado 1500,gas,116381.0,clean,automatic,wi,42.337616,-88.04408,high
sarasota-bradenton,2003.0,buick,lesabre,gas,201000.0,clean,automatic,fl,27.4978,-82.4101,low
fredericksburg,2017.0,jaguar,xe 35t r-sport sedan 4d,other,17022.0,clean,other,va,38.29,-77.48,high
eugene,2006.0,ram,3500,diesel,175331.0,clean,automatic,or,44.046116,-122.970538,high
eastern NC,2005.0,ford,freestyle,gas,260000.0,clean,automatic,nc,35.543165,-77.054047,low
north jersey,2001.0,volvo,s40,gas,108000.0,clean,automatic,nj,41.008621,-73.953918,low
louisville,2007.0,lexus,ls,gas,94575.0,clean,automatic,ky,38.153183,-85.693732,medium
long island,2014.0,ford,fiesta se,gas,90000.0,clean,manual,ny,40.7866,-73.1961,low
rhode island,2013.0,mercedes-benz,sl-class sl 550,gas,56553.0,clean,automatic,ri,41.82,-71.41,high
greensboro,2011.0,volkswagen,cc sport turbo,gas,150000.0,rebuilt,automatic,nc,36.1032,-79.8794,low
kalamazoo,2016.0,lincoln,mkz awd,gas,81546.0,clean,automatic,mi,42.6746,-85.643229,medium
columbia,2020.0,kia,soul s wagon 4d,gas,24060.0,clean,other,sc,34.0,-81.03,medium
austin,2014.0,rover,range supercharged,other,89333.0,clean,other,tx,30.26,-97.74,high
wausau,2020.0,kia,soul s wagon 4d,gas,24060.0,clean,other,wi,44.96,-89.64,medium
south dakota,1979.0,chevrolet,elcamino,gas,1.0,clean,automatic,sd,45.3151,-97.5254,medium
charleston,2006.0,nissan,,gas,200.0,clean,automatic,sc,33.809782,-81.043396,low
seattle-tacoma,2012.0,honda,odyssey ex-l,gas,95000.0,clean,automatic,wa,47.143,-122.1644,medium
phoenix,2013.0,chevrolet,tahoe ltz 4wd,gas,44000.0,clean,automatic,az,33.582442,-111.9262,high
north dakota,2012.0,other,2012,gas,62000.0,clean,automatic,nd,48.1783,-111.9397,high
colorado springs,1999.0,lincoln,town car,gas,187000.0,salvage,automatic,co,38.917372,-104.773693,low
anchorage / mat-su,2018.0,dodge,charger,gas,58389.0,clean,other,ak,61.572407,-149.375517,high
roanoke,2010.0,chevrolet,malibu ltz 2.4,gas,135000.0,clean,automatic,va,37.3214,-79.9704,low
boulder,2013.0,nissan,leaf,electric,68200.0,clean,other,co,40.0375,-105.2771,low
cincinnati,2009.0,chevrolet,cobalt ls sedan,gas,101755.0,clean,automatic,oh,39.198076,-84.737013,low
phoenix,2020.0,mercedes-benz,a-class a 220,gas,20055.0,clean,other,az,33.44,-111.8,high
danville,2012.0,jeep,liberty limited 4x4,gas,170000.0,clean,automatic,va,36.621502,-79.393659,low
killeen / temple / ft hood,2014.0,bmw,5 series 535d xdrive sedan,diesel,60783.0,clean,automatic,tx,31.06,-97.65,high
"kansas city, MO",2018.0,ford,f150 lariat supercrew,gas,57411.0,clean,automatic,ks,39.0152,-94.2604,high
missoula,2018.0,chevrolet,silverado,gas,69009.0,clean,automatic,mt,47.7989,-116.7423,high
tucson,2012.0,volkswagen,jetta s,gas,107814.0,clean,manual,az,32.236075,-110.878886,low
stockton,2018.0,honda,pilot,gas,51134.0,clean,automatic,ca,38.630615,-121.20752,high
new york city,2016.0,other,smart fortwo,gas,18200.0,clean,automatic,ny,40.585822,-73.971225,medium
portland,2011.0,toyota,rav4 awd suv 2.5l auto power group 2 owners new tires,gas,176253.0,clean,automatic,or,45.4021,-122.6144,low
memphis,2014.0,dodge,grand caravan,gas,124966.0,clean,automatic,tn,35.212885,-89.794298,medium
space coast,2016.0,kia,soul,gas,85578.0,clean,automatic,fl,29.172173,-81.027303,medium
ocala,2020.0,ford,explorer hybrid limited,gas,3075.0,clean,automatic,fl,29.802268,-82.530327,high
reno / tahoe,2012.0,nissan,sentra s,gas,104145.0,clean,automatic,ca,39.441674,-119.771365,low
skagit / island / SJI,2001.0,toyota,tacoma 4x4,gas,83000.0,clean,automatic,wa,48.529218,-122.319074,medium
memphis,2017.0,nissan,rogue,gas,40397.0,clean,automatic,tn,35.025913,-89.788637,medium
cleveland,2008.0,pontiac,g6,gas,158000.0,clean,automatic,oh,41.501,-81.4694,low
eugene,2006.0,toyota,4runner sr5 sport utility,gas,142518.0,clean,automatic,or,45.382346,-122.605132,medium
hartford,2009.0,dodge,charger,gas,111000.0,clean,automatic,ct,42.5959,-72.2267,low
daytona beach,2001.0,ford,ranger,gas,56621.0,clean,automatic,fl,29.172098,-81.027324,medium
chicago,2017.0,subaru,wrx premium,gas,64900.0,clean,manual,il,41.8721,-88.016,medium
new hampshire,2012.0,dodge,grand caravan,gas,123646.0,clean,automatic,nh,43.036758,-71.414421,low
albany,2014.0,mercedes-benz,glk,gas,74053.0,clean,automatic,ny,42.598179,-73.708295,medium
duluth / superior,2014.0,chevrolet,silverado 1500,gas,54400.0,clean,automatic,mn,46.727497,-92.403259,high
tucson,2016.0,dodge,grand caravan,gas,99900.0,clean,automatic,az,32.3472,-111.0419,medium
jersey shore,2021.0,honda,civic,gas,100000.0,clean,other,nj,39.9999,-74.2228,medium
tulsa,2007.0,gmc,yukon slt,gas,173000.0,clean,automatic,ok,35.942,-95.8833,medium
frederick,2020.0,volkswagen,golf gti s hatchback,gas,1309.0,clean,other,md,39.42,-77.41,high
appleton-oshkosh-FDL,2009.0,honda,civic,hybrid,151000.0,clean,automatic,wi,43.943579,-88.583707,low
south bend / michiana,2017.0,other,Eagle Custom,gas,0.0,clean,other,in,39.1573,-85.2938,high
kennewick-pasco-richland,2014.0,ford,explorer,gas,143637.0,clean,automatic,wa,45.876983,-119.293925,medium
yuba-sutter,2004.0,ford,focus se,gas,162185.0,clean,automatic,ca,39.123441,-121.61144,low
eugene,2016.0,ford,explorer,gas,59242.0,clean,automatic,or,45.379929,-122.583757,high
denver,2017.0,cadillac,escalade,gas,45000.0,clean,automatic,co,39.799526,-104.974365,high
madison,2012.0,ford,econoline cargo van,gas,92932.0,clean,automatic,wi,43.122774,-88.52791,medium
rhode island,1998.0,ford,f-350 super duty,diesel,192000.0,clean,automatic,ri,41.8541,-71.4378,medium
york,2014.0,volkswagen,jetta sportwagen 2.0l,gas,40364.0,clean,automatic,pa,39.96,-76.73,medium
palm springs,2012.0,bmw,528i,gas,82759.0,clean,automatic,ca,33.741517,-116.35686,medium
chicago,2007.0,lexus,rx400h,hybrid,190000.0,clean,automatic,il,42.556,-87.8705,low
orlando,2018.0,mercedes-benz,maybach s560,gas,6000.0,clean,automatic,fl,28.4637,-81.3948,high
chattanooga,2016.0,chevrolet,silverado 1500 lt,gas,100662.0,clean,automatic,tn,33.9382,-84.5403,medium
duluth / superior,2018.0,nissan,rogue,gas,68312.0,clean,automatic,mn,46.81881,-92.18117,high
philadelphia,2011.0,nissan,juke sv awd,gas,107000.0,clean,automatic,pa,40.036601,-75.012108,low
tampa bay area,2013.0,bmw,x3,gas,76769.0,clean,automatic,fl,28.044307,-82.458709,medium
colorado springs,2020.0,acura,mdx sh-awd w/technology,gas,12683.0,clean,other,co,38.82108,-104.82311,high
omaha / council bluffs,2016.0,ford,taurus,,49020.0,,automatic,ia,41.229172,-95.852118,medium
indianapolis,2014.0,ford,transit connect,gas,219581.0,clean,automatic,in,36.4641,-86.65828,low
orange county,2012.0,audi,a4 2.0t quattro,gas,118000.0,clean,automatic,ca,33.628001,-117.806225,low
columbus,2016.0,jeep,wrangler unlimited,gas,49909.0,clean,automatic,ga,32.548807,-84.924106,high
eugene,2009.0,pontiac,vibe gt,gas,140901.0,clean,manual,or,44.0982,-123.1446,low
raleigh / durham / CH,2018.0,buick,regal sportback preferred,gas,4988.0,clean,other,nc,35.82,-78.65,medium
seattle-tacoma,2007.0,dodge,sprinter 3500,diesel,229204.0,clean,automatic,wa,48.0966,-122.198,high
watertown,2016.0,dodge,grand caravan wheelchair,other,26310.0,clean,automatic,ny,43.220454,-77.819038,high
syracuse,1956.0,buick,super,gas,94000.0,clean,automatic,ny,43.0847,-76.2405,medium
columbia / jeff city,2017.0,ford,f-150,gas,83066.0,clean,automatic,mo,38.382623,-93.77344,high
tulsa,2019.0,audi,q8 premium sport utility 4d,other,20126.0,clean,automatic,ok,36.12,-95.91,high
fredericksburg,2008.0,chevrolet,tahoe ltz 4wd,gas,143425.0,clean,automatic,va,38.280302,-77.490327,medium
asheville,2003.0,dodge,dakota,gas,190000.0,clean,automatic,nc,35.5258,-82.9704,low
colorado springs,2013.0,chevrolet,corvette coupe 2d,other,24471.0,clean,other,co,38.82108,-104.82311,high
lancaster,2017.0,audi,a6 3.0t premium plus sedan,gas,24238.0,clean,automatic,pa,40.03319,-76.24058,high
"kansas city, MO",2015.0,chevrolet,silverado,gas,105000.0,clean,automatic,ks,38.9713,-94.5774,high
bellingham,2016.0,toyota,tundra 4wd truck,gas,137939.0,clean,automatic,wa,47.1991,-122.3151,high
richmond,2011.0,ford,fusion hybrid,gas,164000.0,clean,automatic,va,36.9835,-78.2372,low
shreveport,2012.0,chevrolet,equinox lt,gas,22000.0,clean,automatic,la,32.7451,-93.9838,low
bellingham,2010.0,toyota,venza v6 awd,gas,72185.0,clean,automatic,wa,48.7535,-122.469,medium
jacksonville,2020.0,chevrolet,silverado 1500 crew,gas,19160.0,clean,other,nc,34.76,-77.4,high
butte,2018.0,jeep,grand cherokee,gas,29450.0,clean,automatic,mt,45.649312,-110.571456,high
ann arbor,2004.0,toyota,4runner,gas,225000.0,clean,automatic,mi,42.508365,-83.530545,low
louisville,2012.0,gmc,acadia,gas,137168.0,clean,automatic,ky,38.678459,-84.600891,medium
cleveland,2014.0,honda,crosstour,gas,98790.0,clean,automatic,oh,41.47642,-81.72344,medium
oklahoma city,2002.0,other,2002 F350,diesel,123120.0,clean,automatic,ok,35.8636,-97.9473,high
asheville,2013.0,volvo,xc70,gas,128000.0,clean,automatic,nc,35.5971,-82.5565,medium
stockton,2016.0,chevrolet,colorado extended cab,gas,17302.0,clean,other,ca,33.779214,-84.411811,high
redding,1971.0,ford,f250,gas,123456.0,clean,automatic,ca,40.4574,-122.3282,medium
central michigan,2017.0,infiniti,qx50 sport utility 4d,other,21297.0,clean,other,mi,42.7,-84.55,high
grand rapids,2016.0,nissan,murano,gas,46157.0,clean,automatic,mi,42.449125,-85.669529,high
reno / tahoe,2000.0,nissan,xterra 4x4,gas,240000.0,clean,automatic,ca,38.8447,-119.3523,low
south coast,2020.0,subaru,wrx sti sedan 4d,gas,2044.0,clean,other,ma,42.35,-71.06,high
lexington,2012.0,ford,f-250 4x4 excab,gas,179695.0,clean,automatic,ky,38.3964,-84.2949,medium
salem,2000.0,chrysler,sebring convertible,gas,48780.0,clean,automatic,or,44.864,-123.045,low
fairbanks,2008.0,other,scion xb,gas,187450.0,missing,automatic,ak,64.9475,-147.8564,low
columbus,2011.0,ford,fusion se,gas,154000.0,clean,automatic,oh,39.988851,-82.760755,low
space coast,2009.0,bmw,335i,gas,72328.0,clean,automatic,fl,28.45321,-80.770763,low
cincinnati,2016.0,honda,accord lx,gas,26000.0,rebuilt,automatic,oh,39.3402,-84.3998,medium
bellingham,2017.0,chevrolet,tahoe,gas,52009.0,clean,automatic,wa,47.1991,-122.3151,high
delaware,2008.0,toyota,highlander,gas,217000.0,clean,automatic,de,39.205558,-75.563668,low
spokane / coeur d'alene,2015.0,toyota,rav4 limited 4x4,gas,67075.0,clean,automatic,id,48.467712,-116.528624,high
atlanta,2018.0,audi,a3,gas,27853.0,clean,automatic,ga,34.087409,-83.945058,high
eastern shore,2019.0,chevrolet,silverado 1500 double,gas,10079.0,clean,other,md,38.33,-75.08,high
charleston,2018.0,ford,f-150,gas,17831.0,clean,automatic,wv,39.33461,-82.949321,high
helena,2016.0,ford,f-350 diesel,diesel,141200.0,clean,automatic,mt,45.6546,-110.5609,high
birmingham,2001.0,ford,f-150,gas,228680.0,clean,automatic,al,33.455361,-86.962474,low
olympic peninsula,2009.0,ram,2500,gas,37734.0,clean,automatic,wa,47.1991,-122.3151,high
missoula,2015.0,chrysler,200,gas,87906.0,clean,automatic,mt,47.692931,-117.411632,medium
colorado springs,2013.0,toyota,prius c,hybrid,129901.0,clean,automatic,co,39.7436,-105.0643,low
pittsburgh,2018.0,nissan,altima 2.5 sr sedan 4d,gas,34373.0,clean,other,pa,40.43,-79.97,medium
missoula,2017.0,other,2017,gas,27000.0,clean,automatic,mt,48.1783,-111.9397,high
dubuque,2006.0,chrysler,♿,gas,97977.0,clean,automatic,ia,,,medium
corvallis/albany,2002.0,toyota,land cruiser,gas,187404.0,clean,automatic,or,45.382346,-122.605132,high
new hampshire,2010.0,dodge,charger,gas,77000.0,clean,automatic,nh,42.5959,-72.2267,medium
hawaii,2013.0,honda,civic sdn 4dr auto ex-l,,68522.0,clean,automatic,hi,21.344376,-157.896975,medium
lansing,2014.0,other,F250 4X4,gas,118000.0,clean,automatic,mi,42.82,-84.2313,high
new haven,1999.0,ford,f350 pick up,gas,135000.0,clean,automatic,ct,41.5503,-72.9963,low
worcester / central MA,2010.0,nissan,rogue,gas,150000.0,clean,automatic,ma,42.5884,-71.7266,low
wichita,2004.0,ford,f250,diesel,79850.0,clean,automatic,ks,38.59,-98.4159,medium
tulsa,2013.0,ford,expedition el,gas,108465.0,clean,automatic,ok,36.147807,-95.933602,medium
philadelphia,2006.0,chevrolet,impala,gas,44390.0,clean,automatic,pa,39.937155,-75.088194,low
dallas / fort worth,2015.0,mazda,cx-9,gas,72049.0,clean,automatic,tx,32.975361,-97.310486,medium
seattle-tacoma,2018.0,honda,accord,gas,103532.0,clean,automatic,wa,47.843936,-122.294724,medium
florida keys,2018.0,toyota,tacoma access cab sr5,gas,44416.0,clean,other,fl,25.08,-80.44,high
louisville,2014.0,ford,econoline commercial cutaway,gas,98123.0,clean,automatic,ky,40.468785,-74.281707,high
milwaukee,2018.0,bmw,330xi xdrive awd sport sedan,gas,65709.0,clean,automatic,wi,44.843195,-91.550371,medium
anchorage / mat-su,2015.0,kia,soul,gas,2447.0,clean,automatic,ak,61.180231,-149.869503,medium
elmira-corning,2013.0,chevrolet,silverado,gas,79000.0,clean,automatic,ny,42.1138,-76.2528,high
san antonio,2014.0,dodge,charger se,gas,93767.0,clean,automatic,tx,38.679,-75.3932,low
upper peninsula,2013.0,gmc,sierra 1500 sle z71,gas,124000.0,clean,automatic,mi,45.836476,-87.040218,medium
"st louis, MO",2010.0,mercedes-benz,benz,diesel,283466.0,clean,automatic,il,38.5244,-90.2745,medium
hawaii,2016.0,nissan,altima 2.5 sedan 4d,gas,73167.0,,automatic,hi,21.324848,-157.881837,medium
maine,2012.0,honda,cr-v,gas,128508.0,clean,automatic,me,42.756205,-71.210258,medium
ft myers / SW florida,2003.0,mercedes-benz,slk-class,gas,34902.0,clean,automatic,fl,26.531998,-81.859807,medium
spokane / coeur d'alene,2001.0,volvo,xc70 awd,gas,180000.0,clean,automatic,id,47.729553,-117.374346,low
"st louis, MO",2017.0,ford,escape titanium sport,gas,13614.0,clean,other,il,38.63,-90.24,medium
ft myers / SW florida,2013.0,honda,odyssey,gas,131009.0,clean,automatic,fl,26.49896,-81.81938,medium
long island,2016.0,honda,civic ex-l,gas,43000.0,clean,automatic,ny,40.863017,-73.040933,medium
boise,2015.0,gmc,sierra 3500hd,diesel,1.0,clean,automatic,id,43.634,-116.3419,high
winchester,1963.0,mercury,comet,gas,46140.0,clean,manual,va,38.888371,-78.493632,medium
mcallen / edinburg,2013.0,volkswagen,golf tdi,diesel,47000.0,clean,automatic,tx,26.2416,-98.1761,low
buffalo,2005.0,toyota,sienna,gas,143000.0,clean,automatic,ny,43.0908,-78.9644,low
eugene,2018.0,nissan,versa,gas,44496.0,clean,automatic,or,44.05294,-123.11188,medium
toledo,2018.0,ram,1500 quad cab harvest pickup,gas,29979.0,clean,other,oh,41.66,-83.58,high
augusta,2013.0,chevrolet,silverado 2500hd lt,gas,162222.0,clean,automatic,ga,27.2866,-82.477,high
springfield,2020.0,chevrolet,silverado 1500,gas,18491.0,clean,automatic,mo,38.382623,-93.77344,high
east oregon,1997.0,mercedes-benz,c-class,gas,90832.0,clean,automatic,or,43.630744,-116.251228,low
amarillo,2010.0,toyota,sequoia sr5 platinum,gas,250671.0,clean,automatic,tx,33.56211,-101.856239,low
sierra vista,2013.0,mercedes-benz,e-class e 550,gas,42045.0,clean,automatic,az,31.59,-110.17,high
kalamazoo,2012.0,gmc,terrain sle,gas,117000.0,clean,automatic,mi,42.2624,-85.6096,low
appleton-oshkosh-FDL,1932.0,ford,replica 5 window,gas,35500.0,clean,automatic,wi,44.3481,-89.1101,high
gold country,2017.0,chevrolet,silverado 1500 regular,gas,40784.0,clean,other,ca,38.73,-120.8,high
roanoke,2012.0,chevrolet,impala,gas,157471.0,clean,automatic,va,37.335355,-79.859385,low
austin,2006.0,other,Hummer H3,gas,121833.0,clean,automatic,tx,30.3432,-97.738975,medium
north jersey,2011.0,cadillac,cts sedan,gas,62450.0,clean,automatic,nj,40.2043,-74.1779,medium
milwaukee,1998.0,chevrolet,cavalier,gas,200000.0,clean,automatic,wi,43.0685,-87.9715,low
minneapolis / st paul,2019.0,kia,sportage,gas,27881.0,clean,automatic,mn,45.018933,-93.050721,medium
boise,2015.0,volkswagen,jetta,gas,65739.0,clean,automatic,id,43.634,-116.3419,medium
south bend / michiana,2007.0,mercedes-benz,clk350,gas,88000.0,clean,automatic,in,41.709671,-86.160729,medium
amarillo,2017.0,dodge,journey,gas,56399.0,clean,automatic,tx,35.177308,-101.794475,medium
memphis,2017.0,infiniti,qx50,gas,59148.0,clean,automatic,tn,35.224574,-89.926689,medium
hudson valley,2011.0,subaru,impreza outback,gas,118000.0,clean,automatic,ny,41.807738,-73.792007,low
southeast IA,2009.0,ford,fusion,gas,131818.0,rebuilt,automatic,ia,41.007932,-92.419746,low
denver,2018.0,nissan,murano,gas,19355.0,clean,automatic,co,,,high
boulder,2010.0,nissan,altima 2.5,gas,96555.0,clean,automatic,co,40.182151,-105.102373,low
southeast alaska,2019.0,subaru,outback,gas,7730.0,clean,automatic,ak,61.19,-149.8938,high
philadelphia,2019.0,honda,civic type r,gas,5500.0,clean,manual,pa,39.958938,-75.606194,high
redding,2016.0,hyundai,sonata,gas,81204.0,clean,automatic,ca,40.450919,-122.300934,medium
"kansas city, MO",2017.0,nissan,altima 2.5 sv,gas,73505.0,clean,automatic,ks,39.085,-94.6356,low
chico,2018.0,ford,f-150,gas,72005.0,clean,,ca,38.611927,-121.423118,high
"washington, DC",2004.0,lexus,rx,gas,122568.0,clean,automatic,dc,38.759388,-77.454182,low
hudson valley,2005.0,acura,tl,gas,241133.0,clean,automatic,ny,41.616,-74.1439,low
detroit metro,2010.0,dodge,grand caravan sxt,gas,166000.0,clean,automatic,mi,42.446847,-83.085265,low
helena,2006.0,chevrolet,impala,gas,167531.0,clean,automatic,mt,46.604253,-112.025407,low
central NJ,2016.0,other,Blue Bird All American,diesel,65368.0,clean,automatic,nj,40.468785,-74.281707,high
SF bay area,2003.0,porsche,boxster s,gas,86000.0,clean,manual,ca,37.9194,-122.0259,medium
greenville / upstate,2020.0,lexus,nx 300 sport utility 4d,gas,2403.0,clean,other,sc,34.83,-82.37,high
prescott,2020.0,subaru,outback 2.5i premium,gas,12200.0,clean,automatic,az,34.8185,-112.9584,high
lima / findlay,2015.0,cadillac,srx,gas,84427.0,clean,other,oh,41.229643,-84.032606,medium
sacramento,2013.0,audi,allroad premium plus wagon,gas,77276.0,clean,other,ca,38.58,-121.49,medium
orlando,2005.0,lexus,es330,gas,222670.0,clean,automatic,fl,28.7644,-81.282,low
"kansas city, MO",2018.0,chevrolet,,other,8977.0,clean,automatic,ks,44.927304,-123.030322,high
eau claire,2020.0,chevrolet,spark activ hatchback,gas,6395.0,clean,other,wi,44.82,-91.49,medium
holland,1994.0,ford,ranger 4x4,gas,190000.0,clean,automatic,mi,42.7692,-86.1164,low
monterey bay,2006.0,lexus,,gas,186000.0,clean,automatic,ca,36.5802,-121.8443,low
asheville,2007.0,chevrolet,impala ls,gas,192767.0,clean,automatic,nc,35.5808,-82.6078,low
portland,2009.0,lexus,is 250 awd,gas,158100.0,clean,automatic,or,45.4021,-122.6144,low
vermont,1968.0,other,plymouth barracuda,gas,1.0,clean,automatic,vt,44.8985,-72.791,high
modesto,2012.0,nissan,quest,gas,70000.0,clean,automatic,ca,37.7005,-121.0252,low
albuquerque,2011.0,bmw,z4 sdrive30i roadster 2d,gas,28414.0,clean,other,nm,35.11,-106.62,high
cape cod / islands,2005.0,mercedes-benz,s-class,gas,82008.0,clean,automatic,ma,42.777828,-73.74899,medium
duluth / superior,2012.0,ford,edge sel,gas,155334.0,clean,automatic,mn,45.5851,-93.5961,low
fayetteville,2014.0,bmw,x6,gas,107194.0,clean,automatic,ar,36.188577,-94.138303,high
chattanooga,2018.0,jaguar,e-pace p300 r-dynamic s,other,5837.0,clean,other,tn,35.06,-85.25,high
hudson valley,2004.0,toyota,corolla,gas,230000.0,clean,manual,ny,41.595,-73.8876,low
hickory / lenoir,2018.0,jeep,wrangler unlimited all new,gas,27605.0,clean,other,nc,35.73,-81.32,high
charlotte,2016.0,toyota,avalon xle premium sedan,gas,41070.0,clean,other,nc,35.19,-80.83,medium
maine,2013.0,honda,cr-v,gas,93665.0,clean,automatic,me,44.2167,-70.5012,medium
baltimore,2018.0,toyota,camry,gas,35974.0,clean,automatic,md,39.176344,-76.617998,medium
maine,2016.0,ford,f-250,gas,110785.0,clean,automatic,me,42.788204,-71.233728,high
milwaukee,2007.0,mercury,milan,gas,185958.0,clean,automatic,wi,43.0407,-87.9357,low
knoxville,2010.0,chevrolet,express,gas,93000.0,clean,automatic,tn,36.1055,-83.946,medium
new york city,2016.0,ram,1500,gas,48899.0,clean,automatic,ny,40.834225,-73.338792,high
treasure coast,2013.0,ford,f-150 xlt,gas,126510.0,clean,automatic,fl,27.5885,-80.3923,high
mansfield,2020.0,acura,mdx sh-awd w/technology,gas,12012.0,clean,other,oh,40.76,-82.52,high
peoria,2018.0,hyundai,sonata se sedan 4d,gas,24163.0,clean,other,il,40.74,-89.6,medium
mcallen / edinburg,2012.0,chevrolet,silverado,diesel,186000.0,clean,automatic,tx,30.647334,-97.861404,high
eugene,2012.0,ram,2500,diesel,96639.0,clean,automatic,or,44.046116,-122.970538,high
flint,2016.0,jeep,wrangler unlimited sahara,other,43644.0,clean,other,mi,43.02,-83.69,high
indianapolis,2010.0,mini,cooper,gas,109761.0,clean,automatic,in,39.550473,-86.077068,low
skagit / island / SJI,2001.0,lincoln,continental,gas,174000.0,salvage,automatic,wa,48.215134,-122.623648,low
rochester,2018.0,bmw,330xi xdrive awd sport sedan,gas,65709.0,clean,automatic,mn,44.8346,-91.5159,medium
harrisburg,2016.0,chevrolet,,other,16407.0,clean,automatic,pa,44.927304,-123.030322,high
des moines,2015.0,mercedes-benz,s-class,gas,89025.0,clean,automatic,ia,41.600223,-93.69852,high
louisville,2011.0,toyota,tacoma,gas,149829.0,clean,automatic,ky,38.189341,-85.640616,medium
new hampshire,,other,,,95674.0,,,nh,,,low
frederick,2017.0,ram,1500 crew cab laramie pickup,other,45464.0,clean,other,md,39.42,-77.41,high
vermont,2017.0,volkswagen,tiguan s awd,gas,63469.0,clean,automatic,vt,44.536,-73.2022,medium
eau claire,2012.0,ford,fusion,gas,83000.0,clean,automatic,wi,44.784,-91.4877,low
harrisburg,2005.0,pontiac,grand prix,gas,132000.0,clean,automatic,pa,40.267207,-76.875568,low
SF bay area,2016.0,toyota,tacoma,gas,92620.0,clean,automatic,ca,37.738239,-120.939159,medium
tampa bay area,2011.0,ford,f-250,gas,202082.0,clean,automatic,fl,27.999033,-82.459702,medium
toledo,1992.0,chrysler,new yorker,gas,98000.0,clean,automatic,oh,41.5756,-84.4421,low
phoenix,2013.0,honda,civic,gas,92894.0,clean,automatic,az,32.864539,-112.023147,medium
kalispell,1990.0,chevrolet,silverado 3500,gas,203000.0,clean,automatic,mt,48.2028,-114.3039,low
altoona-johnstown,2008.0,jeep,grand cherokee,gas,132000.0,clean,automatic,pa,40.755085,-78.534439,low
la crosse,2018.0,ram,1500,gas,64000.0,clean,automatic,wi,43.8974,-91.2314,high
knoxville,1999.0,jeep,wrangler,gas,238000.0,clean,automatic,tn,36.0501,-83.9226,low
corpus christi,2017.0,ford,expedition el,gas,68065.0,clean,automatic,tx,27.65787,-97.479816,high
rochester,2020.0,lexus,ux 250h sport utility 4d,other,5329.0,clean,other,ny,43.16,-77.61,high
scranton / wilkes-barre,2018.0,ram,1500,gas,28098.0,clean,automatic,pa,41.381951,-75.685531,high
sarasota-bradenton,2017.0,ford,mustang,gas,65040.0,clean,manual,fl,27.26977,-82.48229,high
western massachusetts,2015.0,gmc,sierra,gas,89565.0,clean,automatic,ma,42.788204,-71.233728,high
fayetteville,2016.0,toyota,camry,gas,117505.0,clean,automatic,ar,36.2554,-94.1308,medium
des moines,2006.0,dodge,dakota quad cab,gas,135000.0,clean,automatic,ia,41.614185,-94.027591,low
southeast IA,2006.0,ford,f350 super duty,gas,101945.0,clean,automatic,ia,41.0309,-92.4098,low
harrisonburg,1999.0,mercedes-benz,,gas,160000.0,clean,automatic,va,38.0774,-78.9035,low
hudson valley,2004.0,mercedes-benz,e320,gas,204000.0,clean,automatic,ny,41.4512,-74.4701,low
central NJ,2018.0,jeep,grand cherokee,gas,39036.0,clean,automatic,nj,40.2043,-74.1779,high
fargo / moorhead,2002.0,chevrolet,silverado 1500,gas,191000.0,clean,automatic,mn,46.450158,-95.124203,low
savannah / hinesville,2001.0,honda,cr-v,gas,170211.0,clean,automatic,ga,36.88042,-108.180553,low
rhode island,2015.0,mercedes-benz,gla-class gla 45,gas,34811.0,clean,other,ri,41.82,-71.41,high
lincoln,2012.0,gmc,yukon denali,gas,156443.0,clean,automatic,ne,40.778998,-96.706917,medium
portland,2009.0,chevrolet,silverado 2500 hd,gas,283466.0,clean,automatic,or,45.6711,-121.5391,medium
lincoln,2013.0,jeep,grand cherokee,gas,119275.0,clean,,ne,39.0299,-96.8396,medium
cleveland,2007.0,mazda,cx-7,gas,124600.0,clean,automatic,oh,41.6895,-81.3421,low
ft myers / SW florida,2016.0,chevrolet,2500hd 4wd 6.0l,gas,100600.0,clean,automatic,fl,27.3215,-80.403,high
indianapolis,2005.0,nissan,altima,gas,283466.0,clean,automatic,in,40.1309,-85.6536,low
boise,2001.0,chevrolet,corvette coupe,gas,114000.0,clean,automatic,id,43.63693,-116.230745,medium
ft myers / SW florida,2010.0,lexus,ls 460,gas,57678.0,clean,automatic,fl,26.531998,-81.859807,high
tampa bay area,1999.0,jeep,wrangler sahara,gas,96618.0,clean,manual,fl,27.917,-82.8027,medium
reading,2017.0,audi,a6 3.0t premium plus sedan,other,45787.0,clean,other,pa,40.33,-75.92,high
bemidji,2016.0,chevrolet,cruze limited,gas,56375.0,clean,automatic,mn,46.590185,-95.57469,medium
tucson,2007.0,lexus,es 350,gas,123254.0,clean,automatic,az,32.267941,-110.977848,low
billings,2019.0,toyota,camry,gas,27056.0,clean,automatic,mt,47.696062,-116.781406,high
modesto,2011.0,honda,fit,gas,77753.0,clean,automatic,ca,38.630615,-121.20752,medium
high rockies,2007.0,toyota,tacoma double cab long bed v6 auto 4wd 48k miles,gas,48937.0,clean,automatic,co,39.696254,-104.895023,high
jersey shore,2003.0,ford,ranger,gas,60000.0,clean,automatic,nj,40.085,-74.2042,low
ventura county,2009.0,ford,f350 super duty,other,82294.0,clean,automatic,ca,34.062796,-118.085415,high
sarasota-bradenton,2014.0,gmc,sierra 1500 crew cab slt,gas,57923.0,clean,other,fl,27.33,-82.54,high
"kansas city, MO",2016.0,jeep,compass sport,gas,60377.0,clean,automatic,ks,38.912,-94.3517,medium
san diego,2014.0,gmc,sierra 1500,gas,140784.0,clean,automatic,ca,32.7777,-116.9191,high
new haven,2013.0,dodge,dart,gas,63600.0,clean,automatic,ct,41.512139,-73.021803,low
lehigh valley,1938.0,other,Plymouth,gas,100000.0,clean,automatic,pa,40.8299,-75.6974,medium
stockton,2016.0,other,mack,diesel,283466.0,clean,manual,ca,37.7808,-121.2344,high
san diego,2012.0,bmw,528xi,gas,77820.0,clean,automatic,ca,32.709984,-116.997078,medium
reno / tahoe,2017.0,jeep,compass,gas,65486.0,clean,automatic,ca,39.17666,-119.7305,medium
asheville,2009.0,chevrolet,avalanche,gas,105623.0,clean,automatic,nc,35.324654,-82.464582,medium
western massachusetts,2020.0,chevrolet,silverado 3500hd,diesel,27831.0,clean,automatic,ma,42.4759,-73.3773,high
SF bay area,2003.0,honda,accord,gas,169447.0,clean,automatic,ca,37.633822,-122.057202,low
kalispell,2017.0,chevrolet,traverse,gas,81871.0,clean,automatic,mt,47.696062,-116.781406,high
austin,2019.0,ford,f-350,other,68269.0,clean,automatic,tx,30.064714,-97.839307,high
gold country,2013.0,ford,f-350 super duty,gas,35848.0,clean,automatic,ca,38.624208,-121.401038,high
bend,2015.0,nissan,"nv passenger 3500 hd sv,",gas,60350.0,rebuilt,automatic,or,45.577215,-122.676018,medium
modesto,2019.0,honda,civic,gas,45490.0,clean,automatic,ca,38.641098,-121.428624,medium
muskegon,2010.0,chevrolet,hhr lt,gas,221254.0,clean,automatic,mi,43.318362,-86.236592,low
farmington,2007.0,jeep,wrangler sahara,gas,152000.0,clean,manual,nm,36.7685,-108.1478,medium
baltimore,2009.0,ford,focus,gas,110290.0,clean,automatic,md,39.433086,-76.343119,low
"washington, DC",2018.0,honda,civic lx coupe 2d,gas,33876.0,clean,other,dc,38.87,-77.1,medium
chico,2014.0,audi,s5 prestige convertible 2d,gas,37573.0,clean,automatic,ca,39.71,-121.81,high
hawaii,2016.0,chevrolet,silverado 2500hd high,diesel,62226.0,clean,automatic,hi,47.81247,-122.32164,high
san angelo,2014.0,ford,f250 platinum 4x4,diesel,125743.0,clean,automatic,tx,30.663,-97.9316,high
austin,2012.0,ford,focus,gas,98467.0,clean,manual,tx,30.34667,-97.5609,low
western KY,2018.0,buick,enclave essence sport,other,27177.0,clean,other,ky,36.97,-86.44,high
los angeles,1971.0,mini,,gas,60000.0,clean,manual,ca,33.8879,-118.351,medium
"kansas city, MO",2001.0,toyota,camry,gas,233824.0,clean,automatic,ks,39.029278,-94.692924,low
san diego,2006.0,ram,1500 slt,gas,128549.0,clean,automatic,ca,32.795628,-117.193882,medium
philadelphia,2008.0,gmc,acadia,gas,140598.0,clean,automatic,pa,40.18157,-74.663384,low
fayetteville,2020.0,bmw,m4,gas,4013.0,clean,automatic,ar,38.4018,-93.785,high
fort collins / north CO,2007.0,nissan,titan,gas,225881.0,clean,automatic,co,40.392756,-104.727851,low
grand rapids,2017.0,lexus,nx,gas,25389.0,clean,automatic,mi,42.448987,-85.661948,high
new orleans,2008.0,toyota,scion xd,gas,160000.0,clean,manual,la,30.492224,-90.427973,low
spokane / coeur d'alene,2019.0,chevrolet,cruze,gas,32344.0,clean,automatic,id,47.664705,-117.310362,medium
omaha / council bluffs,2014.0,ford,escape,gas,110930.0,clean,automatic,ia,41.1345,-96.2458,medium
dallas / fort worth,2017.0,hyundai,accent,gas,99200.0,missing,automatic,tx,32.9346,-96.5544,low
san antonio,2008.0,ford,f-350 dually diesel 4x4,diesel,283466.0,clean,automatic,tx,29.6495,-98.6137,medium
saginaw-midland-baycity,2000.0,gmc,2500,gas,283466.0,clean,automatic,mi,43.6088,-83.953,low
sacramento,2020.0,chevrolet,equinox,gas,33243.0,clean,automatic,ca,38.405574,-121.392486,medium
bakersfield,2011.0,other,isuzu npr hd boxtruck,diesel,114156.0,clean,automatic,ca,37.3476,-121.887,high
tulsa,2014.0,lexus,gs350,gas,48268.0,clean,automatic,ok,,,high
sarasota-bradenton,2017.0,buick,encore,gas,31382.0,clean,automatic,fl,27.241721,-82.506402,medium
champaign urbana,2002.0,chrysler,concorde lxi,gas,89934.0,clean,automatic,il,40.120484,-88.203092,low
charlotte,2008.0,honda,civic cpe,,95674.0,,,nc,36.12954,-79.95752,low
boulder,2012.0,volkswagen,touareg tdi sport suv,gas,93185.0,clean,other,co,40.02104,-105.26465,medium
des moines,2012.0,ford,taurus se,gas,145000.0,salvage,automatic,ia,41.702006,-93.637394,low
saginaw-midland-baycity,2011.0,chevrolet,impala lt,gas,84758.0,clean,automatic,mi,43.606827,-84.227381,low
"st louis, MO",2018.0,chrysler,300 limited sedan 4d,gas,42786.0,clean,other,il,38.63,-90.24,high
madison,2013.0,bmw,650xi xdrive gran coupe,gas,87801.0,clean,automatic,wi,44.8346,-91.5159,high
oklahoma city,2009.0,chevrolet,silverado 1500,gas,125000.0,clean,automatic,ok,35.356063,-97.494714,medium
baltimore,2008.0,mazda,cx7,gas,116000.0,clean,automatic,md,39.3746,-76.8002,low
boulder,2014.0,chevrolet,silverado 1500,gas,121642.0,clean,automatic,co,40.182151,-105.102373,high
springfield,2017.0,chevrolet,express cargo van,gas,156573.0,clean,automatic,il,39.7622,-89.6275,medium
san diego,2019.0,volvo,xc40 t4 momentum sport,other,25209.0,clean,other,ca,32.74,-117.17,high
detroit metro,2021.0,cadillac,ct5 premium luxury,gas,0.0,,automatic,mi,42.35819,-83.44051,low
sarasota-bradenton,2014.0,ford,transit connect van,gas,132952.0,clean,automatic,fl,27.329701,-82.530265,medium
anchorage / mat-su,2008.0,toyota,tundra crewmax,gas,240824.0,clean,automatic,ak,61.1549,-149.8866,medium
south coast,1957.0,other,D7FH173552,gas,63190.0,clean,automatic,ma,41.7095,-70.7613,high
fredericksburg,2008.0,gmc,acadia fwdsle1,gas,149262.0,,automatic,va,38.217782,-77.50965,low
austin,1990.0,chevrolet,silverado,gas,182000.0,clean,automatic,tx,30.013717,-97.890789,low
detroit metro,2008.0,chevrolet,silverado crew cab,gas,219000.0,clean,automatic,mi,42.576154,-83.309498,medium
spokane / coeur d'alene,2017.0,ford,f-150 raptor carbon,gas,94364.0,clean,automatic,id,47.717677,-117.411665,low
las vegas,2007.0,mercedes-benz,e-class,gas,80640.0,clean,automatic,nv,36.1721,-115.1224,low
south florida,2013.0,hyundai,sonata,gas,102750.0,clean,automatic,fl,26.5618,-80.0976,low
grand rapids,2016.0,chevrolet,equinox lt,gas,111154.0,clean,automatic,mi,42.4544,-85.5994,medium
lancaster,2007.0,cadillac,dts,gas,81000.0,clean,automatic,pa,38.1574,-79.0651,low
philadelphia,2006.0,subaru,forester,gas,121700.0,clean,automatic,pa,40.0596,-75.0818,low
toledo,2011.0,hyundai,sonata,gas,156413.0,clean,automatic,oh,41.56995,-81.574738,low
phoenix,2019.0,fiat,500x,gas,100000.0,clean,automatic,az,33.3851,-111.8724,low
boise,2013.0,chevrolet,silverado 2500hd,gas,153750.0,clean,automatic,id,43.586593,-116.539021,high
killeen / temple / ft hood,2019.0,ford,f150 regular cab xl pickup,other,14077.0,clean,other,tx,31.06,-97.65,high
wausau,2016.0,buick,enclave leather sport,other,99816.0,clean,other,wi,44.96,-89.64,medium
cincinnati,2011.0,ford,escape,gas,148099.0,clean,other,oh,39.03969,-84.233879,low
atlanta,2008.0,gmc,yukon denali,gas,170000.0,clean,automatic,ga,33.8879,-84.2905,medium
milwaukee,2015.0,volkswagen,golf sportwagen tdi,other,40495.0,clean,other,wi,43.06,-87.96,medium
"washington, DC",2003.0,ford,econoline cargo van,gas,261809.0,clean,automatic,dc,38.663556,-77.25123,low
wenatchee,2017.0,honda,accord sport special fwd,gas,99056.0,clean,automatic,wa,46.234838,-119.128015,medium
"st louis, MO",2015.0,ford,explorer,gas,101241.0,clean,,il,38.802269,-90.673649,high
new york city,2005.0,jeep,liberty,gas,188488.0,clean,automatic,ny,40.862572,-74.096558,low
sarasota-bradenton,2014.0,chevrolet,cruze,gas,100000.0,clean,automatic,fl,27.329701,-82.530265,low
sioux falls / SE SD,2018.0,ford,mustang gt convertible,gas,16128.0,clean,manual,sd,43.607414,-96.717807,high
ann arbor,2018.0,ford,escape,gas,47702.0,clean,automatic,mi,42.285928,-83.797599,medium
hudson valley,1969.0,chevrolet,corvette,gas,35042.0,clean,manual,ny,41.552532,-72.999092,high
savannah / hinesville,2020.0,jaguar,e-pace p250 sport utility,other,1372.0,clean,other,ga,32.08,-81.1,high
tulsa,2011.0,kia,optima lx sedan,gas,133000.0,clean,automatic,ok,36.096204,-95.88938,low
des moines,2006.0,jeep,liberty,gas,145004.0,clean,automatic,ia,41.600976,-93.58129,low
chico,2008.0,toyota,highlander,gas,154000.0,clean,automatic,ca,39.370629,-121.687897,medium
yuba-sutter,2014.0,toyota,prius,hybrid,50100.0,salvage,automatic,ca,39.1237,-121.6611,medium
little rock,2005.0,other,F-250 4X4,diesel,283466.0,clean,automatic,ar,33.6736,-93.6068,low
boise,2020.0,ram,1500,gas,13253.0,clean,automatic,id,43.602174,-116.275059,high
bellingham,2016.0,toyota,sequoia platinum,gas,79295.0,clean,automatic,wa,48.7535,-122.469,high
tallahassee,2010.0,hyundai,elantra,gas,214644.0,clean,automatic,fl,30.487575,-84.146582,low
new york city,2020.0,dodge,durango,gas,24023.0,clean,automatic,ny,40.885409,-73.829146,high
kokomo,2018.0,audi,q5 premium sport utility 4d,gas,19179.0,clean,other,in,40.47,-86.13,high
pittsburgh,2017.0,ford,transit t150 cargo van,gas,107449.0,clean,automatic,pa,40.572479,-79.954677,medium
north jersey,2011.0,honda,accord lx-p,gas,163000.0,clean,automatic,nj,40.9143,-74.1671,low
cleveland,2014.0,dodge,avenger,gas,64582.0,clean,automatic,oh,41.24643,-81.35853,medium
east oregon,2013.0,ford,f-150,gas,124127.0,clean,automatic,or,45.509778,-122.967379,high
lima / findlay,2018.0,chrysler,300,gas,79156.0,clean,automatic,oh,41.111779,-83.203835,high
indianapolis,2018.0,chevrolet,equinox,gas,49498.0,clean,automatic,in,39.831932,-86.24368,medium
northern panhandle,2014.0,ford,f150 supercrew cab fx4,other,67344.0,clean,other,oh,40.07,-80.69,high
madison,2018.0,ram,2500,gas,19500.0,clean,automatic,wi,42.914957,-89.211384,high
colorado springs,2012.0,ford,fusion,gas,104472.0,clean,automatic,co,39.7436,-105.0643,low
evansville,2007.0,mini,cooper,gas,120000.0,clean,manual,in,38.0423,-87.3756,low
south jersey,2008.0,honda,civic ex-l,gas,159421.0,clean,automatic,nj,39.3741,-74.6118,low
louisville,2020.0,cadillac,ct5 premium luxury,other,13272.0,clean,other,ky,38.22,-85.74,high
reno / tahoe,2009.0,volvo,suv,gas,200000.0,missing,automatic,ca,39.1507,-119.7459,low
palm springs,2006.0,ford,mustang premium,gas,114061.0,clean,automatic,ca,33.745583,-116.361979,low
cleveland,2004.0,chevrolet,express 3500,gas,121000.0,clean,automatic,oh,41.740354,-81.219737,low
wichita falls,2019.0,chevrolet,silverado,gas,1118.0,clean,automatic,tx,35.199,-97.4841,high
san diego,1971.0,ford,f100,gas,100000.0,clean,manual,ca,33.2131,-117.2243,low
"kansas city, MO",2009.0,chevrolet,silverado,gas,194238.0,clean,automatic,ks,39.029278,-94.692924,low
hudson valley,2003.0,lexus,es300,gas,164054.0,clean,automatic,ny,41.4724,-74.0566,low
memphis,2016.0,honda,cr-v,gas,56421.0,clean,automatic,tn,35.053175,-89.862635,high
yakima,2016.0,chevrolet,tahoe,gas,85511.0,rebuilt,automatic,wa,46.374748,-120.315307,high
glens falls,2016.0,chevrolet,camaro ss coupe 2d,gas,9704.0,clean,other,ny,43.31,-73.64,high
sarasota-bradenton,2020.0,acura,rdx sh-awd a-spec pkg,gas,43097.0,clean,other,fl,27.33,-82.54,high
rochester,2017.0,ford,escape se 4wd,gas,33142.0,clean,automatic,ny,42.871195,-77.240765,medium
south coast,2014.0,chevrolet,silverado 1500,other,102778.0,clean,automatic,ma,42.0255,-71.0161,high
bend,2006.0,ram,,gas,113994.0,clean,automatic,or,45.61685,-122.693008,high
columbia / jeff city,2014.0,bmw,2 series 228i coupe 2d,gas,49370.0,clean,other,mo,38.95,-92.32,medium
las vegas,2013.0,subaru,legacy 2.5i,gas,113000.0,clean,automatic,nv,36.1149,-115.2161,low
charleston,2017.0,toyota,avalon,gas,30720.0,clean,automatic,sc,32.8473,-79.8206,high
peoria,2011.0,audi,q5 2.0t quattro premium,gas,39200.0,clean,other,il,40.74,-89.6,medium
seattle-tacoma,2005.0,acura,md-x awd,gas,1.0,clean,automatic,wa,47.9017,-122.2472,low
north jersey,2017.0,jeep,cherokee,gas,76860.0,clean,automatic,nj,40.923344,-74.143356,medium
grand rapids,2020.0,ford,f-150,gas,7193.0,clean,manual,mi,43.2215,-85.5452,high
little rock,2006.0,chevrolet,hhr lt,gas,10.0,clean,automatic,ar,34.560046,-92.585841,low
tyler / east TX,2012.0,mercedes-benz,c-class,gas,111610.0,clean,automatic,tx,32.93166,-96.746452,medium
jacksonville,2018.0,ford,f250 king ranch,diesel,53334.0,clean,automatic,fl,27.5885,-80.3923,high
huntsville / decatur,2013.0,toyota,tacoma double cab,gas,26474.0,clean,other,al,34.57,-86.98,high
york,2014.0,jeep,grand cherokee limited,gas,132000.0,clean,automatic,pa,40.0391,-76.4862,medium
greenville / upstate,2014.0,ford,f-150,gas,114000.0,clean,automatic,sc,36.277274,-80.339826,high
anchorage / mat-su,2013.0,nissan,rogue,gas,93299.0,clean,automatic,ak,61.2116,-149.8761,medium
wyoming,2005.0,ford,f350,diesel,283466.0,clean,automatic,wy,44.491728,-104.912597,low
denver,2018.0,hyundai,sonata,gas,27695.0,clean,automatic,co,,,medium
portland,2007.0,ford,f-150,gas,155000.0,clean,automatic,or,45.4446,-122.5372,medium
pittsburgh,2000.0,mercedes-benz,clk 430 amg,gas,55700.0,clean,automatic,pa,40.7005,-80.0358,medium
fresno / madera,2006.0,acura,mdx,gas,186821.0,clean,automatic,ca,36.743249,-119.788018,low
louisville,2007.0,chevrolet,cobalt,gas,15.0,clean,automatic,ky,37.998598,-85.822105,low
bismarck,2009.0,other,INTERNATIONAL 7400,diesel,251129.0,clean,automatic,nd,43.863406,-95.113968,high
fort collins / north CO,2012.0,toyota,rav4 sport,gas,141161.0,clean,automatic,co,40.182151,-105.102373,medium
pensacola,2013.0,jeep,wrangler,gas,178690.0,clean,automatic,fl,30.4129,-87.3092,high
abilene,2013.0,ford,f250,diesel,165125.0,clean,automatic,tx,30.648811,-97.867413,high
wilmington,2019.0,nissan,frontier crew cab sv,other,21939.0,clean,other,nc,34.21,-77.91,high
albany,2012.0,toyota,sienna,gas,157653.0,clean,automatic,ny,43.041322,-73.849879,medium
seattle-tacoma,2015.0,mercedes-benz,c-class c 300,gas,47900.0,clean,automatic,wa,47.2038,-122.4825,medium
greensboro,2001.0,honda,civic,,95674.0,,,nc,35.942696,-80.034679,low
northern michigan,2014.0,chevrolet,silverado 1500,other,152500.0,clean,automatic,mi,44.663356,-84.712099,medium
hawaii,2019.0,jeep,grand cherokee,gas,30480.0,clean,automatic,hi,21.3982,-158.0124,high
daytona beach,2014.0,chevrolet,tahoe police,gas,192174.0,clean,automatic,fl,29.237655,-81.040708,low
salem,2019.0,nissan,rogue sport,gas,29493.0,clean,automatic,or,44.039006,-121.303704,medium
clarksville,2019.0,toyota,corolla,gas,56471.0,clean,automatic,tn,36.5853,-87.4186,medium
richmond,1987.0,chevrolet,k30,diesel,43500.0,clean,manual,va,38.871496,-78.527269,low
"kansas city, MO",2007.0,mazda,3,gas,227000.0,clean,automatic,ks,38.9985,-94.1399,low
laredo,2013.0,chevrolet,tahoe,gas,50444.0,clean,automatic,tx,29.52414,-98.49926,high
milwaukee,1991.0,chevrolet,silverado,gas,129000.0,clean,automatic,wi,42.9017,-88.0086,medium
ithaca,2020.0,buick,enclave avenir sport,gas,5217.0,clean,other,ny,42.44,-76.5,high
san luis obispo,2018.0,chevrolet,express,gas,40238.0,clean,,ca,35.581556,-120.698513,high
new york city,2005.0,other,saab 9-2x,gas,64966.0,clean,manual,ny,40.7845,-73.6403,low
annapolis,2012.0,dodge,challenger r/t,gas,102445.0,clean,manual,md,38.9898,-76.5501,medium
asheville,1998.0,bmw,,gas,132000.0,clean,manual,nc,35.06232,-80.634842,low
tulsa,2019.0,ford,flex,gas,47127.0,clean,automatic,ok,38.4018,-93.785,high
modesto,2017.0,ram,1500,gas,47703.0,clean,automatic,ca,38.597771,-121.403061,high
reno / tahoe,2017.0,jeep,wrangler unlimited sport,gas,30577.0,clean,other,ca,33.779214,-84.411811,high
watertown,2015.0,jeep,patriot,gas,86000.0,clean,automatic,ny,43.983508,-75.616364,low
vermont,2018.0,hyundai,elantra limited,gas,38781.0,clean,automatic,vt,44.835422,-73.08054,medium
columbia / jeff city,2020.0,bmw,m4,gas,4013.0,clean,automatic,mo,38.382623,-93.77344,high
clarksville,2014.0,toyota,camry hybrid,gas,119910.0,clean,automatic,tn,36.302267,-86.636868,medium
colorado springs,2004.0,chevrolet,classic,gas,202791.0,clean,automatic,co,38.909638,-104.785056,low
stillwater,2019.0,ford,escape sel,gas,12975.0,clean,automatic,ok,36.797381,-98.687868,high
houston,2009.0,other,Hobda Odyssey,gas,208000.0,clean,automatic,tx,29.8744,-95.5278,low
tucson,2009.0,gmc,yukon xl,gas,95674.0,clean,automatic,az,32.252974,-110.97871,medium
new haven,2019.0,ram,1500 crew cab big horn,gas,28556.0,clean,other,ct,41.31,-72.92,high
albany,2018.0,toyota,tacoma access cab sr5,other,20624.0,clean,other,ny,42.66,-73.79,high
des moines,2011.0,volkswagen,cc,gas,102074.0,clean,automatic,ia,41.513693,-93.8235,low
"washington, DC",1998.0,chevrolet,corvette,gas,57000.0,clean,automatic,dc,39.105431,-77.204267,medium
central NJ,2014.0,mercedes-benz,gl-class,gas,105000.0,clean,automatic,nj,40.043135,-74.221945,high
duluth / superior,2003.0,ram,2500,diesel,283324.0,clean,automatic,mn,46.160037,-91.7276,medium
northern WI,2012.0,ram,5500,diesel,124000.0,clean,automatic,wi,42.118548,-88.436268,high
sheboygan,2017.0,ford,edge,gas,26003.0,clean,automatic,wi,43.739538,-87.819097,high
reno / tahoe,2013.0,volkswagen,golf,gas,54600.0,clean,automatic,ca,39.1704,-119.7782,medium
chicago,2011.0,ford,fusion,gas,142828.0,clean,automatic,il,41.68078,-87.76584,low
colorado springs,2008.0,audi,rs 4,gas,110396.0,clean,manual,co,39.5805,-104.9011,high
"quad cities, IA/IL",2017.0,nissan,sentra sv,gas,78455.0,clean,automatic,il,41.514996,-90.424411,medium
san diego,2018.0,jeep,grand cherokee,gas,36562.0,clean,automatic,ca,33.164373,-117.240271,high
great falls,2015.0,ford,f-150,gas,76868.0,clean,automatic,mt,47.696062,-116.781406,high
north jersey,2015.0,cadillac,escalade,gas,130101.0,clean,automatic,nj,40.701496,-74.092891,high
northwest CT,2016.0,toyota,rav4 hybrid xle,gas,142000.0,clean,automatic,ct,41.3312,-73.2243,medium
omaha / council bluffs,2002.0,toyota,solara sle convertible,gas,109000.0,clean,automatic,ia,41.252496,-95.984304,low
sarasota-bradenton,2014.0,chrysler,town & country,,137312.0,clean,automatic,fl,27.473591,-82.570679,low
minneapolis / st paul,2005.0,honda,accord ex-l,gas,283466.0,clean,automatic,mn,44.954215,-92.771301,low
"kansas city, MO",2004.0,honda,accord,gas,169000.0,clean,automatic,ks,39.117143,-94.629707,low
york,2003.0,volkswagen,jetta,gas,179000.0,clean,automatic,pa,39.91632,-76.702938,low
monroe,2020.0,lexus,rx 350,gas,14000.0,clean,automatic,la,32.513335,-92.113055,high
san antonio,1986.0,ram,,gas,39000.0,clean,automatic,tx,29.1693,-98.1936,low
jacksonville,2019.0,ford,transit,gas,31724.0,clean,automatic,fl,28.329026,-81.404237,high
pittsburgh,2018.0,ford,super duty f-250,gas,111612.0,clean,automatic,pa,40.833834,-81.338867,high
north mississippi,2013.0,ford,f150,gas,121079.0,clean,automatic,ms,35.172002,-89.943849,medium
louisville,2009.0,gmc,yukon xl slt 4x4,gas,161275.0,clean,automatic,ky,37.999392,-85.943663,medium
northern michigan,2015.0,gmc,terrain sle-2,gas,166500.0,clean,automatic,mi,44.907253,-83.441827,medium
mohave county,1994.0,chevrolet,silverado 1500,gas,78785.0,clean,automatic,az,35.032273,-114.577296,low
tucson,2006.0,ford,f-150,gas,129055.0,clean,automatic,az,32.25,-110.8869,low
atlanta,2020.0,ford,transit connect passenger,gas,20772.0,clean,other,ga,33.75,-84.39,high
gainesville,2016.0,jeep,renegade,gas,94536.0,clean,automatic,fl,28.329026,-81.404237,medium
ocala,2012.0,ford,f-250 super duty,other,114000.0,clean,automatic,fl,29.23086,-82.14915,high
atlanta,2013.0,bmw,x1 xdrive28i sport utility,other,48513.0,clean,other,ga,33.71,-84.53,medium
pittsburgh,1982.0,mazda,,gas,3000.0,clean,manual,pa,40.6252,-79.9443,medium
columbus,2019.0,volkswagen,jetta,gas,12386.0,clean,automatic,ga,32.548807,-84.924106,medium
jonesboro,1991.0,ford,f150,gas,100000.0,clean,automatic,ar,36.06,-90.5251,low
corvallis/albany,2017.0,toyota,tacoma,gas,123235.0,clean,manual,or,47.81247,-122.32164,high
memphis,1997.0,ford,e150 handicap van,gas,135864.0,clean,automatic,tn,34.9771,-89.9992,low
modesto,2015.0,ford,fusion,hybrid,90504.0,clean,automatic,ca,38.597771,-121.403061,medium
mason city,2017.0,lincoln,mkz premiere sedan 4d,gas,13210.0,clean,other,ia,33.7865,-84.4454,high
oklahoma city,2010.0,chevrolet,silverado,gas,119733.0,clean,automatic,ok,35.199,-97.4841,medium
modesto,2020.0,gmc,yukon slt sport utility 4d,gas,28552.0,clean,other,ca,33.779214,-84.411811,high
grand rapids,2011.0,volkswagen,cc,gas,142000.0,clean,automatic,mi,42.708979,-85.607872,low
lansing,2007.0,chrysler,pt cruiser,gas,143000.0,clean,automatic,mi,42.7371,-84.5244,low
santa barbara,2011.0,bmw,m3,gas,46956.0,clean,automatic,ca,34.6488,-120.1701,high
rapid city / west SD,2003.0,ford,f-350 4x4 ex-cab w/ 9' contractor dump,other,84395.0,clean,automatic,sd,45.527739,-94.091488,high
pittsburgh,2018.0,audi,q5 premium sport utility 4d,other,10642.0,clean,other,pa,40.43,-79.97,high
bloomington-normal,2003.0,acura,tl,gas,209277.0,clean,automatic,il,40.474352,-88.983012,low
central NJ,2009.0,lexus,es 350,gas,102078.0,clean,automatic,nj,40.468785,-74.281707,medium
reno / tahoe,2017.0,cadillac,cts 2.0 luxury sedan 4d,other,20155.0,clean,other,ca,33.779214,-84.411811,high
atlanta,2014.0,toyota,rav4,gas,61001.0,clean,automatic,ga,34.087409,-83.945058,medium
redding,2018.0,chrysler,300 limited sedan 4d,gas,42786.0,clean,other,ca,33.7865,-84.4454,high
raleigh / durham / CH,2012.0,ford,focus,gas,110000.0,clean,automatic,nc,35.6577,-78.3837,low
richmond,2011.0,bmw,328i,gas,113800.0,clean,automatic,va,37.627801,-77.505335,low
ft myers / SW florida,2014.0,dodge,avenger,gas,115000.0,clean,automatic,fl,26.451332,-81.824713,low
cedar rapids,2007.0,chevrolet,suburban 1500,gas,265103.0,clean,automatic,ia,41.9287,-91.4274,low
columbus,2015.0,kia,optima,gas,72000.0,clean,automatic,ga,33.973731,-84.542991,medium
missoula,2020.0,toyota,rav4 hybrid xse,hybrid,14134.0,clean,automatic,mt,47.696062,-116.781406,high
anchorage / mat-su,2018.0,ford,f-150 limited 4x4,gas,21745.0,clean,automatic,ak,61.21777,-149.870231,high
lakeland,2019.0,cadillac,xt4 luxury sport,gas,31011.0,clean,other,fl,28.04,-81.96,high
maine,2005.0,ford,econoline commercial cutaway,gas,45554.0,clean,automatic,me,40.468785,-74.281707,medium
vermont,2021.0,gmc,yukon xl,gas,5704.0,clean,other,vt,47.381236,-94.666852,high
colorado springs,2013.0,jeep,grand cherokee,gas,171384.0,clean,automatic,co,38.886,-104.7399,low
sacramento,2017.0,ford,transit 350,diesel,26000.0,clean,automatic,ca,38.5662,-121.3286,high
"kansas city, MO",2010.0,other,GMX Yukon Denali,gas,161000.0,clean,automatic,ks,38.8865,-94.8204,medium
rhode island,2013.0,bmw,535i xdrive awd,gas,75.0,clean,automatic,ri,42.728,-71.181,medium
atlanta,2020.0,honda,insight ex sedan 4d,hybrid,8921.0,clean,other,ga,33.75,-84.39,high
tyler / east TX,2015.0,lexus,is,gas,66295.0,clean,,tx,32.944193,-96.741595,medium
plattsburgh-adirondacks,2007.0,chevrolet,cc4500,gas,77581.0,clean,automatic,ny,40.468785,-74.281707,high
cincinnati,2012.0,mazda,3,gas,85250.0,clean,automatic,oh,39.1848,-84.3448,medium
bakersfield,2006.0,chevrolet,silverado 1500 lt3 4dr crew cab,gas,157601.0,clean,automatic,ca,38.5892,-121.4057,medium
"washington, DC",2014.0,volkswagen,jetta,gas,96061.0,clean,automatic,dc,38.759362,-77.454146,low
ocala,2014.0,ford,e250 cargo vaan,gas,150000.0,clean,automatic,fl,28.864678,-81.905631,low
delaware,1996.0,bmw,3-series,gas,140234.0,clean,automatic,de,38.72573,-75.58994,low
elmira-corning,2001.0,ram,2500,diesel,254000.0,clean,automatic,ny,41.28242,-77.302723,low
akron / canton,2008.0,buick,enclave,other,155231.0,clean,automatic,oh,41.041256,-81.607193,low
fayetteville,2010.0,dodge,nitro,gas,109446.0,clean,automatic,nc,35.465456,-79.156351,low
portland,2016.0,volkswagen,golf r,gas,34538.0,clean,automatic,or,37.63981,-122.415728,high
reno / tahoe,2012.0,subaru,legacy,gas,90999.0,clean,automatic,ca,39.17666,-119.7305,medium
hickory / lenoir,2011.0,jeep,wrangler unlimited sahara,gas,97584.0,clean,automatic,nc,36.2245,-79.8901,high
billings,1999.0,dodge,van,gas,250000.0,clean,automatic,mt,45.781,-108.573,low
salem,2007.0,chevrolet,silverado,gas,96238.0,clean,automatic,or,45.382346,-122.605132,high
muncie / anderson,2007.0,jeep,wrangler,gas,169000.0,clean,automatic,in,40.0554,-85.5448,medium
orange county,2018.0,ram,2500,diesel,54955.0,clean,automatic,ca,34.070311,-117.446303,high
appleton-oshkosh-FDL,2020.0,other,Genesis G70 2.0T Sedan 4D,other,10267.0,clean,other,wi,44.26,-88.39,high
redding,1948.0,chevrolet,fleetmaster,gas,96000.0,clean,manual,ca,44.0611,-123.0153,medium
northern michigan,1957.0,ford,thunderbird coupe,gas,82000.0,clean,automatic,mi,45.12774,-85.594796,high
ashtabula,2020.0,kia,soul s wagon 4d,gas,40166.0,clean,other,oh,41.87,-80.79,medium
monroe,2006.0,ford,f550 xl,diesel,225000.0,clean,manual,la,32.513507,-92.11269,high
corvallis/albany,2010.0,toyota,tundra,gas,173584.0,clean,automatic,or,45.382346,-122.605132,high
northern michigan,2008.0,pontiac,g5,gas,157254.0,clean,automatic,mi,43.1824,-84.1122,low
peoria,1999.0,ford,f250 super duty 4x4,diesel,137000.0,clean,manual,il,40.7111,-89.6324,medium
logan,2019.0,gmc,sierra 1500 denali 4x4 gas,gas,33801.0,clean,automatic,ut,43.61974,-116.29469,high
anchorage / mat-su,2011.0,hyundai,elantra limited,gas,147000.0,clean,automatic,ak,61.5214,-149.9544,low
san diego,2018.0,honda,civic ex,gas,49994.0,salvage,automatic,ca,32.8178,-116.9223,medium
oklahoma city,2002.0,gmc,1500,gas,,clean,automatic,ok,35.1192,-97.6401,low
topeka,2015.0,dodge,charger,gas,111000.0,lien,automatic,ks,39.688,-95.4138,medium
modesto,2014.0,ford,escape,gas,75691.0,clean,automatic,ca,37.738239,-120.939159,medium
dayton / springfield,2016.0,ford,f-250sd,gas,101332.0,clean,automatic,oh,39.337094,-82.949176,high
houston,2003.0,mercedes-benz,sl-class sl500,gas,135000.0,clean,automatic,tx,29.850564,-95.486972,medium
western massachusetts,2014.0,kia,sorento,gas,124385.0,clean,automatic,ma,42.605387,-72.589105,medium
abilene,2014.0,ford,f-150,gas,141483.0,clean,automatic,tx,32.447591,-100.408954,high
sacramento,2014.0,subaru,xv crosstrek,gas,69794.0,clean,automatic,ca,38.743329,-121.290192,medium
boston,1995.0,chevrolet,,gas,260000.0,clean,automatic,ma,42.528,-71.109,low
denver,2011.0,chevrolet,hhr,gas,97671.0,clean,automatic,co,39.909992,-105.002643,low
youngstown,1998.0,chevrolet,corvette convertible,gas,76000.0,clean,automatic,oh,41.1382,-80.3245,medium
north jersey,2018.0,mercedes-benz,glc-class,gas,51341.0,clean,automatic,nj,40.81603,-73.46397,high
pittsburgh,2014.0,toyota,corolla,gas,109000.0,clean,automatic,pa,41.932423,-79.619141,medium
salt lake city,1930.0,ford,model a tudor sedan,gas,1000.0,clean,manual,ut,45.7162,-122.6899,medium
cleveland,2013.0,toyota,venza xle wagon 4d,other,104227.0,clean,other,oh,41.47,-81.67,medium
tri-cities,2013.0,jeep,wrangler unlimi,gas,,clean,automatic,tn,36.438087,-82.302045,high
tampa bay area,2014.0,ram,2500 big horn,gas,110000.0,clean,automatic,fl,27.996074,-82.482324,high
roseburg,2001.0,chevrolet,venture ls,gas,153778.0,clean,automatic,or,42.334497,-122.874143,low
omaha / council bluffs,2012.0,ford,f-250,diesel,135365.0,clean,automatic,ia,43.863473,-95.113809,high
modesto,2003.0,infiniti,g,gas,82096.0,clean,manual,ca,38.5539,-121.3693,low
san luis obispo,2005.0,mazda,mpv,gas,164217.0,clean,automatic,ca,35.122159,-120.626169,low
treasure coast,2013.0,lexus,rx 350,gas,91359.0,clean,automatic,fl,27.3908,-80.3246,medium
medford-ashland,2016.0,honda,fit,gas,28249.0,clean,automatic,or,42.42807,-123.330875,medium
redding,2011.0,bmw,x3,gas,102000.0,clean,automatic,ca,40.74375,-122.238705,medium
raleigh / durham / CH,2021.0,chevrolet,trailblazer lt,gas,10250.0,clean,automatic,nc,35.425761,-77.983768,high
anchorage / mat-su,2019.0,hyundai,elantra,gas,32649.0,clean,other,ak,61.572407,-149.375517,medium
south bend / michiana,2016.0,ford,fusion,gas,77838.0,clean,automatic,in,41.604567,-85.872891,medium
greenville / upstate,2012.0,bmw,1 series 128i coupe 2d,other,80465.0,clean,other,sc,34.83,-82.37,medium
norfolk / hampton roads,2016.0,ford,focus se hatchback,gas,41051.0,clean,automatic,va,36.914782,-76.243681,medium
dallas / fort worth,2014.0,mercedes-benz,b-class electric,electric,43392.0,clean,other,tx,32.75,-97.33,medium
worcester / central MA,2010.0,ford,taurus,gas,113000.0,clean,automatic,ma,42.571524,-72.158539,low
kennewick-pasco-richland,2019.0,gmc,sierra 1500 at4 4x4 1/2 ton,gas,25171.0,clean,automatic,wa,46.234838,-119.128015,high
colorado springs,2008.0,toyota,4runner,gas,214222.0,clean,automatic,co,39.578815,-104.862418,medium
oklahoma city,2000.0,ram,2500,diesel,165000.0,clean,manual,ok,35.1192,-97.6401,medium
albany,2015.0,gmc,canyon extended cab sle,other,16701.0,clean,other,ny,42.66,-73.79,high
des moines,2016.0,ford,focus se,gas,50669.0,salvage,automatic,ia,41.5887,-93.6212,low
orlando,2011.0,hyundai,accent gls,gas,131822.0,clean,automatic,fl,28.808,-81.8858,low
kalamazoo,2010.0,ford,ranger,gas,163137.0,clean,automatic,mi,42.635032,-85.284569,low
rhode island,2010.0,honda,cr-v ex,gas,120000.0,clean,automatic,ri,41.782722,-71.310024,medium
erie,2011.0,ford,ranger super cab xlt pickup,gas,32652.0,clean,other,pa,42.12,-80.08,medium
lansing,2004.0,chevrolet,ssr,gas,200000.0,rebuilt,automatic,mi,43.0059,-84.5719,medium
ann arbor,2013.0,cadillac,srx,gas,152820.0,clean,automatic,mi,42.245276,-83.63719,low
el paso,2015.0,ram,promaster 3500,diesel,115152.0,clean,automatic,tx,33.62474,-112.011623,high
saginaw-midland-baycity,2008.0,chevrolet,silverado 1500,gas,189993.0,clean,automatic,mi,43.1824,-84.1122,low
dallas / fort worth,2018.0,mercedes-benz,gle,gas,21586.0,clean,automatic,tx,33.149748,-96.918313,high
treasure coast,2019.0,jaguar,e-pace p300 r-dynamic se,other,17961.0,clean,other,fl,33.7865,-84.4454,high
vermont,2017.0,kia,forte lx,gas,130719.0,clean,automatic,vt,44.439495,-73.210154,low
memphis,2019.0,ford,transit,gas,31020.0,clean,automatic,tn,36.4641,-86.65828,high
scranton / wilkes-barre,2007.0,chevrolet,impala ltz,gas,145000.0,clean,automatic,pa,41.225357,-75.880508,low
charleston,2014.0,chevrolet,silverado 1500 double,gas,35090.0,clean,other,sc,32.78,-79.99,high
albany,1998.0,toyota,4runner,gas,200000.0,clean,automatic,ny,43.205252,-75.422916,low
kennewick-pasco-richland,2021.0,mitsubishi,mirage le,gas,5.0,clean,automatic,wa,45.38845,-122.610757,medium
"washington, DC",2002.0,lexus,rx300,gas,158000.0,clean,automatic,dc,39.087,-77.168,low
milwaukee,2014.0,other,MV-1 Van,gas,,clean,automatic,wi,42.112,-87.9792,medium
spokane / coeur d'alene,2019.0,buick,encore preferred,gas,10500.0,clean,automatic,id,47.696062,-116.781406,high
los angeles,2019.0,ram,1500 quad cab big horn,gas,31046.0,clean,other,ca,33.75,-118.2,high
the thumb,2008.0,jeep,liberty,gas,170733.0,clean,automatic,mi,43.1824,-84.1122,low
kenosha-racine,2013.0,chevrolet,silverado 1500,gas,108607.0,clean,automatic,wi,42.337616,-88.04408,high
daytona beach,2019.0,nissan,370z nismo coupe 2d,gas,8373.0,clean,other,fl,29.19,-81.05,high
detroit metro,2013.0,volkswagen,jetta sedan,diesel,74944.0,clean,automatic,mi,42.59142,-83.031,medium
kennewick-pasco-richland,2016.0,toyota,lifted tundra sr5 trd off,gas,52530.0,clean,automatic,wa,46.234838,-119.128015,high
grand rapids,2013.0,ford,edge,gas,141562.0,clean,automatic,mi,42.798032,-86.072211,low
pensacola,2020.0,ford,f150 lariat,gas,10378.0,clean,automatic,fl,29.803162,-82.529678,high
tallahassee,2017.0,ram,1500 express,gas,58199.0,clean,automatic,fl,29.801606,-82.529755,high
worcester / central MA,2014.0,subaru,outback,gas,108767.0,clean,automatic,ma,42.594929,-71.754826,medium
milwaukee,2008.0,hyundai,accent,gas,107535.0,clean,automatic,wi,43.016513,-88.039487,low
spokane / coeur d'alene,2007.0,subaru,outback,gas,171738.0,clean,automatic,id,47.656773,-117.218613,low
daytona beach,2015.0,subaru,brz,gas,13932.0,clean,other,fl,28.466088,-81.396429,high
sierra vista,2014.0,nissan,murano,other,62755.0,clean,automatic,az,32.24951,-110.972417,medium
lakeland,2017.0,chevrolet,camaro lt coupe 2d,other,46439.0,clean,other,fl,28.04,-81.96,high
south jersey,2006.0,chevrolet,silverado,gas,91000.0,clean,automatic,nj,39.8845,-74.9067,medium
daytona beach,2007.0,ford,explorer sport trac,gas,138000.0,clean,automatic,fl,29.0266,-81.3349,low
el paso,2017.0,honda,fit,gas,34178.0,clean,automatic,tx,31.777081,-106.23864,low
richmond,2011.0,bmw,3 series,gas,99178.0,clean,automatic,va,,,medium
phoenix,2017.0,ram,promaster city,gas,82550.0,clean,automatic,az,32.680092,-112.116593,medium
knoxville,2019.0,dodge,grand caravan gt,gas,51039.0,clean,automatic,tn,35.917729,-84.151282,medium
san antonio,2018.0,mazda,mazda6 grand touring sedan,gas,32398.0,clean,other,tx,29.45,-98.5,high
albuquerque,2001.0,toyota,,gas,179000.0,clean,automatic,nm,35.129219,-106.514442,low
minneapolis / st paul,2012.0,chevrolet,cruze lt,gas,134786.0,clean,automatic,mn,45.1061,-93.6692,low
holland,2020.0,ford,expedition,gas,7499.0,clean,automatic,mi,42.448987,-85.661948,high
wichita,2004.0,chevrolet,suburban,gas,143000.0,clean,automatic,ks,37.734469,-97.335919,medium
maine,2014.0,dodge,grand caravan,gas,170667.0,clean,automatic,me,43.036758,-71.414421,low
bakersfield,2017.0,chevrolet,silverado 2500 hd,gas,104889.0,clean,automatic,ca,33.794656,-117.992994,high
greensboro,2019.0,ford,mustang gt premium coupe 2d,gas,11926.0,clean,other,nc,36.07,-79.82,high
the thumb,2011.0,buick,regal,gas,185875.0,clean,automatic,mi,43.1824,-84.1122,low
saginaw-midland-baycity,2005.0,ford,escape,gas,196067.0,clean,automatic,mi,43.1824,-84.1122,low
des moines,2015.0,honda,fit sport,gas,59753.0,clean,automatic,ia,41.6295,-93.723,medium
colorado springs,2014.0,ram,3500 laramie,diesel,57000.0,clean,automatic,co,37.264694,-104.928326,high
colorado springs,2001.0,mazda,protege lx,gas,193017.0,clean,manual,co,38.909638,-104.785056,low
colorado springs,2006.0,honda,crv lx,gas,109416.0,clean,automatic,co,38.778577,-104.771633,low
albuquerque,2018.0,chevrolet,equinox lt sport,other,21630.0,clean,other,nm,35.11,-106.62,medium
appleton-oshkosh-FDL,2014.0,ram,1500,gas,73735.0,clean,automatic,wi,44.227258,-88.467902,high
spokane / coeur d'alene,2019.0,honda,odyssey,gas,19502.0,clean,automatic,id,47.664705,-117.310362,high
bakersfield,2013.0,lexus,es 350 sedan 4d,gas,62039.0,clean,other,ca,35.38,-119.02,medium
detroit metro,2014.0,mitsubishi,outlander,other,92619.0,clean,automatic,mi,42.4662,-83.184,low
high rockies,2005.0,nissan,xterra,gas,193000.0,clean,automatic,co,38.5508,-106.007,low
ventura county,2003.0,infiniti,fx45,gas,172784.0,clean,manual,ca,34.34568,-119.072296,low
madison,2004.0,honda,element,gas,192811.0,clean,automatic,wi,43.013722,-88.808027,low
owensboro,2020.0,ford,ranger supercab xl pickup,gas,10688.0,clean,other,ky,37.75,-87.11,high
fresno / madera,2018.0,honda,accord,gas,82922.0,clean,automatic,ca,36.774617,-119.791164,medium
delaware,2009.0,jeep,wrangler unlimited,gas,140000.0,clean,manual,de,39.4815,-75.6832,medium
yakima,2013.0,cadillac,ats,gas,78104.0,,automatic,wa,46.21496,-119.122349,medium
eastern shore,2012.0,bmw,1 series 128i coupe 2d,other,80465.0,clean,other,md,38.33,-75.08,medium
ft myers / SW florida,2018.0,volkswagen,beetle 2.0t coast,gas,9303.0,clean,other,fl,26.63,-81.85,high
cleveland,2013.0,subaru,impreza wrx sti sedan 4d,other,50764.0,clean,other,oh,41.47,-81.67,high
milwaukee,1996.0,chevrolet,cavalier ls,gas,140000.0,clean,automatic,wi,43.0631,-89.3133,low
orlando,2007.0,other,hummer h2,gas,179000.0,clean,automatic,fl,28.5855,-81.1891,high
new hampshire,2002.0,chevrolet,g series,gas,166000.0,clean,automatic,nh,43.757386,-71.941237,low
indianapolis,2018.0,toyota,sienna l minivan 4d,gas,4015.0,clean,other,in,39.77,-86.14,high
madison,2003.0,toyota,4runner limited,gas,283466.0,clean,automatic,wi,43.1883,-90.0676,low
houston,2013.0,volkswagen,jetta,gas,129709.0,clean,automatic,tx,29.784452,-95.656235,low
boise,2008.0,mazda,mazda3,gas,130000.0,clean,manual,id,44.826576,-117.762493,low
"kansas city, MO",2007.0,dodge,caliber r/t awd,gas,131332.0,clean,automatic,ks,39.065661,-94.857708,low
orange county,2013.0,mini,countryman,gas,97000.0,,automatic,ca,33.6951,-117.8224,medium
jackson,2019.0,tesla,model 3 standard range,electric,23057.0,clean,other,mi,42.24,-84.4,high
long island,2005.0,mercedes-benz,s-class,gas,82008.0,clean,automatic,ny,42.777828,-73.74899,medium
cincinnati,2016.0,chevrolet,,other,2522.0,clean,automatic,oh,44.927304,-123.030322,high
spokane / coeur d'alene,2020.0,jeep,wrangler sahara unlimited lifted backup cam nav alpine fuel,gas,20122.0,clean,automatic,id,45.519861,-122.434111,high
las cruces,1998.0,ford,mustang cobra,gas,106000.0,clean,manual,nm,32.314193,-106.779859,medium
hickory / lenoir,2017.0,ford,f150,gas,58762.0,clean,automatic,nc,35.730359,-81.360243,high
orlando,2017.0,toyota,corolla im,gas,61577.0,clean,automatic,fl,28.610096,-81.298342,medium
harrisonburg,2016.0,toyota,highlander xle,gas,83109.0,clean,automatic,va,38.4489,-78.8714,high
baltimore,2012.0,acura,tl,gas,139660.0,clean,automatic,md,39.433086,-76.343119,low
scranton / wilkes-barre,2010.0,kia,soul,gas,182380.0,clean,automatic,pa,41.40703,-75.43913,low
space coast,2018.0,chrysler,pacifica touring plus,gas,8666.0,clean,other,fl,28.17,-80.6,high
ogden-clearfield,2013.0,chevrolet,corvette grand sport,gas,51525.0,clean,other,ut,33.779214,-84.411811,high
montgomery,2015.0,mercedes-benz,e-class e 400,gas,23623.0,clean,other,al,32.35,-86.28,high
utica-rome-oneida,2018.0,lincoln,mkz reserve sedan 4d,gas,9175.0,clean,automatic,ny,43.1,-75.23,high
detroit metro,2018.0,gmc,sierra 1500,gas,17017.0,clean,automatic,mi,42.57675,-82.88812,high
albuquerque,2017.0,chrysler,300 300s sedan 4d,gas,54631.0,clean,other,nm,35.11,-106.62,medium
jersey shore,2002.0,ford,mustang gt convertible,gas,130000.0,clean,automatic,nj,39.9771,-74.1565,low
albany,2015.0,ford,f-150,gas,140496.0,clean,automatic,ny,42.598179,-73.708295,high
austin,2010.0,ford,f-350 sd xl crew cab lwb,gas,150220.0,,automatic,tx,30.523398,-97.630286,high
lexington,2020.0,infiniti,qx60 luxe sport utility,gas,11639.0,clean,other,ky,38.04,-84.45,high
spokane / coeur d'alene,2016.0,hyundai,veloster,gas,98843.0,clean,other,wa,47.713556,-116.91795,medium
tampa bay area,2016.0,honda,fit,gas,74503.0,clean,automatic,fl,27.946392,-82.342089,medium
ocala,2003.0,toyota,camry,gas,172000.0,clean,manual,fl,28.963,-82.654,low
kennewick-pasco-richland,1952.0,chevrolet,sedan,gas,27.0,clean,automatic,wa,45.6605,-118.7831,low
dubuque,2013.0,ford,f-150,gas,145297.0,clean,automatic,ia,42.515,-90.6819,medium
colorado springs,2013.0,gmc,sierra 2500hd,gas,151306.0,clean,automatic,co,38.298476,-104.612853,high
north mississippi,2018.0,audi,a6 2.0t premium plus sedan,other,24996.0,clean,automatic,ms,33.779214,-84.411811,high
pittsburgh,2008.0,chevrolet,trailblazer,gas,108868.0,clean,automatic,pa,41.412711,-80.358594,low
tulsa,2012.0,mercedes-benz,c-class 300,gas,94000.0,lien,automatic,ok,36.0077,-95.8977,medium
orlando,2015.0,toyota,tundra,other,201522.0,clean,automatic,fl,28.55055,-81.57848,high
milwaukee,2018.0,infiniti,q50 3.0t luxe sedan 4d,gas,20193.0,clean,other,wi,43.06,-87.96,high
denver,2010.0,acura,mdx awd,gas,120400.0,clean,automatic,co,39.707298,-104.922009,medium
new york city,2013.0,ford,edge limited awd,gas,96000.0,clean,automatic,ny,40.6225,-73.965,low
bemidji,2016.0,ram,promaster city cargo van,gas,125717.0,clean,automatic,mn,46.590185,-95.57469,medium
redding,2012.0,ford,focus,gas,100187.0,clean,automatic,ca,38.523762,-121.442426,low
utica-rome-oneida,1981.0,chevrolet,corvette,gas,61300.0,clean,manual,ny,43.1116,-75.2756,medium
ocala,2020.0,hyundai,elantra,gas,5115.0,clean,,fl,28.329026,-81.404237,medium
indianapolis,2008.0,chevrolet,silverado 1500,gas,153319.0,clean,automatic,in,39.768158,-86.116763,medium
"st louis, MO",2008.0,toyota,fj cruiser,gas,128000.0,,automatic,il,38.615965,-90.311124,medium
tucson,2017.0,chevrolet,tahoe lt sport utility,gas,79511.0,clean,other,az,32.21,-110.96,high
omaha / council bluffs,,other,u Impreza,gas,16740.0,rebuilt,automatic,ia,41.207382,-96.023096,medium
poconos,2012.0,jeep,grand cherokee,other,113998.0,clean,automatic,pa,40.13519,-74.70357,medium
richmond,1999.0,ford,ranger,gas,237000.0,clean,automatic,va,37.958707,-76.763787,low
memphis,2015.0,jeep,wrangler unlimited,gas,61643.0,clean,automatic,tn,38.4018,-93.785,high
chicago,2009.0,nissan,rogue s,gas,165000.0,clean,automatic,il,42.1817,-88.3304,low
flint,2009.0,ford,f150,gas,62000.0,clean,automatic,mi,42.851055,-83.45119,medium
western KY,1996.0,ram,1500,gas,33000.0,clean,automatic,ky,36.728773,-88.539654,medium
eau claire,1988.0,ford,f350,diesel,172000.0,clean,automatic,wi,45.5403,-92.0297,low
space coast,2016.0,kia,soul,gas,82157.0,clean,automatic,fl,28.403792,-80.70522,medium
bakersfield,2012.0,ford,f-250 super duty,gas,42954.0,clean,automatic,ca,36.533226,-119.576488,high
rhode island,2006.0,bmw,x5,gas,165.0,clean,automatic,ri,41.9846,-71.5194,low
missoula,2000.0,gmc,yukon xl,gas,176146.0,clean,automatic,mt,47.696062,-116.781406,low
"washington, DC",2015.0,honda,odyssey,gas,99625.0,clean,automatic,dc,38.986137,-77.455694,medium
boise,2018.0,alfa-romeo,romeo stelvio ti,gas,32210.0,clean,automatic,id,43.618978,-116.240501,high
ventura county,2016.0,toyota,prius four touring,hybrid,14000.0,clean,automatic,ca,34.2656,-118.7653,medium
redding,2013.0,toyota,tacoma sr5 double cab,gas,112357.0,clean,automatic,ca,38.611373,-121.430328,medium
columbus,2018.0,chevrolet,trax ls sport utility,gas,25697.0,clean,other,oh,39.98,-82.98,medium
knoxville,2010.0,dodge,journey,gas,156474.0,clean,automatic,tn,35.950578,-83.913747,low
central michigan,2020.0,buick,enclave avenir sport,gas,5217.0,clean,other,mi,42.7,-84.55,high
reno / tahoe,2013.0,toyota,tacoma,gas,107309.0,clean,automatic,ca,39.505578,-119.786448,high
medford-ashland,2016.0,honda,civic ex,gas,109807.0,clean,automatic,or,42.356108,-122.87324,medium
fargo / moorhead,2012.0,ford,expedition,gas,226113.0,clean,automatic,mn,46.6522,-96.4198,low
new haven,2018.0,audi,a5 sportback,gas,24000.0,clean,automatic,ct,41.0581,-73.513126,high
anchorage / mat-su,2020.0,kia,soul,gas,2779.0,clean,automatic,ak,61.180231,-149.869503,medium
little rock,1994.0,chevrolet,corvette,gas,119656.0,clean,automatic,ar,34.962779,-92.086201,low
santa barbara,2018.0,acura,mdx advance and,other,19139.0,clean,automatic,ca,33.7865,-84.4454,high
atlanta,2018.0,dodge,grand caravan,gas,72958.0,clean,automatic,ga,33.586858,-85.053085,medium
lewiston / clarkston,2016.0,ram,2500 laramie longhorn,diesel,92316.0,clean,automatic,id,43.580194,-116.565024,high
medford-ashland,2013.0,ram,1500,gas,82450.0,clean,automatic,or,45.509778,-122.967379,high
central NJ,2007.0,saturn,vue,gas,190098.0,clean,automatic,nj,40.5399,-74.5934,low
topeka,2018.0,jaguar,xf,gas,12567.0,clean,automatic,ks,38.990868,-95.233358,high
bloomington-normal,2011.0,kia,sorento,gas,168234.0,clean,automatic,il,40.474352,-88.983012,low
rapid city / west SD,2016.0,chevrolet,cruze lt,gas,66000.0,salvage,automatic,sd,44.1415,-103.2052,low
san marcos,2018.0,audi,a6 2.0t premium plus sedan,other,15740.0,clean,other,tx,29.88,-97.92,high
omaha / council bluffs,2016.0,ford,focus,gas,97215.0,clean,manual,ia,41.207382,-96.023096,medium
rochester,2006.0,honda,civic coupe,gas,169415.0,clean,automatic,mn,44.0496,-92.4896,low
space coast,2007.0,lexus,ls 460,gas,159089.0,clean,automatic,fl,28.3134,-80.7319,medium
cincinnati,2012.0,ford,focus,gas,127014.0,clean,automatic,oh,39.355403,-84.396202,low
central michigan,2019.0,ford,mustang gt coupe 2d,other,1794.0,clean,other,mi,42.7,-84.55,high
ft myers / SW florida,2015.0,mercedes-benz,gla,gas,108172.0,clean,automatic,fl,26.176613,-80.135957,medium
brainerd,2017.0,ford,transit van,gas,120426.0,clean,automatic,mn,46.590185,-95.57469,high
mankato,2005.0,chrysler,town & country,gas,232000.0,clean,automatic,mn,44.542282,-94.225445,low
bellingham,2020.0,toyota,gr supra,gas,14225.0,clean,automatic,wa,47.1991,-122.3151,high
space coast,2017.0,mini,hardtop 2 door john cooper,other,24062.0,clean,other,fl,28.17,-80.6,high
phoenix,2014.0,chevrolet,volt sedan 4d,other,16755.0,clean,other,az,33.5,-112.05,medium
palm springs,2018.0,bmw,430i,gas,8000.0,clean,automatic,ca,33.743904,-116.359028,high
redding,2013.0,mazda,cx-5 touring 2wd,gas,147891.0,clean,automatic,ca,40.454899,-122.296372,medium
wichita falls,2020.0,bmw,3 series m340i sedan 4d,gas,16957.0,clean,other,tx,33.89,-98.51,high
"kansas city, MO",2017.0,volvo,xc60,gas,91969.0,clean,automatic,ks,39.0417,-94.7202,medium
grand island,2018.0,jeep,grand cherokee,gas,67024.0,clean,automatic,ne,41.438366,-97.316899,high
charlotte,1996.0,chevrolet,corvette,gas,80284.0,clean,automatic,nc,35.14365,-80.721251,medium
san marcos,2003.0,chevrolet,duramax,gas,99000.0,clean,manual,tx,29.5613,-97.9628,medium
winston-salem,2015.0,bmw,5 series,gas,89950.0,clean,automatic,nc,,,medium
anchorage / mat-su,2014.0,kia,sorento,gas,69541.0,clean,automatic,ak,61.154052,-149.864208,medium
new york city,2014.0,bmw,328,gas,73407.0,clean,automatic,ny,40.923344,-74.143356,medium
wausau,2016.0,nissan,frontier crew cab pro-4x,gas,24661.0,clean,automatic,wi,44.96,-89.64,high
boone,2014.0,ram,2500 slt,diesel,107440.0,clean,automatic,nc,36.2245,-79.8901,high
anchorage / mat-su,2013.0,chevrolet,sonic,gas,94880.0,clean,other,ak,61.180231,-149.869503,low
north jersey,2016.0,mercedes-benz,gle-class,gas,95934.0,clean,automatic,nj,40.81603,-73.46397,high
memphis,2014.0,jeep,wrangler unlimited,gas,90131.0,clean,automatic,tn,35.212885,-89.794298,high
fort collins / north CO,2017.0,ram,3500,diesel,135607.0,clean,automatic,co,40.374375,-104.694103,high
el paso,2007.0,dodge,caliber sxt,gas,142000.0,rebuilt,automatic,tx,31.9907,-106.5976,low
greenville / upstate,2008.0,toyota,tacoma double cab,gas,108000.0,clean,automatic,sc,34.5261,-82.6304,medium
indianapolis,2001.0,jeep,grand cherokee,gas,180000.0,clean,automatic,in,39.7096,-86.2614,low
san antonio,2017.0,chrysler,pacifica,gas,101000.0,clean,automatic,tx,29.5563,-98.3643,medium
erie,2017.0,lincoln,mkz premiere hybrid,gas,22214.0,clean,other,pa,42.12,-80.08,high
ann arbor,2014.0,lexus,ls 460 sedan 4d,other,96454.0,clean,automatic,mi,42.27,-83.73,high
san luis obispo,2005.0,chevrolet,silverado 3500 diesel 4x4 6.6l duramax turbo diesel single rear wheel allison automatic,diesel,144000.0,clean,automatic,ca,38.653713,-121.46615,high
kalamazoo,2009.0,pontiac,g6,gas,122949.0,clean,automatic,mi,43.1824,-84.1122,low
st george,2002.0,ford,f-150,gas,236297.0,clean,automatic,ut,36.1721,-115.1224,low
terre haute,2002.0,chevrolet,avalanche,gas,151444.0,clean,automatic,in,40.0654,-88.2528,low
saginaw-midland-baycity,2018.0,volkswagen,jetta 1.4t s sedan 4d,gas,51500.0,clean,automatic,mi,43.41,-83.94,medium
winchester,2005.0,ford,mustang,gas,97267.0,clean,automatic,va,38.9268,-78.1796,low
huntsville / decatur,2011.0,audi,q5,gas,110574.0,clean,automatic,al,36.138037,-86.731163,medium
dallas / fort worth,2008.0,saturn,astra xe 4dr,gas,102000.0,clean,automatic,tx,32.932022,-96.74591,low
charleston,2016.0,chevrolet,colorado extended cab,gas,17302.0,clean,other,sc,32.78,-79.99,high
baltimore,2013.0,volkswagen,beetle,gas,109700.0,clean,automatic,md,39.3365,-76.5411,low
savannah / hinesville,2014.0,ford,mustang,gas,32618.0,clean,automatic,ga,32.0068,-80.8509,medium
sacramento,2018.0,ram,1500 harvest,gas,28328.0,clean,automatic,ca,38.610767,-121.422557,high
atlanta,1974.0,volkswagen,thing,gas,71000.0,missing,manual,ga,34.3562,-83.8882,medium
medford-ashland,2001.0,bmw,x5 3.0i awd,gas,51998.0,clean,automatic,or,45.4021,-122.6144,low
sarasota-bradenton,2009.0,volkswagen,routan,gas,125.0,clean,automatic,fl,27.447345,-82.589752,low
fayetteville,2020.0,honda,civic sport touring,gas,7209.0,clean,other,nc,35.05,-78.87,high
dayton / springfield,2020.0,jeep,grand cherokee,gas,13282.0,clean,automatic,oh,40.573231,-84.184755,high
western massachusetts,2013.0,ram,2500,diesel,89307.0,clean,automatic,ma,42.834977,-71.107791,high
spokane / coeur d'alene,2013.0,ford,f-150,gas,161590.0,clean,automatic,id,47.664802,-117.239178,medium
grand rapids,1992.0,chevrolet,blazer,gas,181235.0,clean,automatic,mi,42.907531,-85.665714,medium
new hampshire,2015.0,chevrolet,express,gas,64420.0,clean,automatic,nh,42.13448,-70.950051,medium
dothan,2012.0,mini,cooper countryman s,gas,108301.0,clean,automatic,al,30.3949,-86.4692,medium
fresno / madera,2014.0,cadillac,ats,gas,84858.0,clean,automatic,ca,36.905852,-119.794299,medium
akron / canton,2016.0,dodge,grand caravan,gas,179000.0,clean,automatic,oh,40.950821,-81.214215,medium
columbus,2018.0,cadillac,cts sedan 4d,gas,70471.0,clean,other,ga,32.51,-84.87,high
bowling green,2015.0,ford,f-150,gas,101366.0,clean,automatic,ky,36.292259,-86.733337,medium
columbia,2017.0,jeep,wrangler unlimited rubicon,other,30092.0,clean,other,sc,34.0,-81.03,high
orlando,2006.0,chrysler,town and country,gas,140325.0,clean,automatic,fl,28.808,-81.8858,low
birmingham,2017.0,cadillac,xt5 platinum sport,gas,28891.0,clean,other,al,33.52,-86.79,high
altoona-johnstown,2018.0,mazda,mx-5 miata grand touring,gas,10364.0,clean,other,pa,40.5,-78.4,high
chicago,2016.0,cadillac,escalade,gas,82000.0,clean,automatic,il,42.504823,-92.405569,high
chico,2013.0,honda,civic si coupe 2d,gas,54419.0,clean,other,ca,39.71,-121.81,medium
charlotte,2016.0,kia,optima,gas,63661.0,clean,automatic,nc,35.057835,-80.958914,medium
elmira-corning,2018.0,chevrolet,silverado 3500hd lt,gas,14530.0,clean,automatic,ny,43.220454,-77.819038,high
SF bay area,2004.0,mercedes-benz,benz e320,gas,83500.0,clean,automatic,ca,38.402325,-122.8232,low
omaha / council bluffs,2013.0,volkswagen,cc,gas,109201.0,clean,automatic,ia,41.268218,-95.980655,medium
minneapolis / st paul,2011.0,ford,crown victoria police,gas,170000.0,clean,automatic,mn,45.348702,-93.233496,low
st cloud,2007.0,ram,1500,gas,91000.0,clean,automatic,mn,46.450158,-95.124203,medium
kennewick-pasco-richland,2012.0,ford,f-150 xlt supercrew 6.5-ft. bed 4wd,gas,127727.0,,automatic,wa,46.609386,-120.518686,medium
ocala,2015.0,hyundai,elantra,gas,96998.0,clean,automatic,fl,28.899361,-82.374053,medium
bend,2017.0,jeep,wrangler unlimi sahara,gas,16643.0,,automatic,or,44.058499,-123.106176,high
medford-ashland,2015.0,infiniti,qx50,gas,95401.0,clean,other,or,42.37853,-122.85752,medium
stockton,2005.0,ford,escape,gas,139359.0,clean,automatic,ca,38.0031,-121.9172,low
reno / tahoe,2018.0,ram,1500 quad cab harvest pickup,gas,29979.0,clean,other,ca,33.779214,-84.411811,high
oklahoma city,2012.0,lexus,es,gas,87375.0,clean,automatic,ok,35.43548,-97.52113,medium
olympic peninsula,2012.0,lexus,gx,gas,178777.0,clean,automatic,wa,47.526981,-122.699745,high
baltimore,2015.0,audi,s8,gas,67255.0,clean,automatic,md,39.4567,-76.9696,high
chico,2008.0,ram,,gas,220000.0,clean,automatic,ca,39.7314,-122.2534,low
new orleans,2006.0,bmw,x3 3.0i,gas,161000.0,clean,automatic,la,30.0487,-89.9585,low
boston,2016.0,jeep,renegade,gas,96080.0,clean,automatic,ma,42.49675,-71.06965,medium
rochester,2020.0,gmc,yukon slt sport utility 4d,gas,31832.0,clean,other,ny,43.16,-77.61,high
eastern CO,2003.0,gmc,yukon xl 4x4,gas,200000.0,clean,automatic,co,38.053942,-103.719109,low
missoula,2019.0,chevrolet,silverado,gas,39540.0,clean,automatic,mt,47.7989,-116.7423,high
grand rapids,2018.0,kia,forte,gas,39808.0,rebuilt,automatic,mi,42.635111,-85.284505,medium
hudson valley,2017.0,chevrolet,tahoe lt sport utility,other,60476.0,clean,other,ny,41.93,-73.99,high
palm springs,2012.0,audi,q5 2.0t premium,gas,87000.0,clean,automatic,ca,33.743904,-116.359028,medium
killeen / temple / ft hood,2009.0,hyundai,elantra,gas,230614.0,clean,automatic,tx,31.077697,-97.688918,low
jacksonville,2013.0,ford,fusion se,gas,130000.0,clean,automatic,fl,30.348,-81.5882,low
santa barbara,2002.0,toyota,4runner sr5,gas,109443.0,clean,automatic,ca,35.246801,-120.667596,medium
pittsburgh,2016.0,buick,regal gs sedan 4d,gas,52194.0,clean,other,pa,40.43,-79.97,medium
rockford,2020.0,ram,1500 crew cab rebel pickup,gas,12272.0,clean,other,il,42.27,-89.06,high
lewiston / clarkston,2016.0,kia,optima,gas,38855.0,clean,automatic,id,46.206891,-116.896288,medium
tyler / east TX,2017.0,mercedes-benz,gls gls 550,gas,62744.0,clean,automatic,tx,32.3254,-95.2922,high
oklahoma city,2010.0,chevrolet,corvette,gas,30362.0,clean,manual,ok,35.203113,-97.481925,high
tri-cities,2018.0,alfa-romeo,romeo stelvio,gas,35248.0,clean,automatic,tn,,,high
orange county,2019.0,ram,promaster 1500,gas,81654.0,clean,automatic,ca,33.916305,-118.29652,high
atlanta,2012.0,nissan,murano,gas,174860.0,clean,automatic,ga,34.0025,-84.4633,low
baltimore,1999.0,mercedes-benz,s320,gas,42000.0,clean,automatic,md,39.2309,-76.6969,medium
boise,2020.0,toyota,sienna le,gas,2893.0,clean,automatic,id,43.604232,-116.514735,high
sarasota-bradenton,2014.0,nissan,pathfinder,gas,99223.0,clean,automatic,fl,27.481331,-82.571899,medium
phoenix,2010.0,ram,2500 4x4,gas,140000.0,clean,automatic,az,33.5761,-112.2344,medium
medford-ashland,2018.0,ford,f-150 xlt 4x4 4dr supercrew,gas,70846.0,clean,automatic,or,44.629638,-123.055986,high
oklahoma city,2018.0,chevrolet,silverado,gas,86647.0,clean,automatic,ok,35.199,-97.4841,high
grand rapids,2012.0,toyota,tacoma access cab pickup,gas,37725.0,clean,other,mi,42.96,-85.65,high
las vegas,2015.0,nissan,sentra,gas,89084.0,clean,automatic,nv,36.2158,-115.0671,medium
space coast,2005.0,ford,,gas,110000.0,clean,automatic,fl,28.3134,-80.7319,low
"kansas city, MO",2006.0,pontiac,gto,gas,154000.0,lien,automatic,ks,39.0274,-94.2087,medium
little rock,1990.0,toyota,4runner,gas,200000.0,clean,manual,ar,34.642396,-92.467289,low
knoxville,2018.0,gmc,sierra 1500,gas,62892.0,clean,automatic,tn,,,high
milwaukee,2015.0,nissan,altima,gas,149000.0,clean,automatic,wi,43.1624,-87.9898,low
oklahoma city,1986.0,ford,mustang,gas,94241.0,clean,manual,ok,33.6372,-96.6184,medium
salem,2014.0,chevrolet,captiva sport ls,gas,137277.0,clean,automatic,or,44.925908,-122.982753,low
santa maria,2007.0,ford,f350 diesel,diesel,200000.0,clean,automatic,ca,34.937,-120.235,medium
merced,2018.0,mercedes-benz,gle,gas,95674.0,clean,automatic,ca,36.837679,-119.809638,high
springfield,2001.0,ford,f-450,diesel,233000.0,clean,automatic,il,38.4069,-90.4381,medium
flint,2020.0,cadillac,xt4 sport suv 4d,gas,2120.0,clean,other,mi,43.02,-83.69,high
western maryland,2018.0,audi,a6 2.0t premium plus sedan,other,24996.0,clean,automatic,md,33.779214,-84.411811,high
reno / tahoe,2008.0,subaru,legacy,gas,143034.0,clean,automatic,ca,39.5483,-119.7957,low
omaha / council bluffs,1984.0,pontiac,fiero,gas,25485.0,clean,manual,ia,41.207382,-96.023096,low
madison,2011.0,nissan,sentra,gas,79814.0,clean,automatic,wi,43.013722,-88.808027,low
fort collins / north CO,2013.0,volvo,xc60,gas,147993.0,clean,automatic,co,39.7436,-105.0643,medium
winchester,2013.0,ford,f150 super cab,gas,113651.0,clean,automatic,va,38.9268,-78.1796,medium
madison,2014.0,ford,transit connect,gas,143546.0,clean,automatic,wi,43.029559,-89.397796,medium
montgomery,2018.0,ford,c-max hybrid se wagon 4d,hybrid,42749.0,clean,other,al,32.35,-86.28,medium
killeen / temple / ft hood,2016.0,other,Scion iM Hatchback 4D,other,41036.0,clean,other,tx,31.06,-97.65,medium
"kansas city, MO",2015.0,chevrolet,silverado 1500,gas,72185.0,clean,automatic,ks,38.382623,-93.77344,high
boise,1987.0,chevrolet,k5 blazer,gas,87000.0,clean,automatic,id,43.662076,-116.639804,low
fredericksburg,2008.0,mazda,3,gas,128000.0,clean,manual,va,38.2951,-77.484,low
watertown,2014.0,chrysler,town and country tourin,gas,140115.0,clean,automatic,ny,43.999483,-75.917759,medium
manhattan,2016.0,kia,soul wagon 4d,gas,23388.0,clean,other,ks,39.19,-96.59,medium
farmington,2015.0,toyota,rav4,gas,62700.0,clean,automatic,nm,35.129828,-106.641785,medium
reading,2001.0,nissan,frontier,gas,141000.0,clean,manual,pa,40.4783,-76.0125,low
vermont,2002.0,honda,cr-v,gas,,clean,manual,vt,42.8827,-73.1923,low
chico,2015.0,toyota,4runner sr5 sport utility,gas,72416.0,clean,other,ca,39.71,-121.81,high
portland,2011.0,chevrolet,cruze ls,gas,138151.0,clean,automatic,or,45.531902,-122.579402,low
imperial county,2014.0,honda,civic,gas,93000.0,clean,automatic,ca,32.7893,-115.5665,medium
columbia,2011.0,bmw,z4 sdrive35is roadster 2d,other,45858.0,clean,other,sc,34.0,-81.03,high
denver,2015.0,audi,a6,gas,72873.0,clean,automatic,co,39.679134,-104.917395,medium
orlando,2016.0,honda,accord,gas,54101.0,clean,automatic,fl,28.329026,-81.404237,medium
birmingham,2003.0,volvo,vnl 780,diesel,283466.0,clean,manual,al,33.6339,-86.5981,medium
southern illinois,2013.0,chrysler,200,gas,69920.0,clean,automatic,il,37.759745,-89.27221,low
grand rapids,2016.0,nissan,frontier crew cab pro-4x,gas,24661.0,clean,automatic,mi,42.96,-85.65,high
battle creek,2016.0,dodge,charger,gas,112124.0,clean,automatic,mi,42.635253,-85.284548,medium
boston,2008.0,ford,edge,gas,152947.0,clean,automatic,ma,41.666672,-70.300985,low
south florida,2003.0,dodge,dakota sxt,gas,188529.0,clean,automatic,fl,26.260758,-80.117966,low
atlanta,2015.0,honda,cr-v,gas,73274.0,clean,automatic,ga,33.766909,-84.641356,medium
modesto,1978.0,lincoln,town coupe,gas,56000.0,clean,automatic,ca,37.640019,-120.990298,high
wenatchee,2016.0,ford,fiesta se,other,73987.0,clean,manual,wa,,,medium
san antonio,2017.0,chevrolet,silverado 1500 regular,gas,40784.0,clean,other,tx,29.45,-98.5,high
hudson valley,2012.0,toyota,camry,gas,155123.0,clean,automatic,ny,41.9697,-74.0668,low
bakersfield,2009.0,chevrolet,silverado 2500hd,diesel,46944.0,clean,automatic,ca,34.070311,-117.446303,high
fredericksburg,2010.0,hyundai,accent,gas,96000.0,clean,automatic,va,38.270806,-77.495036,low
odessa / midland,2015.0,chevrolet,3500hd 4x4 duramax,diesel,173934.0,clean,automatic,tx,30.663,-97.9316,high
reading,2005.0,dodge,dakota slt,gas,142610.0,clean,automatic,pa,40.2283,-76.0749,low
salt lake city,2019.0,chevrolet,silverado duramax hd,diesel,26816.0,clean,automatic,ut,43.61974,-116.29469,high
oklahoma city,2016.0,volkswagen,e-golf,gas,36167.0,clean,automatic,ok,37.710584,-97.209255,medium
rochester,2011.0,ford,e450,gas,166.0,clean,automatic,ny,43.1216,-77.7311,low
hawaii,2007.0,other,2007 Chrylser 300C,gas,135000.0,clean,automatic,hi,21.4063,-157.7448,low
colorado springs,2008.0,chevrolet,cobalt,gas,92033.0,clean,automatic,co,38.42157,-105.049668,low
cincinnati,2006.0,nissan,pathfinder,gas,208726.0,clean,automatic,oh,39.063163,-84.277765,low
houston,2015.0,ford,f250,diesel,107759.0,clean,automatic,tx,30.649254,-97.867584,high
dallas / fort worth,2018.0,other,CLICK HERE Buy Here Pay Here,gas,50000.0,clean,automatic,tx,32.8463,-96.6972,low
vermont,2020.0,mitsubishi,outlander,gas,20391.0,clean,automatic,vt,44.1945,-72.4936,medium
hawaii,2014.0,rover,evoque,gas,42436.0,clean,automatic,hi,21.293854,-157.837158,high
albuquerque,2008.0,nissan,rogue,gas,142000.0,clean,automatic,nm,34.969253,-106.630982,low
northwest OK,2019.0,chevrolet,silverado 1500 regular,other,23366.0,clean,other,ok,36.29,-96.46,high
anchorage / mat-su,1997.0,ford,f-250,gas,179000.0,clean,automatic,ak,61.144561,-149.857247,low
bend,2006.0,audi,a4,gas,134700.0,clean,manual,or,45.481433,-122.579235,low
raleigh / durham / CH,2008.0,lexus,rx 350,gas,105999.0,clean,automatic,nc,35.710933,-78.660041,medium
baton rouge,2020.0,chrysler,300,other,9146.0,clean,automatic,la,30.2684,-91.2524,high
fort collins / north CO,2007.0,toyota,yaris,other,189026.0,clean,other,co,40.589199,-105.074448,low
santa maria,1984.0,volkswagen,vanagon,gas,35000.0,clean,manual,ca,34.936662,-120.234777,medium
fayetteville,2013.0,toyota,tacoma access cab pickup,other,43937.0,clean,other,nc,35.05,-78.87,high
north central FL,2008.0,other,CHEVORLET IMPALA,gas,,clean,automatic,fl,29.770834,-82.283186,low
olympic peninsula,2019.0,toyota,tacoma,gas,21947.0,clean,automatic,wa,47.526981,-122.699745,high
bakersfield,2008.0,chevrolet,silverado 2500hd,diesel,162000.0,clean,automatic,ca,37.796726,-121.244485,high
baltimore,2000.0,toyota,sienna,gas,222844.0,clean,automatic,md,39.433086,-76.343119,low
san diego,2009.0,bmw,135i,gas,61540.0,clean,automatic,ca,32.82125,-117.15324,medium
cincinnati,2017.0,volkswagen,passat,gas,84858.0,clean,automatic,oh,39.33908,-84.53203,medium
lewiston / clarkston,2014.0,toyota,camry se,gas,71604.0,clean,automatic,id,47.538026,-116.11945,medium
billings,2014.0,ford,f150,gas,230175.0,clean,automatic,mt,45.819032,-108.470189,medium
san diego,2012.0,hyundai,sonata 2.4l,gas,131108.0,,automatic,ca,33.873436,-117.542806,low
reno / tahoe,1989.0,ford,e150 econoline,gas,58994.0,clean,automatic,ca,39.2476,-119.9623,low
long island,2018.0,mini,hardtop,gas,33985.0,clean,automatic,ny,40.66898,-73.42878,medium
memphis,2013.0,chevrolet,equinox,gas,127100.0,clean,automatic,tn,40.468785,-74.281707,low
utica-rome-oneida,2016.0,toyota,tacoma access cab sr5,other,79393.0,clean,other,ny,43.1,-75.23,high
clarksville,2016.0,ford,mustang,gas,28912.0,clean,automatic,tn,36.292259,-86.733337,high
northwest CT,2004.0,chevrolet,3500 cutaway,gas,180342.0,clean,automatic,ct,42.3829,-71.1028,low
omaha / council bluffs,1998.0,dodge,3500,diesel,230837.0,clean,manual,ia,41.4623,-95.218,medium
chico,2017.0,toyota,tundra double cab limited,other,25846.0,clean,automatic,ca,39.71,-121.81,high
jacksonville,1994.0,ford,f600,gas,113000.0,clean,automatic,nc,34.844585,-77.532599,low
san angelo,2016.0,jeep,cherokee,gas,43655.0,clean,automatic,tx,31.453312,-100.464064,medium
upper peninsula,2003.0,subaru,baja sport,gas,70300.0,clean,manual,mi,45.685757,-87.119522,medium
worcester / central MA,2008.0,ford,f-150,gas,175866.0,clean,automatic,ma,42.225504,-71.762086,low
fort collins / north CO,2017.0,toyota,camry se sedan 4d,gas,31592.0,clean,other,co,40.55,-105.06,medium
north mississippi,2016.0,kia,optima,gas,113774.0,clean,automatic,ms,35.172002,-89.943849,medium
muskegon,2008.0,ford,f-150,gas,,clean,automatic,mi,43.1824,-84.1122,low
lehigh valley,2008.0,lincoln,mkx,gas,173864.0,clean,automatic,pa,40.6328,-75.8513,low
shreveport,2011.0,chevrolet,express hightop,gas,105075.0,clean,automatic,la,32.8653,-96.9905,high
tyler / east TX,2018.0,ram,1500,gas,43839.0,clean,automatic,tx,32.259707,-95.307741,high
las vegas,2015.0,mazda,5,gas,89700.0,clean,automatic,nv,36.1128,-115.2801,medium
jacksonville,2017.0,hyundai,santa fe,gas,67654.0,clean,automatic,fl,30.174552,-81.474019,medium
omaha / council bluffs,2010.0,toyota,avalon,gas,92537.0,,automatic,ia,41.229172,-95.852118,low
toledo,2014.0,dodge,avenger,gas,95106.0,clean,automatic,oh,41.56995,-81.574738,low
south coast,2012.0,ford,taurus,gas,131000.0,clean,automatic,ma,41.6913,-70.9355,low
prescott,2016.0,lexus,ls 460 sedan 4d,gas,43813.0,clean,other,az,34.62,-112.42,high
butte,2008.0,ford,fusion,gas,60000.0,clean,automatic,mt,45.9829,-112.5122,low
fort collins / north CO,2010.0,chevrolet,camaro ss coupe 2d,gas,16903.0,clean,other,co,40.55,-105.06,high
north jersey,2015.0,mercedes-benz,s-class,gas,39500.0,clean,automatic,nj,40.92015,-74.19396,high
modesto,2018.0,nissan,titan crew cab sv pickup,other,19246.0,clean,other,ca,33.7865,-84.4454,high
bend,1947.0,chevrolet,thrift master,gas,100000.0,clean,manual,or,44.3045,-120.8336,low
san antonio,2011.0,honda,civic sedan ex-l,gas,171438.0,clean,automatic,tx,,,low
billings,2020.0,toyota,rav4 hybrid xse,hybrid,14134.0,clean,automatic,mt,47.696062,-116.781406,high
raleigh / durham / CH,2003.0,chevrolet,silverado 1500,gas,250000.0,clean,automatic,nc,35.852,-78.6841,low
gainesville,2015.0,kia,rio,gas,101868.0,clean,automatic,fl,29.68652,-82.32183,low
albuquerque,2014.0,other,maserati quattroporte s q4,gas,54000.0,clean,automatic,nm,34.7806,-106.7115,high
chico,2007.0,ram,2500,diesel,244056.0,clean,manual,ca,38.903313,-121.075553,high
portland,2007.0,gmc,yukon slt 4x4 v8 auto leather seats 3 row seating loaded,other,146071.0,clean,automatic,or,45.4021,-122.6144,medium
waterloo / cedar falls,2005.0,lincoln,ls,gas,45483.0,clean,automatic,ia,41.972758,-91.68282,low
st cloud,2013.0,chevrolet,silverado 2500hd,diesel,184000.0,clean,automatic,mn,46.450158,-95.124203,high
odessa / midland,2019.0,ford,f-250,gas,35682.0,clean,automatic,tx,32.343065,-102.553557,high
new york city,2008.0,buick,lacrosse cxl,gas,33000.0,clean,automatic,ny,40.5352,-74.2116,low
north mississippi,2011.0,toyota,camry,gas,127000.0,clean,automatic,ms,34.253882,-88.718591,low
appleton-oshkosh-FDL,2006.0,gmc,tc5500,diesel,223976.0,clean,manual,wi,44.227258,-88.467902,high
boston,2015.0,ford,f-350,diesel,85585.0,clean,automatic,ma,42.834977,-71.107791,high
jackson,2013.0,mazda,3,gas,85939.0,clean,automatic,ms,32.278352,-90.147605,low
tucson,2010.0,subaru,impreza sedan,gas,112000.0,clean,automatic,az,32.25,-110.8869,low
myrtle beach,2014.0,kia,optima,gas,99572.0,clean,automatic,sc,33.771706,-79.018199,medium
boston,2012.0,lincoln,mkz,gas,47050.0,clean,automatic,ma,41.770437,-70.539789,medium
flint,2013.0,chrysler,town & country,gas,155551.0,clean,automatic,mi,43.1824,-84.1122,low
milwaukee,1934.0,chevrolet,sedan,gas,100000.0,clean,manual,wi,44.0971,-87.6823,low
tampa bay area,2014.0,ford,mustang,gas,44569.0,clean,manual,fl,27.788266,-82.677461,high
atlanta,2013.0,toyota,avalon limited sedan 4d,gas,62155.0,clean,automatic,ga,33.76,-84.33,medium
bellingham,2011.0,bmw,3 series 328i xdrive,gas,65834.0,clean,other,wa,48.7548,-122.47,medium
"washington, DC",2009.0,honda,pilot touring,gas,139100.0,clean,automatic,dc,39.2335,-77.1458,medium
hartford,2014.0,mercedes-benz,benz cla 250,gas,43450.0,clean,automatic,ct,41.672849,-72.793142,medium
ithaca,2018.0,acura,mdx sport utility 4d,other,33727.0,clean,other,ny,42.44,-76.5,high
pensacola,2004.0,jeep,wrangler,gas,84000.0,clean,other,fl,,,high
chattanooga,2010.0,chevrolet,express,gas,93000.0,clean,automatic,tn,36.1055,-83.946,medium
janesville,2020.0,ford,ranger supercrew xlt pickup,gas,7380.0,clean,other,wi,42.68,-89.01,high
central NJ,2019.0,hyundai,elantra sel auto,,8266.0,clean,automatic,nj,40.46865,-74.29699,medium
bakersfield,2012.0,honda,fit hatchback 4d,gas,60960.0,clean,other,ca,35.38,-119.02,medium
"st louis, MO",2011.0,cadillac,escalade esv premium,gas,160000.0,,automatic,il,38.615965,-90.311124,medium
knoxville,2012.0,ram,3500,diesel,127000.0,clean,automatic,tn,30.64763,-97.861404,high
charlottesville,2018.0,jeep,wrangler sahara (jk) sport,gas,30533.0,clean,other,va,38.03,-78.48,high
missoula,2016.0,ford,f-150,gas,52796.0,clean,automatic,mt,47.7989,-116.7423,high
austin,2018.0,ford,explorer,gas,21189.0,clean,automatic,tx,30.402667,-97.761037,high
lynchburg,2008.0,toyota,tundra,gas,260000.0,clean,automatic,va,37.261,-79.2317,medium
grand rapids,2010.0,honda,accord crosstour ex-l,gas,95000.0,clean,automatic,mi,42.913933,-85.724825,medium
"kansas city, MO",2007.0,ford,escape,gas,201000.0,clean,automatic,ks,38.839191,-94.676369,low
lima / findlay,2010.0,jeep,liberty sport,gas,169467.0,clean,automatic,oh,40.733991,-84.113216,low
grand rapids,2015.0,jeep,grand cherokee,gas,103186.0,clean,automatic,mi,42.931559,-85.374012,medium
greenville / upstate,2003.0,toyota,corolla,gas,255771.0,clean,automatic,sc,34.83255,-82.36835,low
vermont,2010.0,honda,accord exl,gas,137382.0,clean,automatic,vt,44.835178,-73.080025,low
rochester,2007.0,subaru,tribeca b9,gas,163000.0,clean,automatic,ny,43.2126,-77.704,low
worcester / central MA,2017.0,bmw,x3 xdrive35i,other,32515.0,clean,automatic,ma,42.102661,-71.562075,high
new york city,2014.0,mercedes-benz,benz e350,gas,105000.0,clean,automatic,ny,40.8702,-73.8495,medium
asheville,2018.0,honda,civic hatchback,gas,26000.0,salvage,automatic,nc,35.039,-81.822,medium
hudson valley,2015.0,cadillac,cts,gas,61128.0,clean,automatic,ny,41.9697,-74.0668,medium
eastern CT,2008.0,honda,odyssey,gas,117000.0,clean,automatic,ct,41.3664,-71.9155,low
meadville,2017.0,jeep,wrangler sport suv 2d,gas,22947.0,clean,other,pa,41.64,-80.14,high
orange county,2016.0,ford,transit connect,gas,149204.0,clean,automatic,ca,33.75872,-118.01385,medium
bellingham,2019.0,gmc,sierra duramax 3500 hd slt,diesel,18608.0,clean,automatic,wa,47.841211,-122.297249,high
anchorage / mat-su,2018.0,gmc,sierra denali,gas,59453.0,clean,automatic,ak,61.218289,-149.869137,high
fort collins / north CO,2018.0,mercedes-benz,gla 250 sport,gas,20063.0,clean,other,co,40.55,-105.06,high
anchorage / mat-su,2018.0,volkswagen,golf s,gas,42524.0,clean,automatic,ak,61.217822,-149.870124,medium
binghamton,2013.0,ford,f-150,gas,55000.0,clean,automatic,ny,42.1138,-76.2528,medium
anchorage / mat-su,1985.0,chevrolet,el camino,gas,28000.0,clean,automatic,ak,61.1054,-149.78,low
prescott,2017.0,ford,f-250 super duty lariat crew 6.7 liter,other,40417.0,clean,automatic,az,33.396353,-111.954863,high
south bend / michiana,2019.0,ford,edge,gas,24759.0,clean,automatic,in,42.449121,-85.667335,high
stockton,2014.0,mercedes-benz,c-class,gas,89715.0,clean,automatic,ca,37.637112,-122.054679,medium
tyler / east TX,2018.0,bmw,430i,gas,17500.0,clean,automatic,tx,32.3254,-95.2922,high
northeast SD,2010.0,chevrolet,trailblazer lt,gas,135000.0,clean,automatic,sd,45.5521,-94.1284,low
pueblo,2017.0,chevrolet,silverado 1500 ltz redline crew cab 6.2 liter,gas,40136.0,clean,automatic,co,33.3917,-111.9249,high
kennewick-pasco-richland,2018.0,subaru,crosstrek,gas,69567.0,rebuilt,automatic,wa,46.2522,-119.288,medium
minneapolis / st paul,2001.0,chevrolet,impala ls,gas,160000.0,clean,automatic,mn,45.577122,-93.222748,low
st cloud,2017.0,nissan,murano sl awd,gas,69950.0,clean,automatic,mn,45.553667,-94.217463,high
wichita falls,2016.0,chevrolet,cruze,gas,100090.0,clean,automatic,tx,35.199,-97.4841,medium
nashville,2020.0,gmc,sierra 1500 double cab,gas,3592.0,clean,other,tn,36.17,-86.78,high
madison,2013.0,infiniti,g g37 sport coupe 2d,gas,57181.0,clean,other,wi,43.07,-89.38,medium
columbia,2018.0,hyundai,tucson,gas,62000.0,clean,automatic,sc,33.995,-81.0888,medium
charlotte,2018.0,ford,f250 king ranch,diesel,53334.0,clean,automatic,nc,27.2889,-80.298,high
bellingham,1987.0,pontiac,fiero gt,gas,20000.0,clean,automatic,wa,48.749,-122.4887,medium
east idaho,1968.0,volkswagen,bug,gas,1000.0,clean,manual,id,43.475,-112.0124,medium
flint,2010.0,ford,f-250 super duty,diesel,144000.0,clean,automatic,mi,43.0348,-83.5268,medium
victoria,2015.0,bmw,4 series 428i gran coupe,gas,65290.0,clean,automatic,tx,28.82,-96.98,medium
south florida,2008.0,mini,cooper s,gas,96300.0,clean,automatic,fl,26.1387,-80.1218,low
new haven,2016.0,chevrolet,silverado 1500 double,gas,29499.0,clean,other,ct,41.31,-72.92,high
baltimore,2016.0,buick,regal,gas,67916.0,clean,automatic,md,39.313577,-76.463968,medium
jacksonville,1997.0,lexus,lx 450,gas,233000.0,clean,automatic,fl,,,high
minneapolis / st paul,2007.0,gmc,yukon denali,gas,170563.0,clean,automatic,mn,45.0132,-93.0297,low
new york city,2005.0,chrysler,pt cruiser,gas,108000.0,clean,automatic,ny,40.598552,-73.99734,low
hawaii,1993.0,toyota,pickup,gas,239000.0,clean,automatic,hi,21.3908,-157.9332,low
cincinnati,2010.0,nissan,maxima,gas,135000.0,clean,automatic,oh,39.3357,-84.3149,medium
twin falls,2018.0,ram,1500,gas,51512.0,clean,automatic,id,42.551296,-114.465026,high
orlando,2018.0,toyota,camry,gas,19266.0,clean,automatic,fl,28.610096,-81.298342,medium
boise,2019.0,kia,niro,hybrid,83286.0,clean,automatic,id,38.597771,-121.403061,medium
peoria,2020.0,other,GCM Acadia,gas,20737.0,clean,automatic,il,40.613105,-89.460447,high
bakersfield,2003.0,ford,f-150,gas,125165.0,clean,automatic,ca,34.009929,-117.43115,medium
flint,2008.0,ford,escape,gas,103102.0,clean,automatic,mi,43.050984,-83.305485,low
"st louis, MO",2017.0,chevrolet,silverado 2500 hd,gas,102000.0,clean,automatic,il,38.4994,-91.0038,high
phoenix,2014.0,kia,sorento sxl-limited,gas,106000.0,clean,automatic,az,33.582442,-111.9277,medium
maine,2016.0,chevrolet,silverado 1500,gas,67854.0,clean,automatic,me,44.826407,-68.805028,high
asheville,2010.0,jeep,liberty sport,gas,76000.0,clean,automatic,nc,34.8533,-82.4493,low
new york city,2018.0,infiniti,q50,gas,56119.0,clean,automatic,ny,40.81603,-73.46397,medium
long island,2010.0,other,HINO 338 [TOYOTA],diesel,94881.0,clean,automatic,ny,40.7135,-73.3546,high
fredericksburg,2016.0,porsche,cayman,gas,18090.0,clean,manual,va,38.25295,-77.50261,high
modesto,2016.0,ford,fusion se,gas,105280.0,clean,automatic,ca,37.596846,-120.938695,medium
ft myers / SW florida,2014.0,bmw,328d sports line,diesel,114250.0,clean,automatic,fl,26.5228,-81.7065,medium
minneapolis / st paul,2010.0,mazda,mazda6 sport sedan 4d v6,gas,139000.0,clean,automatic,mn,45.0132,-93.0297,low
yuba-sutter,2002.0,chevrolet,suburban z71,gas,283466.0,clean,automatic,ca,39.1663,-121.5105,low
south jersey,2015.0,mercedes-benz,cla 250,gas,67333.0,clean,automatic,nj,40.854383,-74.120245,medium
cape cod / islands,2004.0,ram,1500,gas,132000.0,clean,automatic,ma,41.9296,-71.3009,low
salem,2011.0,ford,ranger,gas,55000.0,clean,automatic,or,44.9927,-123.0167,medium
pueblo,1999.0,jeep,grand cherokee,gas,271297.0,clean,automatic,co,38.298476,-104.612853,low
bellingham,2011.0,bmw,3 series 328i xdrive,gas,85300.0,clean,other,wa,48.7548,-122.47,medium
colorado springs,2011.0,subaru,forester,gas,102620.0,clean,automatic,co,39.578815,-104.862418,medium
tulsa,1992.0,ford,mustang,gas,70257.0,clean,automatic,ok,35.942,-95.8833,medium
bellingham,2017.0,subaru,wrx limited,gas,39526.0,clean,other,wa,48.7535,-122.469,high
kennewick-pasco-richland,2014.0,subaru,forester,gas,81557.0,clean,automatic,wa,46.213805,-119.161041,medium
dallas / fort worth,2013.0,cadillac,ats sedan,gas,67000.0,clean,automatic,tx,32.3808,-96.8374,medium
brownsville,2015.0,gmc,yukon xl denali,gas,110000.0,clean,automatic,tx,25.94767,-97.320843,high
fayetteville,2016.0,chevrolet,spark ls,other,64505.0,clean,automatic,ar,36.093598,-94.19146,medium
san luis obispo,2021.0,honda,pilot touring,gas,2320.0,clean,automatic,ca,34.936662,-120.234777,high
flint,2014.0,gmc,acadia,gas,99507.0,clean,automatic,mi,43.1824,-84.1122,low
albuquerque,2012.0,chrysler,300 limited,gas,113100.0,salvage,automatic,nm,35.0615,-106.5129,low
ft myers / SW florida,2017.0,toyota,camry,gas,68832.0,clean,automatic,fl,26.571661,-81.877633,medium
seattle-tacoma,2013.0,audi,q5 2.0t premium hybrid,hybrid,90602.0,clean,automatic,wa,47.0129,-122.8763,medium
philadelphia,2007.0,ford,expedition,gas,161928.0,clean,automatic,pa,40.185945,-74.749874,medium
buffalo,2013.0,subaru,xv crosstrek,gas,201000.0,clean,automatic,ny,42.6551,-78.6921,low
eugene,1988.0,mazda,b2200,gas,155000.0,clean,manual,or,44.0561,-122.9171,low
sarasota-bradenton,2020.0,chevrolet,camaro lt coupe 2d,gas,21938.0,clean,other,fl,27.33,-82.54,high
charleston,2020.0,chevrolet,silverado 1500 regular,other,22262.0,clean,other,sc,32.78,-79.99,high
medford-ashland,2015.0,ford,f-150,gas,51807.0,clean,automatic,or,38.79662,-121.21584,medium
mason city,2011.0,ford,f-150 xlt,gas,120509.0,clean,automatic,ia,42.740738,-93.202465,medium
rockford,2016.0,chevrolet,colorado extended cab,gas,17302.0,clean,other,il,42.27,-89.06,high
kalispell,1968.0,jeep,cj-5,gas,41362.0,clean,manual,mt,48.1232,-114.4601,low
grand rapids,2015.0,porsche,macan turbo awd crossove,gas,53321.0,clean,automatic,mi,44.8346,-91.5159,high
kalispell,2007.0,rover,lr3,gas,203671.0,clean,automatic,mt,48.697069,-116.314975,low
cincinnati,2015.0,chevrolet,tahoe lt sport utility,other,51677.0,clean,other,oh,39.09,-84.51,high
sarasota-bradenton,2016.0,other,Scion FR-S Release Series 2.0,gas,39647.0,clean,other,fl,27.33,-82.54,medium
pittsburgh,2019.0,other,Genesis G70 2.0T Advanced Sedan,other,8208.0,clean,other,pa,40.43,-79.97,high
eau claire,2011.0,bmw,x5 xdrive35i awd luxury suv,gas,115905.0,clean,automatic,wi,44.843195,-91.550371,medium
stockton,2003.0,honda,accord,gas,230000.0,clean,automatic,ca,38.113072,-121.14903,low
imperial county,2005.0,nissan,titan,gas,241000.0,salvage,automatic,ca,32.6832,-115.5028,low
kalamazoo,2019.0,chevrolet,equinox,gas,19388.0,clean,automatic,mi,42.447943,-85.660118,high
omaha / council bluffs,1952.0,chevrolet,3100,gas,29500.0,clean,manual,ia,33.6372,-96.6184,high
spokane / coeur d'alene,1978.0,cadillac,eldorado,gas,43299.0,clean,automatic,id,47.657342,-117.309085,low
indianapolis,2008.0,buick,lucerne,gas,170000.0,clean,automatic,in,39.8299,-86.1794,low
bellingham,1997.0,chevrolet,suburban,gas,161000.0,clean,automatic,wa,48.934766,-122.271134,low
denver,2009.0,ford,edge,gas,162492.0,clean,automatic,co,39.53228,-104.769037,low
ventura county,2012.0,ford,f250 xlt 4x4,gas,266312.0,clean,automatic,ca,33.916305,-118.29652,medium
outer banks,2006.0,toyota,rav4,gas,121536.0,clean,automatic,nc,34.244046,-77.860915,low
albany,2010.0,chevrolet,silverado 1500,gas,71229.0,clean,other,ga,31.57,-84.17,high
houston,2015.0,cadillac,srx,gas,72000.0,rebuilt,automatic,tx,29.6518,-95.5176,medium
tucson,2006.0,toyota,tacoma,gas,162000.0,parts only,automatic,az,32.2261,-110.9493,medium
fayetteville,2017.0,lincoln,navigator l select sport,gas,28475.0,clean,automatic,nc,35.05,-78.87,high
kalispell,2016.0,toyota,camry se,gas,45000.0,clean,automatic,mt,46.601518,-112.019967,medium
little rock,2016.0,nissan,leaf,electric,42531.0,clean,automatic,ar,38.4018,-93.785,medium
la salle co,2018.0,mercedes-benz,mercedes-amg cla,gas,5277.0,clean,automatic,il,33.7865,-84.4454,high
tampa bay area,2017.0,ford,f-250,other,177476.0,clean,automatic,fl,28.01567,-82.45978,high
des moines,2015.0,ford,escape,gas,79220.0,clean,automatic,ia,41.627328,-93.651817,medium
baltimore,2007.0,chevrolet,cobalt,gas,130861.0,clean,manual,md,39.433086,-76.343119,low
austin,1957.0,chrysler,s/w,gas,90102.0,clean,automatic,tx,30.2107,-97.9427,high
orange county,2007.0,lexus,es350,gas,117293.0,clean,automatic,ca,33.5429,-117.7813,low
philadelphia,2017.0,toyota,tacoma trd off road,gas,43000.0,clean,automatic,pa,39.9218,-75.2876,high
atlanta,2014.0,dodge,grand caravan sxt,gas,120920.0,clean,automatic,ga,33.970289,-84.172051,low
orange county,2012.0,mini,cooper countryman,gas,113000.0,clean,automatic,ca,33.6607,-117.8264,low
dayton / springfield,2019.0,buick,regal preferred ii,gas,28911.0,,automatic,oh,39.884989,-82.967588,medium
roanoke,2016.0,hyundai,elantra,gas,49134.0,clean,automatic,va,37.287868,-80.067312,medium
muskegon,2014.0,buick,enclave,gas,143687.0,clean,automatic,mi,43.1824,-84.1122,medium
port huron,2015.0,ford,expedition,gas,108174.0,clean,automatic,mi,43.1824,-84.1122,high
rockford,2018.0,cadillac,ats sedan 4d,other,16102.0,clean,other,il,42.27,-89.06,high
redding,2012.0,mini,cooper countryman s all4,gas,150382.0,clean,manual,ca,40.578815,-122.387533,low
raleigh / durham / CH,2007.0,toyota,tacoma,gas,216912.0,clean,automatic,nc,35.885534,-78.263054,medium
wenatchee,2019.0,ford,f150 xlt 4x4 1/2 ton gas,gas,20130.0,clean,automatic,wa,46.234838,-119.128015,high
jacksonville,2020.0,ford,explorer xlt,gas,23487.0,clean,automatic,fl,29.800944,-82.530899,high
vermont,2012.0,jeep,wrangler sport,gas,123240.0,clean,manual,vt,44.209041,-72.514597,medium
greenville / upstate,2009.0,honda,cr-v,gas,144000.0,lien,automatic,sc,34.9352,-81.9654,medium
nashville,2011.0,ford,explorer,gas,198996.0,clean,automatic,tn,36.112963,-86.74685,medium
omaha / council bluffs,2016.0,dodge,grand caravan se,gas,51000.0,rebuilt,automatic,ia,41.2064,-95.9953,medium
baltimore,2009.0,honda,accord,gas,148000.0,clean,automatic,md,39.3093,-76.6699,low
central NJ,2019.0,volvo,xc40,gas,24183.0,clean,automatic,nj,40.2043,-74.1779,high
great falls,2019.0,toyota,prius,gas,38123.0,clean,automatic,mt,47.696062,-116.781406,high
fargo / moorhead,2020.0,nissan,maxima,gas,15540.0,clean,automatic,mn,46.590185,-95.57469,high
billings,2013.0,subaru,impreza,gas,162000.0,clean,automatic,mt,45.810776,-108.471381,low
dallas / fort worth,2016.0,other,ALL MAKES ALL MODLES,gas,99000.0,clean,automatic,tx,32.756,-97.077,low
tucson,2017.0,honda,accord,other,90647.0,clean,automatic,az,32.24951,-110.972417,medium
san diego,2015.0,chrysler,200 series limited,gas,67112.0,clean,automatic,ca,33.050189,-117.29475,medium
des moines,2016.0,ram,3500,diesel,111637.0,clean,automatic,ia,30.649697,-97.866554,high
fredericksburg,2012.0,honda,odyssey exl,gas,143000.0,clean,automatic,va,38.494714,-77.99258,medium
treasure coast,2011.0,gmc,sierra 1500 regular cab work,gas,39219.0,clean,other,fl,33.779214,-84.411811,medium
southwest michigan,2019.0,chevrolet,trax lt sport utility,gas,21125.0,clean,automatic,mi,42.27,-85.58,medium
waterloo / cedar falls,2008.0,ram,3500,diesel,283466.0,clean,automatic,ia,42.506275,-92.466713,medium
santa barbara,2016.0,ram,promaster city,gas,87595.0,clean,automatic,ca,35.31731,-119.02691,medium
lansing,1995.0,buick,riviera,gas,118863.0,clean,automatic,mi,42.912954,-85.680286,low
new hampshire,2012.0,ram,1500,gas,128323.0,clean,automatic,nh,42.968205,-71.477995,medium
des moines,2011.0,ford,f-750,diesel,123622.0,clean,automatic,ia,40.468785,-74.281707,high
bozeman,2010.0,subaru,outback,gas,154817.0,clean,automatic,mt,47.696062,-116.781406,medium
denver,2002.0,mazda,tribute,gas,158000.0,clean,automatic,co,39.8302,-105.037,low
richmond,2007.0,toyota,highlander,gas,216358.0,clean,automatic,va,37.704,-77.7853,low
baton rouge,2011.0,chevrolet,corvette grand sport,gas,42017.0,clean,other,la,30.44,-91.12,high
norfolk / hampton roads,2007.0,ford,tarsus,gas,162000.0,clean,automatic,va,36.674844,-76.391727,low
orange county,2008.0,honda,accord ex-l,gas,93000.0,clean,manual,ca,33.788216,-117.833248,medium
los angeles,2012.0,mercedes-benz,benz s550,gas,87000.0,clean,automatic,ca,34.0964,-117.9682,medium
binghamton,2020.0,ram,1500 crew cab big horn,gas,12450.0,clean,other,ny,42.1,-75.91,high
vermont,2018.0,ram,1500,gas,36000.0,lien,automatic,vt,43.3034,-72.4778,high
"kansas city, MO",2006.0,mazda,6,gas,185112.0,clean,automatic,ks,38.9985,-94.1399,low
milwaukee,1990.0,cadillac,allante,gas,119000.0,clean,automatic,wi,43.5045,-88.5451,low
fort collins / north CO,2004.0,volkswagen,passat glx 4motion,gas,132000.0,salvage,automatic,co,40.5473,-105.1076,low
altoona-johnstown,2020.0,ford,ranger supercab xl pickup,gas,10688.0,clean,other,pa,40.5,-78.4,high
las vegas,,other,F-150,gas,412.0,clean,automatic,nv,33.458277,-111.92597,high
ann arbor,2021.0,cadillac,ct5 premium luxury,gas,0.0,,automatic,mi,42.35819,-83.44051,low
new haven,2007.0,ford,super duty f-250,diesel,89595.0,clean,automatic,ct,41.904839,-72.612814,medium
new hampshire,2013.0,ford,f-150,gas,147215.0,clean,automatic,nh,42.833518,-71.107205,medium
york,2011.0,kia,soul,gas,168613.0,clean,automatic,pa,39.922612,-76.685361,low
chico,2016.0,audi,a3,gas,45946.0,clean,automatic,ca,39.746191,-121.89503,medium
stillwater,2012.0,toyota,tacoma double cab pickup,gas,43182.0,clean,other,ok,36.13,-97.07,high
sacramento,2010.0,honda,pilot exl 4wd,gas,184842.0,clean,automatic,ca,38.610647,-121.401433,low
macon / warner robins,2002.0,volkswagen,jetta,gas,159000.0,clean,automatic,ga,32.4605,-83.7283,low
nashville,2013.0,ford,super duty f-250 srw,diesel,37088.0,clean,automatic,tn,35.839799,-86.386926,high
dothan,2020.0,ford,f-150 lariat 4wd,gas,5459.0,clean,automatic,al,29.802119,-82.52985,high
san antonio,2019.0,ford,f-250,other,70751.0,clean,automatic,tx,30.064714,-97.839307,high
treasure coast,2018.0,lexus,nx 300 sport utility 4d,gas,22659.0,clean,other,fl,33.779214,-84.411811,high
raleigh / durham / CH,2015.0,volkswagen,beetle 1.8t fleet,gas,39649.0,clean,other,nc,35.82,-78.65,medium
indianapolis,2010.0,mercedes-benz,glk,gas,108559.0,clean,automatic,in,39.655399,-86.157918,medium
hickory / lenoir,2006.0,ford,escape xlt,gas,158864.0,clean,automatic,nc,35.7576,-81.3289,low
austin,2017.0,chevrolet,silverado 1500,gas,80342.0,clean,automatic,tx,30.34667,-97.5609,high
la crosse,2008.0,subaru,outback wagon,gas,127181.0,clean,automatic,wi,44.048337,-91.671553,low
flagstaff / sedona,2019.0,nissan,frontier crew cab sv,other,21939.0,clean,other,az,33.779214,-84.411811,high
albany,2020.0,rover,range evoque p250 se,gas,147.0,clean,automatic,ny,42.66,-73.79,high
rochester,2018.0,mazda,mx-5 miata grand touring,gas,9410.0,clean,other,ny,43.16,-77.61,high
columbia / jeff city,2013.0,chevrolet,tahoe,other,165934.0,clean,automatic,mo,38.7023,-90.3644,medium
south jersey,2009.0,rover,sport,gas,230000.0,clean,automatic,nj,39.3741,-74.6118,low
space coast,2006.0,ford,f650 dump bed,diesel,64327.0,clean,manual,fl,29.172117,-81.027303,high
milwaukee,2013.0,jeep,wrangler rubicon sport,gas,79540.0,clean,other,wi,43.06,-87.96,high
battle creek,2008.0,dodge,grand caravan,gas,283466.0,clean,automatic,mi,42.316052,-85.188374,low
green bay,2017.0,acura,mdx sh-awd sport utility,other,44651.0,clean,other,wi,44.52,-87.98,high
billings,2010.0,jeep,wrangler unlimited,other,126643.0,clean,automatic,mt,45.7935,-108.481,medium
orlando,2013.0,dodge,grand caravan,gas,189000.0,clean,automatic,fl,28.5163,-81.4516,low
south jersey,2020.0,jeep,wrangler,gas,550.0,clean,automatic,nj,38.9949,-74.838,high
hanford-corcoran,2017.0,chevrolet,silverado 1500 regular,gas,40784.0,clean,other,ca,36.27,-119.63,high
south jersey,2002.0,chevrolet,suburban,gas,223614.0,clean,automatic,nj,39.790694,-74.928664,low
los angeles,2017.0,chrysler,300 300s rwd,gas,26224.0,clean,automatic,ca,33.790984,-118.290084,high
zanesville / cambridge,2015.0,mitsubishi,outlander sport,gas,93715.0,clean,automatic,oh,39.744285,-82.643755,medium
richmond,2019.0,chevrolet,silverado 1500 crew,gas,21014.0,clean,other,in,39.82,-84.88,high
norfolk / hampton roads,2020.0,ram,2500 crew cab tradesman,gas,8008.0,clean,other,va,36.67,-76.3,high
winchester,2020.0,jeep,gladiator,gas,13500.0,clean,automatic,va,38.762669,-77.461754,high
boone,2017.0,chevrolet,camaro ss coupe 2d,gas,10496.0,clean,other,nc,36.2,-81.66,high
albuquerque,2007.0,bmw,335xi,gas,161000.0,clean,automatic,nm,35.0726,-106.5749,low
north jersey,2001.0,ford,f350,diesel,64000.0,clean,automatic,nj,40.7946,-74.1631,medium
south florida,2015.0,bmw,x5 xdrive35i sport,gas,80653.0,clean,automatic,fl,25.99451,-80.207118,low
san antonio,2013.0,jeep,wrangler unlimited,gas,97114.0,clean,manual,tx,29.503215,-95.092042,high
sarasota-bradenton,1966.0,other,1966 gto,gas,19566.0,clean,manual,fl,27.5722,-82.5832,high
rochester,2018.0,mitsubishi,outlander phev sel,other,44422.0,clean,other,ny,43.16,-77.61,medium
pittsburgh,2016.0,ram,1500,gas,27837.0,clean,automatic,pa,40.622694,-79.942979,high
denver,2002.0,subaru,outback limited,gas,115309.0,clean,manual,co,40.182151,-105.102373,low
hawaii,2019.0,toyota,tacoma sr5,gas,16636.0,clean,automatic,hi,21.3488,-157.8759,high
eugene,2018.0,gmc,sierra 1500 *4x4 sle *4dr *crew cab 5.8 ft sb clean carfax *local *truck,gas,63840.0,clean,automatic,or,45.389971,-122.611386,high
new orleans,2014.0,chevrolet,camaro,gas,110854.0,clean,automatic,la,30.002045,-90.137921,medium
sarasota-bradenton,2014.0,chevrolet,cruze ltz auto,gas,76345.0,clean,automatic,fl,27.29845,-82.488954,medium
humboldt county,2011.0,ram,2500,diesel,89000.0,clean,automatic,ca,40.7273,-124.2089,high
harrisburg,2014.0,mini,cooper s,gas,155000.0,clean,automatic,pa,40.267207,-76.875568,low
omaha / council bluffs,2011.0,mercedes-benz,e-class,gas,105359.0,clean,automatic,ia,41.207382,-96.023096,medium
skagit / island / SJI,2019.0,toyota,corolla,gas,33363.0,clean,automatic,wa,48.460843,-122.343504,medium
yakima,2002.0,honda,civic,gas,182771.0,clean,manual,wa,46.580296,-120.49273,low
san diego,1974.0,mercedes-benz,benz 450 slc,gas,151000.0,clean,automatic,ca,33.005,-117.2157,medium
medford-ashland,2009.0,chevrolet,cobalt lt,gas,133389.0,clean,automatic,or,42.331105,-122.872603,low
grand rapids,2005.0,chevrolet,avalanche,gas,150000.0,clean,automatic,mi,42.851055,-83.45119,low
fayetteville,2009.0,toyota,corolla,gas,176063.0,clean,automatic,nc,35.0743,-78.8836,low
tulsa,1996.0,bmw,325i convertible,gas,135000.0,clean,other,ok,36.1754,-95.9112,low
anchorage / mat-su,2019.0,ford,f350 drw,diesel,21183.0,clean,automatic,ak,61.166252,-149.857916,high
santa barbara,2014.0,other,isuzu npr,diesel,124365.0,clean,automatic,ca,34.0289,-117.9373,high
colorado springs,1999.0,ford,mustang svt cobra,gas,126499.0,clean,manual,co,38.835386,-104.78964,medium
cedar rapids,2011.0,chevrolet,silverado 1500,gas,191081.0,clean,automatic,ia,42.457439,-92.332855,medium
eastern NC,2004.0,toyota,4runner sr5,gas,165000.0,clean,automatic,nc,35.8949,-78.7051,medium
charlotte,2007.0,honda,cr-v,gas,195000.0,clean,automatic,nc,35.2358,-80.8964,low
springfield,2015.0,cadillac,ats sedan,gas,41257.0,clean,automatic,mo,38.382623,-93.77344,medium
knoxville,2018.0,audi,a5 premium sedan 4d,other,30107.0,clean,automatic,tn,35.97,-83.94,high
"st louis, MO",2018.0,ford,escape,gas,42830.0,clean,automatic,il,38.382623,-93.77344,medium
shreveport,2017.0,mercedes-benz,gls 450 sport,gas,59599.0,clean,other,la,33.7865,-84.4454,high
sheboygan,1967.0,pontiac,firebird,gas,12345.0,clean,other,wi,43.761,-88.001,medium
augusta,2011.0,hyundai,sonata gls sedan 4d,gas,69860.0,clean,other,ga,33.45,-81.99,medium
milwaukee,1991.0,mazda,miata,gas,40700.0,clean,manual,wi,42.0362,-87.7328,medium
rhode island,2011.0,kia,sorento sx,gas,,clean,automatic,ri,41.788644,-71.421475,low
"kansas city, MO",2015.0,chevrolet,silverado 1500 lt,gas,78704.0,clean,automatic,ks,39.0152,-94.2604,high
fort collins / north CO,2016.0,mazda,mazda3,gas,94036.0,clean,automatic,co,40.182151,-105.102373,medium
asheville,2016.0,acura,mdx sh-awd sport utility,gas,40762.0,clean,automatic,nc,35.57,-82.54,high
dubuque,2011.0,gmc,terrain,gas,140589.0,clean,automatic,ia,42.493198,-90.7258,low
scranton / wilkes-barre,2020.0,toyota,tacoma access cab sr5,gas,8625.0,clean,other,pa,41.4,-75.66,high
san luis obispo,2011.0,toyota,prius three,gas,111069.0,clean,automatic,ca,35.25365,-120.666049,low
eastern NC,2012.0,bmw,328i,gas,130000.0,clean,automatic,nc,35.565331,-77.358244,medium
albany,2007.0,chevrolet,silverado 3500 classic,gas,32853.0,clean,automatic,ny,40.468785,-74.281707,high
los angeles,2019.0,volvo,xc40 momentum,gas,26345.0,clean,automatic,ca,34.146043,-118.108519,low
southwest KS,2020.0,ford,f150 lariat,gas,33045.0,clean,automatic,ks,36.797161,-98.684692,high
mendocino county,2005.0,mini,cooper,gas,142000.0,clean,automatic,ca,38.748898,-122.616005,low
phoenix,2008.0,audi,a4 2.0t,gas,118803.0,clean,automatic,az,33.575113,-112.05749,low
san diego,2019.0,fiat,500 pop hatchback 2d,gas,7526.0,clean,other,ca,32.74,-117.17,medium
eastern CO,1998.0,other,198.5,diesel,260000.0,clean,automatic,co,40.6306,-103.2212,medium
santa barbara,2013.0,bmw,m5,gas,64000.0,clean,automatic,ca,34.4296,-119.8612,high
fayetteville,2005.0,acura,tsx,gas,267000.0,clean,automatic,nc,35.531019,-79.186357,low
stockton,2010.0,acura,tsx,gas,116444.0,clean,automatic,ca,38.608933,-121.430188,medium
vermont,2016.0,ram,1500 tradesman,gas,44000.0,clean,automatic,vt,43.9919,-73.1716,high
battle creek,2010.0,ford,f150 xl,gas,212000.0,clean,automatic,mi,42.334184,-85.155029,low
harrisburg,1968.0,chevrolet,c-10 truck,gas,4709.0,clean,automatic,pa,28.3648,-82.6757,high
long island,2013.0,honda,civic ex,gas,60051.0,clean,automatic,ny,40.826694,-73.403091,medium
east oregon,2012.0,subaru,impreza,gas,91603.0,clean,automatic,or,45.48814,-122.579537,medium
tampa bay area,2014.0,toyota,rav4,gas,65748.0,clean,automatic,fl,27.838871,-82.714995,medium
south jersey,2019.0,lexus,ux,gas,16576.0,clean,,nj,39.938023,-74.971461,high
catskills,1967.0,other,Kaiser Willy,gas,56000.0,clean,manual,ny,42.362,-74.494,low
worcester / central MA,2004.0,ford,f250 super duty 4x4,gas,200000.0,clean,automatic,ma,42.253764,-71.777512,low
southern maryland,2019.0,jeep,wrangler unlimited rubicon,other,9857.0,clean,other,md,38.82,-77.08,high
york,2008.0,chevrolet,cobalt sport,gas,12000.0,clean,manual,pa,39.8881,-76.9931,low
milwaukee,2012.0,jeep,wrangler unlimited,gas,43000.0,clean,manual,wi,42.086963,-87.98852,high
scranton / wilkes-barre,2002.0,jaguar,xk8,gas,78000.0,clean,automatic,pa,41.652388,-75.439682,medium
indianapolis,2009.0,chrysler,town & country lx,gas,179000.0,clean,automatic,in,39.7038,-86.3029,low
chattanooga,2016.0,toyota,tacoma access cab sr5,other,79393.0,clean,other,tn,35.06,-85.25,high
oregon coast,2008.0,toyota,tundra,gas,123385.0,clean,automatic,or,45.382346,-122.605132,high
san luis obispo,2013.0,mitsubishi,outlander sport se,gas,122260.0,clean,automatic,ca,34.6583,-120.4506,low
battle creek,2007.0,ford,edge sel awd,gas,126000.0,clean,automatic,mi,42.333042,-85.154514,low
topeka,2018.0,mitsubishi,eclipse cross,gas,16266.0,clean,automatic,ks,38.990868,-95.233358,high
las vegas,2017.0,cadillac,cts 2.0 luxury sedan 4d,gas,41147.0,clean,other,nv,36.17,-115.12,high
chattanooga,2017.0,kia,sorento,gas,49840.0,clean,automatic,tn,35.060995,-85.192238,medium
kennewick-pasco-richland,2018.0,toyota,camry,gas,27543.0,clean,automatic,wa,47.664705,-117.310362,high
baltimore,2020.0,gmc,yukon slt sport utility 4d,other,21930.0,clean,other,md,39.3,-76.61,high
south florida,2014.0,mercedes-benz,benz cla250,gas,117000.0,clean,automatic,fl,25.985,-80.1407,medium
ann arbor,2008.0,gmc,yukon xl,gas,202503.0,clean,automatic,mi,43.1824,-84.1122,medium
houston,2012.0,bmw,x5,gas,111061.0,clean,automatic,tx,30.008339,-95.438916,medium
bend,2015.0,chevrolet,silverado 3500hd ltz,diesel,95674.0,clean,automatic,or,44.055471,-121.27625,low
visalia-tulare,2017.0,infiniti,qx60 3.5 sport utility,gas,54341.0,clean,automatic,ca,36.4,-119.38,high
des moines,2008.0,ford,escape,gas,151000.0,clean,automatic,ia,41.593,-93.8592,low
tucson,2014.0,dodge,durango sxt,gas,148700.0,clean,automatic,az,32.1483,-110.7781,medium
grand rapids,2011.0,chevrolet,hhr,gas,168894.0,clean,automatic,mi,42.982244,-85.698696,low
tucson,1997.0,toyota,4runner,gas,280000.0,clean,automatic,az,32.3112,-110.9179,low
rochester,2017.0,chevrolet,trax lt sport utility,gas,33228.0,clean,other,ny,43.16,-77.61,medium
mobile,1997.0,gmc,sierra,gas,0.0,clean,automatic,al,30.663,-88.0556,low
greensboro,1988.0,bmw,325is,gas,268500.0,clean,manual,nc,36.2127,-79.9897,high
rochester,2012.0,ram,pickup 1500,gas,127773.0,clean,automatic,ny,43.2267,-77.32547,medium
bemidji,2019.0,jeep,compass,gas,19782.0,clean,automatic,mn,46.590185,-95.57469,high
detroit metro,2010.0,other,Maserati GranTurismo Coupe 2D,other,42318.0,clean,other,mi,42.22,-83.36,high
oklahoma city,2020.0,jeep,wrangler sport s utility 2d,other,131.0,clean,other,ok,35.46,-97.51,high
scranton / wilkes-barre,2012.0,chevrolet,corvette grand sport,gas,45961.0,clean,other,pa,41.4,-75.66,high
memphis,2018.0,ford,e-series cutaway,gas,16535.0,clean,automatic,tn,40.468785,-74.281707,high
pittsburgh,2001.0,chevrolet,corvette,gas,92000.0,clean,automatic,pa,40.7808,-80.0592,medium
north mississippi,2017.0,dodge,grand caravan sxt,gas,89704.0,clean,automatic,ms,34.70126,-89.811001,medium
springfield,2004.0,toyota,highlander sport,gas,157000.0,clean,automatic,il,39.7622,-89.6275,low
lehigh valley,2008.0,subaru,outback 2.5i awdwagon,gas,214415.0,,automatic,pa,40.617325,-75.441437,low
richmond,2020.0,acura,mdx sh-awd sport utility,gas,2835.0,clean,other,in,39.82,-84.88,high
vermont,2018.0,ram,1500 express quad cab,gas,25409.0,clean,automatic,vt,43.9919,-73.1716,high
hickory / lenoir,2016.0,ford,f150 regular cab xl pickup,gas,14230.0,clean,other,nc,35.73,-81.32,high
milwaukee,2001.0,hyundai,sonata,gas,1.0,clean,automatic,wi,42.348459,-87.885401,low
greenville / upstate,2008.0,lexus,is 250 base,gas,179000.0,clean,automatic,sc,34.8278,-82.3807,low
dallas / fort worth,2020.0,toyota,sienna xle,gas,20.0,,automatic,tx,32.899513,-96.577046,high
houston,2015.0,ford,f-250 super duty,other,89260.0,clean,automatic,tx,29.89036,-95.392527,high
moses lake,2017.0,ford,f-250,diesel,38492.0,clean,automatic,wa,46.9996,-120.5163,high
lubbock,2014.0,dodge,charger,gas,172261.0,clean,automatic,tx,33.561881,-101.856445,low
palm springs,2012.0,bmw,328i,gas,74000.0,clean,automatic,ca,33.743904,-116.359028,medium
oklahoma city,2011.0,mercedes-benz,glk,gas,135668.0,clean,automatic,ok,35.511257,-97.592418,low
greenville / upstate,2016.0,jeep,,gas,103600.0,salvage,automatic,sc,34.971674,-82.01289,low
orlando,2005.0,nissan,altima se,gas,160000.0,clean,automatic,fl,28.5383,-81.3792,low
cumberland valley,2016.0,chevrolet,camaro ss coupe 2d,gas,9704.0,clean,other,md,39.82,-78.72,high
corvallis/albany,1999.0,ram,,diesel,163804.0,clean,manual,or,45.382346,-122.605132,high
dallas / fort worth,2008.0,lexus,rx350 navigation,gas,162711.0,clean,automatic,tx,32.906234,-96.698652,low
flint,1992.0,pontiac,firebird,gas,114000.0,clean,manual,mi,42.7851,-83.7294,medium
western massachusetts,2005.0,chrysler,pt cruiser,gas,81214.0,clean,automatic,ma,42.6344,-71.2983,low
pittsburgh,2007.0,chevrolet,impala lt,gas,140000.0,clean,automatic,pa,41.404221,-80.391576,low
central NJ,2009.0,honda,accord lx,gas,240000.0,clean,automatic,nj,40.4226,-74.1799,low
bellingham,2006.0,ford,f-350 xlt,gas,175000.0,clean,automatic,wa,48.6952,-122.4124,low
western massachusetts,2019.0,subaru,legacy 2.5i premium,gas,17099.0,rebuilt,automatic,ma,42.1487,-72.6079,medium
phoenix,2007.0,other,JM1BK32F871604924,gas,191385.0,clean,automatic,az,33.631594,-111.923234,low
new hampshire,2013.0,hyundai,tucson,gas,91258.0,clean,automatic,nh,42.914352,-71.389906,low
los angeles,2018.0,ford,mustang gt premium coupe 2d,gas,22213.0,clean,other,ca,33.75,-118.2,high
gainesville,,other,500,gas,28689.0,clean,automatic,fl,29.676827,-82.319202,high
oregon coast,1959.0,jeep,,gas,7811.0,clean,manual,or,43.702373,-124.102632,low
billings,2005.0,other,"GMC, Ford, Freightliner & More",diesel,161087.0,clean,automatic,mt,39.8671,-104.9227,medium
st cloud,2009.0,chevrolet,impala 1lt,gas,145321.0,salvage,automatic,mn,45.924856,-94.346144,low
billings,,other,a Sienna,gas,34294.0,clean,automatic,mt,39.674406,-104.998604,high
eastern CT,2003.0,ford,ranger xlt,gas,255000.0,clean,automatic,ct,41.526289,-72.098036,low
omaha / council bluffs,2008.0,jeep,liberty,gas,98214.0,clean,automatic,ia,41.424186,-96.499908,low
north jersey,2002.0,jeep,grand cherokee,gas,136755.0,clean,automatic,nj,40.777547,-74.18825,low
cincinnati,1988.0,chevrolet,camaro,gas,49288.0,clean,automatic,oh,33.6372,-96.6184,medium
fayetteville,2014.0,nissan,altima,gas,139000.0,salvage,automatic,nc,34.7599,-79.4673,low
sheboygan,2012.0,nissan,rogue,gas,87241.0,clean,automatic,wi,44.07818,-87.6968,medium
chico,2008.0,ford,mustang gt premium,gas,87500.0,clean,manual,ca,39.738072,-121.845245,medium
western massachusetts,2016.0,bmw,4 series 428i xdrive gran,other,19021.0,clean,automatic,ma,42.11,-72.53,high
st augustine,2006.0,ford,f650 dump bed,diesel,64327.0,clean,automatic,fl,29.172211,-81.027324,high
maine,2008.0,other,international 4300,diesel,124080.0,clean,automatic,me,42.0794,-71.04,low
greensboro,2016.0,mercedes-benz,c-class,gas,52776.0,clean,automatic,nc,,,medium
minneapolis / st paul,2009.0,saturn,sky roadster 2d,gas,11327.0,clean,other,mn,44.98,-93.56,medium
toledo,2006.0,jeep,liberty sport,gas,153200.0,clean,automatic,oh,41.542877,-83.585045,low
ashtabula,2020.0,infiniti,qx60 luxe sport utility,gas,6500.0,clean,automatic,oh,41.87,-80.79,high
el paso,2016.0,nissan,sentra,gas,88000.0,clean,automatic,tx,31.7814,-106.3613,medium
hudson valley,1999.0,porsche,911 c4,gas,10070.0,clean,manual,ny,41.927,-73.889,high
knoxville,2013.0,audi,a8 quattro,gas,180000.0,clean,automatic,tn,35.9924,-84.1201,low
kennewick-pasco-richland,2021.0,mitsubishi,outlander sport,gas,10.0,clean,automatic,wa,46.213805,-119.161041,high
eugene,2000.0,toyota,4runner sr5,gas,224687.0,clean,automatic,or,44.0467,-123.0204,low
columbus,2018.0,chevrolet,silverado 2500 hd,other,3749.0,clean,other,ga,32.51,-84.87,high
athens,2017.0,jeep,wrangler sport s utility 2d,gas,891.0,clean,other,ga,33.95,-83.39,high
dothan,2019.0,ram,1500 classic slt 4wd,gas,39364.0,clean,automatic,al,29.802268,-82.530384,high
bend,2015.0,chevrolet,silverado 1500,gas,139206.0,clean,automatic,or,44.055524,-121.26973,high
atlanta,2018.0,audi,s4 prestige sedan 4d,other,33824.0,clean,other,ga,33.86,-84.42,high
new river valley,2016.0,kia,forte koup ex coupe 2d,gas,17631.0,clean,other,va,37.12,-80.55,medium
bellingham,2015.0,toyota,4runner,gas,87307.0,clean,automatic,wa,47.1991,-122.3151,high
oregon coast,2014.0,ford,escape,gas,90554.0,clean,automatic,or,43.390723,-124.263982,medium
milwaukee,2012.0,mitsubishi,fuso fec52s,diesel,163642.0,clean,other,wi,42.3542,-87.8651,medium
austin,2017.0,toyota,tacoma,gas,82066.0,salvage,automatic,tx,25.827103,-80.24152,high
fargo / moorhead,2019.0,audi,s4,gas,24534.0,clean,automatic,mn,46.7932,-96.8397,high
"washington, DC",2005.0,mitsubishi,endeavor limited awd,gas,125000.0,clean,automatic,dc,38.8565,-77.0592,low
youngstown,2012.0,jeep,liberty sport,gas,243000.0,clean,automatic,oh,41.089134,-80.704291,low
rochester,2008.0,toyota,tacoma,gas,134060.0,clean,other,ny,43.223552,-77.372473,medium
fredericksburg,2010.0,ford,explorer,gas,145500.0,clean,automatic,va,38.270806,-77.495036,low
detroit metro,2020.0,cadillac,xt4 sport suv 4d,diesel,4174.0,clean,other,mi,42.22,-83.36,high
santa maria,2014.0,toyota,tundra double cab sr,other,15242.0,clean,other,ca,33.779214,-84.411811,high
sioux city,2002.0,chevrolet,silverado z71,gas,233000.0,clean,automatic,ia,42.4671,-96.3528,low
ocala,2001.0,other,isuzu rodeo ls,gas,255100.0,clean,automatic,fl,28.9822,-81.9888,low
annapolis,1968.0,chevrolet,,gas,10.0,clean,automatic,md,38.9797,-76.7435,medium
long island,2011.0,honda,pilot ex,gas,93600.0,clean,automatic,ny,40.739401,-73.206711,medium
fort smith,2016.0,ram,1500,gas,126900.0,clean,automatic,ar,34.5814,-94.221,high
el paso,2012.0,acura,tsx sedan 4d,gas,36309.0,clean,other,tx,31.84,-106.43,medium
columbus,2017.0,buick,regal premium ii sedan 4d,gas,14934.0,clean,other,oh,39.98,-82.98,medium
prescott,2018.0,lexus,rx 350l sport utility 4d,gas,30020.0,clean,other,az,34.62,-112.42,high
harrisburg,2011.0,subaru,forester,gas,99000.0,clean,manual,pa,40.2151,-76.8689,low
los angeles,2002.0,volkswagen,jetta gls,gas,92600.0,clean,automatic,ca,34.029,-118.4005,low
panama city,2014.0,honda,pilot ex-l,gas,138874.0,clean,automatic,fl,30.174916,-85.624915,medium
hartford,2004.0,honda,odyssey,gas,100000.0,clean,automatic,ct,42.4291,-71.0605,low
greensboro,2017.0,chevrolet,silverado 1500 regular,gas,40784.0,clean,other,nc,36.07,-79.82,high
denver,2005.0,toyota,tacoma,gas,237841.0,clean,manual,co,39.671,-104.9279,medium
reading,2016.0,other,Scion iM Hatchback 4D,gas,32573.0,clean,other,pa,40.33,-75.92,medium
rockford,2021.0,jeep,grand cherokee,gas,11.0,clean,automatic,il,42.2711,-89.094,low
madison,1998.0,other,Buicks,gas,108000.0,clean,automatic,wi,43.1205,-89.3523,low
fayetteville,2007.0,toyota,camry solara,gas,156872.0,clean,automatic,nc,35.58096,-78.81976,low
chico,2011.0,hyundai,genesis,gas,125943.0,clean,automatic,ca,38.611926,-121.423565,medium
lansing,2009.0,pontiac,g6,gas,155320.0,clean,automatic,mi,43.1824,-84.1122,low
sarasota-bradenton,2009.0,dodge,grand caravan,gas,93000.0,clean,automatic,fl,27.08745,-82.43085,low
vermont,2015.0,other,MERDECES BENZ GLK350,gas,59551.0,clean,automatic,vt,44.439495,-73.210154,high
gainesville,2013.0,jeep,wrangler unlimited sport,gas,46469.0,clean,other,fl,29.67,-82.33,high
wichita falls,2013.0,bmw,1 series 135i coupe 2d,gas,83600.0,clean,other,tx,33.89,-98.51,medium
eugene,2018.0,acura,mdx,gas,37810.0,clean,automatic,or,44.05278,-123.128308,high
chillicothe,1991.0,gmc,c5500 topkick,gas,200000.0,clean,manual,oh,39.278117,-84.019415,medium
grand rapids,2010.0,ford,f150,gas,188000.0,clean,automatic,mi,42.851055,-83.45119,medium
lubbock,2013.0,ram,2500,diesel,200169.0,clean,automatic,tx,30.649549,-97.866726,high
toledo,2000.0,ford,f350,diesel,283466.0,clean,automatic,oh,42.8409,-83.4288,low
asheville,2016.0,kia,soul wagon 4d,gas,23972.0,clean,other,nc,35.57,-82.54,medium
bloomington-normal,2004.0,mercedes-benz,clk,gas,102514.0,clean,automatic,il,40.460978,-89.006561,medium
hudson valley,2015.0,chevrolet,silverado 1500 double,other,43874.0,clean,other,ny,41.93,-73.99,high
lewiston / clarkston,2018.0,toyota,tundra double cab,gas,71767.0,clean,automatic,id,46.206891,-116.896288,high
wenatchee,2020.0,ram,1500 classic warlock,gas,2141.0,clean,automatic,wa,46.234838,-119.128015,high
brainerd,2017.0,chevrolet,traverse,gas,51665.0,clean,automatic,mn,46.590185,-95.57469,medium
"kansas city, MO",2020.0,mini,hardtop 4 door cooper,gas,9495.0,clean,other,ks,39.09,-94.58,high
inland empire,2013.0,honda,civic si,gas,72000.0,clean,manual,ca,33.788216,-117.833248,medium
louisville,2006.0,chevrolet,express cargo van,gas,73360.0,clean,automatic,ky,40.468785,-74.281707,high
florence / muscle shoals,2012.0,jeep,wrangler,gas,113761.0,clean,automatic,al,34.79953,-87.206061,high
charlotte,2002.0,honda,civic lx sedan,gas,189122.0,clean,automatic,nc,35.456477,-80.618076,low
western KY,2016.0,jeep,wrangler rubicon sport,gas,59322.0,clean,other,ky,36.97,-86.44,high
charlotte,2016.0,ram,1500,gas,95674.0,clean,automatic,nc,35.589154,-80.832039,medium
houston,2007.0,ford,f-150,gas,95000.0,clean,automatic,tx,29.790686,-95.404602,low
rhode island,2017.0,audi,a8 l 3.0t sedan 4d,gas,65265.0,clean,automatic,ri,41.82,-71.41,high
harrisburg,2011.0,other,freightliner cascadia,diesel,283466.0,clean,manual,pa,40.195,-77.1117,medium
olympic peninsula,2019.0,kia,sportage,gas,46612.0,clean,automatic,wa,47.81247,-122.32164,medium
western slope,2017.0,ford,f-350 super duty lariat crew 8ft lb 6.7 liter,other,65120.0,clean,automatic,co,33.3917,-111.9249,high
eugene,2012.0,dodge,journey sxt,gas,135283.0,clean,automatic,or,44.045127,-123.043674,medium
western massachusetts,2015.0,ford,f-150,gas,100003.0,clean,automatic,ma,42.788204,-71.233728,high
new hampshire,2018.0,ford,escape,gas,54159.0,clean,automatic,nh,42.7564,-71.4667,medium
myrtle beach,1999.0,chevrolet,tahoe,gas,195000.0,clean,automatic,sc,33.5507,-79.0528,medium
flagstaff / sedona,2020.0,chevrolet,trax lt,gas,5507.0,clean,automatic,az,35.189958,-111.666438,high
detroit metro,2019.0,volkswagen,golf sportwagen tsi s,other,33653.0,clean,other,mi,42.22,-83.36,medium
north mississippi,2019.0,honda,accord,gas,33000.0,rebuilt,automatic,ms,34.9527,-88.9053,medium
columbus,2016.0,dodge,challenger r/t scat pack,gas,12193.0,clean,other,ga,32.51,-84.87,high
yakima,2012.0,chevrolet,silverado 1500,gas,104836.0,clean,automatic,wa,46.55319,-120.47568,high
myrtle beach,1931.0,chevrolet,,gas,26954.0,clean,manual,sc,34.0558,-78.9161,medium
denver,2017.0,ram,1500 laramie longhorn*leath,gas,34619.0,clean,automatic,co,39.675975,-105.008636,high
hudson valley,2006.0,dodge,dakota slt,gas,106108.0,clean,automatic,ny,41.7035,-73.9117,low
gold country,2017.0,ford,transit 350 wagon,gas,27240.0,clean,automatic,ca,38.660046,-121.166899,high
orange county,1995.0,chevrolet,camaro,gas,56000.0,clean,manual,ca,34.0397,-117.1804,high
visalia-tulare,2008.0,mercedes-benz,benz c300,gas,160423.0,clean,automatic,ca,36.3114,-119.3065,low
orange county,2020.0,nissan,leaf sv hatchback 4d,gas,3836.0,clean,other,ca,33.74,-117.82,high
fayetteville,2013.0,jeep,wrangler,gas,136875.0,clean,automatic,nc,33.972555,-78.031209,high
pensacola,2017.0,hyundai,elantra,gas,43333.0,clean,automatic,fl,30.468691,-87.25386,medium
cleveland,2009.0,dodge,challenger,gas,74781.0,clean,automatic,oh,41.038965,-81.575742,high
fredericksburg,2012.0,dodge,durango,gas,116411.0,clean,automatic,va,38.25295,-77.50261,medium
jacksonville,2006.0,chrysler,crossfire coupe,gas,94500.0,clean,manual,fl,30.3417,-81.6729,low
macon / warner robins,1998.0,other,DODGE1500,gas,238000.0,clean,automatic,ga,33.3449,-84.0982,low
finger lakes,2010.0,subaru,outback,gas,1.0,clean,automatic,ny,43.007921,-76.513596,low
new haven,2007.0,volvo,s40 2.4i,gas,154273.0,clean,automatic,ct,41.3323,-72.7809,low
altoona-johnstown,2019.0,infiniti,qx60 pure sport utility,other,32042.0,clean,other,pa,40.5,-78.4,high
sioux falls / SE SD,2014.0,jeep,grand cherokee,gas,151031.0,clean,automatic,sd,43.54342,-96.755714,medium
bakersfield,2015.0,lexus,dealer* luxury pkg* rear dvd* preffered pkg*mark levinson*2-keys*like new,gas,72249.0,clean,automatic,ca,45.5472,-122.5001,high
anchorage / mat-su,2017.0,bmw,330i,gas,32792.0,clean,automatic,ak,61.16167,-149.86312,high
fort collins / north CO,2015.0,toyota,corolla le sedan 4d,gas,34680.0,clean,automatic,co,40.55,-105.06,medium
yakima,2012.0,ford,f-150,gas,103458.0,clean,automatic,wa,45.876983,-119.293925,high
colorado springs,2012.0,ram,2500 crew cab,diesel,250000.0,clean,automatic,co,39.058526,-104.85853,medium
ft myers / SW florida,2013.0,cadillac,srx,gas,120231.0,rebuilt,automatic,fl,26.9379,-82.2388,medium
peoria,2019.0,ford,ranger supercrew xlt pickup,gas,13628.0,clean,other,il,40.74,-89.6,high
college station,2005.0,chevrolet,silverado 1500,gas,161200.0,clean,automatic,tx,30.6045,-96.3123,low
detroit metro,1992.0,mazda,b2600i 4x4,gas,111000.0,clean,manual,mi,42.5424,-83.3793,low
detroit metro,2017.0,volkswagen,beetle 1.8t s,gas,25248.0,clean,other,mi,42.58,-82.81,medium
austin,2015.0,chevrolet,silverado 1500,gas,91406.0,clean,automatic,tx,30.402667,-97.761037,high
modesto,2007.0,chrysler,300,gas,145000.0,clean,automatic,ca,37.4888,-120.8535,low
rhode island,2002.0,chrysler,voyager,gas,135000.0,clean,automatic,ri,41.4353,-71.4616,low
anchorage / mat-su,2019.0,nissan,pathfinder,gas,20676.0,clean,automatic,ak,61.16167,-149.86312,high
redding,2015.0,mercedes-benz,gl 350 bluetec local trade*80k msrp*prem pkg*lighting pkg*pano roof* appearance pkg* brown black leather* dvd* tow pkg,diesel,80603.0,clean,automatic,ca,45.5472,-122.5001,high
portland,2007.0,mazda,mazda3,gas,201862.0,clean,automatic,or,45.461782,-122.579677,low
boston,2014.0,nissan,murano s awd,gas,79691.0,clean,automatic,ma,42.3492,-71.2267,medium
bakersfield,2013.0,ford,fiesta se,gas,130000.0,clean,automatic,ca,33.9871,-118.3321,low
yakima,2021.0,chevrolet,blazer,gas,1.0,clean,automatic,wa,46.9996,-120.5163,high
ann arbor,2018.0,ford,mustang ecoboost coupe 2d,gas,24957.0,clean,automatic,mi,42.27,-83.73,high
harrisonburg,2010.0,chevrolet,corvette convertible,gas,31879.0,clean,other,va,38.43,-78.87,high
tri-cities,2018.0,mitsubishi,outlander phev sel,other,25384.0,clean,other,tn,36.53,-82.32,high
SF bay area,2011.0,other,x1 x2 x4 x5 x6 x7 135i x3,gas,133000.0,clean,automatic,ca,37.5507,-122.3276,low
hartford,2011.0,chevrolet,avalanche,other,149118.0,clean,automatic,ct,40.894535,-74.152367,medium
mohave county,2017.0,porsche,"macan s 67k msrp* premium package plus* gloss black window trim*roof rails in black* 20"" rs spyder wheels* navigation* heated and ventilated seats*tinted windows",gas,44141.0,clean,automatic,az,45.5472,-122.5001,high
new hampshire,2020.0,jeep,gladiator,gas,8840.0,clean,automatic,nh,42.788204,-71.233728,high
greenville / upstate,2004.0,chevrolet,avalanche z71 4x4,gas,160000.0,clean,automatic,sc,34.8661,-82.3198,low
columbus,2016.0,gmc,sierra 2500 hd double cab,gas,23190.0,clean,other,oh,39.98,-82.98,high
fresno / madera,2018.0,ford,transit cargo,gas,25811.0,clean,automatic,ca,36.533226,-119.576488,high
"kansas city, MO",2004.0,toyota,tacoma,gas,220000.0,clean,manual,ks,39.0417,-94.7202,low
north jersey,2008.0,toyota,camry se 4dr sedan 5a,gas,120495.0,clean,automatic,nj,40.89333,-74.164125,low
wilmington,2018.0,chrysler,300 limited sedan 4d,gas,71021.0,clean,other,nc,34.21,-77.91,medium
akron / canton,2006.0,chevrolet,corvette,gas,25000.0,clean,automatic,oh,40.4845,-81.4358,high
milwaukee,2010.0,ford,focus,gas,134302.0,clean,automatic,wi,42.577681,-87.820774,low
greenville / upstate,2006.0,toyota,sienna,gas,209583.0,clean,automatic,sc,34.952829,-80.998136,low
dallas / fort worth,2010.0,chrysler,town & country touring,gas,122162.0,clean,automatic,tx,32.802,-96.96,low
SF bay area,2008.0,honda,accord lx,gas,108672.0,clean,automatic,ca,37.3855,-122.088,low
raleigh / durham / CH,1964.0,chevrolet,malibu,gas,89765.0,clean,automatic,nc,35.9815,-78.5392,high
dallas / fort worth,2008.0,gmc,envoy,gas,215000.0,clean,automatic,tx,32.628062,-97.387657,low
reno / tahoe,2008.0,jeep,wrangler,gas,191421.0,clean,automatic,ca,39.1507,-119.7459,medium
montgomery,2004.0,infiniti,g35,gas,150000.0,clean,automatic,al,32.3597,-86.2954,low
lexington,1987.0,chevrolet,silverado,gas,48500.0,clean,automatic,ky,37.7546,-84.2955,medium
colorado springs,2013.0,ford,edge,gas,181700.0,clean,automatic,co,39.380709,-104.866236,low
merced,1972.0,chevrolet,c60,gas,283466.0,clean,manual,ca,37.3763,-120.7252,low
modesto,2011.0,ford,f350 super duty,gas,22543.0,clean,automatic,ca,37.765104,-120.850714,high
stockton,1975.0,volkswagen,beetle,gas,79400.0,clean,manual,ca,38.0575,-121.3097,low
eastern kentucky,2018.0,ford,f-150,gas,21260.0,salvage,automatic,ky,25.827103,-80.24152,high
ft myers / SW florida,2012.0,fiat,500,gas,63000.0,clean,automatic,fl,26.087406,-81.678646,medium
yuma,2015.0,ford,f-250 super duty xlt,other,107971.0,clean,automatic,az,33.396353,-111.954863,high
del rio / eagle pass,2013.0,gmc,sierra 1500,gas,115500.0,clean,automatic,tx,29.359187,-98.56836,medium
stockton,2022.0,toyota,mighty max,gas,180000.0,clean,automatic,ca,37.7383,-121.4345,low
bakersfield,2010.0,bmw,328i,gas,85980.0,clean,automatic,ca,34.183005,-118.370312,low
kalamazoo,2018.0,chevrolet,colorado crew cab work,gas,11401.0,clean,other,mi,42.27,-85.58,high
kenosha-racine,2008.0,chrysler,town and country,gas,126166.0,clean,automatic,wi,42.57992,-87.820874,low
albany,2020.0,acura,mdx sh-awd sport utility,gas,1237.0,clean,other,ga,31.57,-84.17,high
kennewick-pasco-richland,2014.0,bmw,328d,diesel,71000.0,clean,automatic,wa,46.3153,-119.3714,medium
philadelphia,2008.0,nissan,altima,gas,134923.0,clean,automatic,pa,39.937155,-75.088194,low
amarillo,2007.0,other,HUMMER H2,gas,153607.0,clean,automatic,tx,35.203066,-101.895003,medium
helena,2009.0,toyota,matrix,gas,142868.0,clean,automatic,mt,45.7629,-108.539,low
toledo,2010.0,ford,f150,gas,79000.0,clean,automatic,oh,42.8409,-83.4288,medium
detroit metro,2017.0,cadillac,escalade,other,64226.0,clean,automatic,mi,42.4261,-83.1951,low
south florida,2014.0,hyundai,veloster,gas,67622.0,clean,automatic,fl,27.633,-80.4031,medium
las vegas,2012.0,ford,fiesta ses,gas,,clean,manual,nv,36.2589,-115.1718,low
myrtle beach,2017.0,ford,transit,gas,71943.0,clean,automatic,sc,33.771328,-79.019358,high
lansing,2008.0,gmc,acadia,gas,169118.0,clean,automatic,mi,43.1824,-84.1122,low
pensacola,2017.0,chevrolet,tahoe,gas,18288.0,clean,automatic,fl,30.4481,-87.2589,high
worcester / central MA,2016.0,nissan,frontier,gas,50287.0,clean,automatic,ma,42.074303,-71.868973,medium
greenville / upstate,2012.0,subaru,impreza hatchback,gas,45500.0,salvage,automatic,sc,34.9803,-81.9168,low
wichita falls,2020.0,chevrolet,tahoe,gas,55678.0,clean,automatic,tx,35.199,-97.4841,high
logan,2011.0,chevrolet,impala,gas,139000.0,clean,automatic,ut,39.5372,-82.4126,low
new orleans,2014.0,gmc,yukon,gas,115085.0,clean,automatic,la,30.002045,-90.137921,medium
catskills,1992.0,honda,civic dx,gas,50601.0,clean,automatic,ny,42.1852,-74.6178,low
new hampshire,2010.0,lexus,rx,gas,155731.0,clean,automatic,nh,42.914352,-71.389906,medium
vermont,2017.0,toyota,rav4 xle,gas,43412.0,clean,automatic,vt,43.512431,-71.495826,medium
milwaukee,2010.0,chevrolet,silverado 1500,gas,283466.0,clean,automatic,wi,42.676573,-88.2816,low
columbus,2003.0,saturn,l300,gas,114736.0,clean,automatic,oh,39.9046,-82.9703,low
cincinnati,2016.0,chevrolet,silverado 1500 double,gas,29499.0,clean,other,oh,39.09,-84.51,high
los angeles,2019.0,audi,q5 premium plus,gas,16355.0,clean,automatic,ca,33.526981,-117.714841,high
colorado springs,2010.0,ford,focus,gas,92000.0,clean,automatic,co,38.8752,-104.8252,low
orlando,2002.0,audi,tt,gas,131500.0,clean,manual,fl,28.708517,-81.325937,low
milwaukee,2019.0,acura,mdx sh-awd w/technology,gas,8919.0,clean,other,wi,43.06,-87.96,high
louisville,2008.0,ford,f350 xl,gas,59000.0,clean,automatic,ky,42.117784,-88.436268,medium
portland,2007.0,honda,civic,gas,157496.0,clean,automatic,or,45.4373,-122.6147,low
"st louis, MO",2020.0,kia,telluride lx sport utility,other,22524.0,clean,other,il,38.63,-90.24,high
charleston,2016.0,jeep,cherokee,gas,81952.0,clean,automatic,wv,40.833834,-81.338867,medium
tampa bay area,2015.0,volkswagen,passat,gas,125000.0,clean,automatic,fl,28.1385,-82.743,low
kennewick-pasco-richland,2020.0,chevrolet,silverado 1500 lt 4x4,gas,8127.0,clean,automatic,wa,46.234838,-119.128015,high
kalamazoo,2015.0,chevrolet,camero,gas,150000.0,clean,automatic,mi,42.316052,-85.188374,low
sacramento,2008.0,dodge,durango,gas,169000.0,clean,automatic,ca,38.651979,-121.450418,low
poconos,2012.0,mini,cooper s countryman,gas,116854.0,clean,,pa,40.13519,-74.70357,low
fort collins / north CO,2018.0,bmw,x5 xdrive35i sport utility,gas,33038.0,clean,automatic,co,40.55,-105.06,high
yuba-sutter,1999.0,mercury,grand marquis ls,gas,156292.0,clean,automatic,ca,39.123441,-121.61144,low
los angeles,2015.0,audi,s4,gas,59012.0,clean,automatic,ca,34.151,-118.0889,high
charlottesville,2014.0,chevrolet,silverado 1500 lt,gas,76000.0,clean,automatic,va,37.810072,-78.536882,high
greenville / upstate,2013.0,nissan,altima,gas,168364.0,clean,automatic,sc,34.9453,-82.2209,medium
fresno / madera,2017.0,kia,optima,gas,119264.0,clean,automatic,ca,36.905852,-119.794299,medium
SF bay area,2008.0,chrysler,pt cruiser,gas,68000.0,clean,automatic,ca,37.7526,-121.77,low
sarasota-bradenton,2010.0,ford,escape,gas,123765.0,clean,automatic,fl,27.311,-82.521,low
worcester / central MA,1998.0,jeep,grand cherokee,gas,111000.0,clean,automatic,ma,42.1968,-71.7644,low
amarillo,2010.0,chevrolet,silverado 1500,gas,148146.0,clean,automatic,tx,35.203066,-101.895003,medium
myrtle beach,2014.0,bmw,640,gas,65957.0,clean,automatic,sc,33.770756,-79.020164,high
redding,2019.0,nissan,sentra,gas,32120.0,clean,automatic,ca,40.57218,-122.368589,medium
north jersey,2011.0,mitsubishi,lancer sportsback gts,gas,115121.0,clean,manual,nj,41.0817,-74.1861,low
minneapolis / st paul,2014.0,ford,focus se,gas,74878.0,clean,automatic,mn,44.793373,-93.417893,low
indianapolis,2009.0,mercedes-benz,r-class,gas,137060.0,clean,automatic,in,40.130257,-86.214202,low
kennewick-pasco-richland,2017.0,jeep,cherokee trailhawk 4x4 gas,gas,71725.0,clean,automatic,wa,46.234838,-119.128015,high
north jersey,2015.0,chevrolet,express,gas,42000.0,salvage,automatic,nj,40.988757,-74.302574,medium
albany,1974.0,pontiac,grandville,gas,999.0,clean,automatic,ga,32.0404,-84.2153,medium
philadelphia,2006.0,chevrolet,silverado 1500 work tr,gas,184652.0,clean,automatic,pa,40.085,-74.2042,low
watertown,2011.0,chevrolet,silverado z-71 4x4,gas,124100.0,clean,automatic,ny,43.9743,-75.9122,medium
cincinnati,2017.0,toyota,camry,gas,25254.0,clean,automatic,oh,39.187084,-84.653308,medium
central NJ,2015.0,toyota,corolla le,gas,74482.0,clean,automatic,nj,40.4226,-74.1799,medium
los angeles,2016.0,nissan,juke,gas,90000.0,clean,automatic,ca,33.888841,-118.352073,low
waterloo / cedar falls,2011.0,other,Suzuki SX4,gas,137181.0,clean,automatic,ia,42.506275,-92.466713,low
"st louis, MO",2013.0,kia,soul,gas,82589.0,clean,manual,il,38.36935,-90.158374,low
scranton / wilkes-barre,2019.0,gmc,sierra 1500 crew cab slt,gas,25731.0,clean,other,pa,41.4,-75.66,high
memphis,2007.0,ford,super duty f-750 straight frame,diesel,124669.0,clean,automatic,tn,40.468785,-74.281707,high
sacramento,2020.0,chevrolet,spark 1lt hatchback 4d,gas,31454.0,clean,other,ca,38.58,-121.49,medium
appleton-oshkosh-FDL,2017.0,mercedes-benz,gle 350,gas,25886.0,rebuilt,automatic,wi,44.321,-88.941,high
mcallen / edinburg,2012.0,ford,focus,gas,128000.0,clean,automatic,tx,26.2561,-98.3477,low
parkersburg-marietta,2016.0,other,Scion iM Hatchback 4D,gas,32573.0,clean,other,oh,39.26,-81.54,medium
space coast,2019.0,mini,countryman cooper se all4,gas,21246.0,clean,automatic,fl,28.17,-80.6,high
fairbanks,2018.0,kia,rio 5-door,gas,18321.0,clean,automatic,ak,64.81552,-147.71293,medium
richmond,2017.0,mercedes-benz,gls 450 sport,gas,43451.0,clean,other,in,39.82,-84.88,high
SF bay area,2007.0,other,135i 335i 335is 335xi  535i,gas,142500.0,clean,automatic,ca,37.5507,-122.3276,low
stockton,2015.0,mazda,mazda3,gas,122400.0,clean,automatic,ca,37.95868,-121.27473,low
montgomery,2017.0,ford,expedition xlt sport,gas,70760.0,clean,other,al,32.35,-86.28,high
boston,2013.0,ford,focus se hatchback,gas,112257.0,clean,automatic,ma,42.545356,-70.944353,low
knoxville,2017.0,infiniti,q60 3.0t premium coupe,other,52340.0,clean,other,tn,35.97,-83.94,high
tulsa,2014.0,volkswagen,jetta tdi,diesel,15638.0,clean,automatic,ok,36.140417,-95.887075,medium
orange county,2016.0,nissan,altima,gas,62732.0,clean,automatic,ca,33.83718,-117.84541,medium
san diego,2004.0,chevrolet,,gas,216526.0,clean,automatic,ca,32.697,-117.1153,low
new river valley,2019.0,toyota,tacoma double cab trd,other,12992.0,clean,other,va,37.12,-80.55,high
show low,1987.0,ford,mustang,gas,85000.0,clean,automatic,az,34.252066,-110.054297,medium
knoxville,2000.0,audi,s4 quattro,gas,171000.0,salvage,manual,tn,35.9244,-84.0015,low
rockford,2018.0,volkswagen,beetle 2.0t se,gas,18794.0,clean,other,il,42.27,-89.06,high
las vegas,2003.0,dodge,2500,diesel,220000.0,clean,automatic,nv,36.075714,-115.261602,high
north jersey,2018.0,ford,edge sel awd,,89484.0,clean,automatic,nj,40.46865,-74.29699,medium
madison,2016.0,gmc,acadia,gas,59830.0,clean,automatic,wi,42.595436,-87.845789,medium
maine,2003.0,nissan,xterra,gas,107392.0,clean,automatic,me,43.0921,-70.7429,low
hanford-corcoran,2016.0,lexus,gs 350 sedan 4d,gas,31992.0,clean,other,ca,36.27,-119.63,high
yuba-sutter,2012.0,dodge,grand caravan - stow 'n go - flex fuel - new tires,gas,95674.0,clean,automatic,ca,38.5892,-121.4057,low
orange county,2008.0,honda,odyssey,gas,205.0,clean,automatic,ca,33.563392,-117.661823,low
merced,2016.0,chevrolet,silverado 1500 lt 4wd,gas,32159.0,clean,automatic,ca,38.610767,-121.422557,high
ocala,2005.0,nissan,sentra,gas,53000.0,clean,automatic,fl,28.9295,-82.4892,low
san luis obispo,2013.0,volkswagen,jetta sportwagen,gas,65874.0,clean,automatic,ca,35.267013,-120.670023,medium
colorado springs,2007.0,toyota,tacoma,gas,95674.0,clean,manual,co,39.53018,-104.767626,medium
los angeles,2014.0,ford,fiesta,gas,124480.0,clean,automatic,ca,34.201479,-118.562814,low
muncie / anderson,2020.0,buick,encore gx select sport,gas,3722.0,clean,other,in,40.19,-85.39,high
new hampshire,2007.0,mercedes-benz,sl550,gas,55000.0,clean,automatic,nh,42.7846,-71.2176,medium
western massachusetts,2015.0,gmc,sierra,gas,78567.0,clean,automatic,ma,42.788204,-71.233728,high
cincinnati,2019.0,mazda,mx-5 miata grand touring,gas,4936.0,clean,other,oh,39.09,-84.51,high
fargo / moorhead,2014.0,ford,fiesta,gas,117502.0,clean,manual,mn,46.590185,-95.57469,medium
monterey bay,2014.0,chevrolet,silverado 1500 double cab,gas,97624.0,clean,automatic,ca,37.321152,-121.950555,high
ft myers / SW florida,2014.0,mercedes-benz,cla-class cla 250,other,39628.0,clean,other,fl,26.63,-81.85,medium
little rock,2014.0,dodge,dart,gas,90000.0,clean,automatic,ar,34.448189,-92.945831,low
springfield,2012.0,gmc,terrain,gas,107375.0,clean,automatic,il,39.81138,-89.60592,medium
philadelphia,2014.0,honda,accord,gas,73455.0,clean,automatic,pa,40.2084,-74.8291,medium
cincinnati,2020.0,chevrolet,corvette,gas,450.0,clean,other,oh,39.03,-84.559,high
detroit metro,2015.0,infiniti,q50,gas,39200.0,clean,automatic,mi,42.5125,-83.0643,medium
olympic peninsula,2014.0,chevrolet,camaro,gas,24029.0,clean,manual,wa,47.1991,-122.3151,high
south jersey,2007.0,jeep,wrangler,gas,187350.0,clean,automatic,nj,40.185945,-74.749874,medium
hartford,2020.0,kia,telluride lx sport utility,other,22524.0,clean,other,ct,41.76,-72.68,high
louisville,2017.0,dodge,challenger sxt,gas,37937.0,clean,automatic,ky,38.30906,-85.750364,high
pensacola,2019.0,nissan,versa note,gas,38758.0,clean,automatic,fl,30.468691,-87.25386,medium
jacksonville,2012.0,nissan,maxima,gas,115612.0,clean,automatic,fl,30.286603,-81.553709,low
mobile,2016.0,cadillac,ats,gas,4885.0,clean,automatic,al,30.668786,-88.105874,high
yuba-sutter,2001.0,lexus,es 300,gas,147049.0,clean,automatic,ca,39.123441,-121.61144,low
corvallis/albany,2001.0,ram,,gas,116346.0,clean,automatic,or,45.382346,-122.605132,high
philadelphia,2007.0,nissan,frontier crew cab,gas,156000.0,clean,automatic,pa,39.855,-75.7,low
bellingham,2017.0,ram,1500,gas,43763.0,clean,automatic,wa,47.1991,-122.3151,high
yuba-sutter,2012.0,ford,focus,gas,138536.0,clean,automatic,ca,39.022483,-121.612859,low
detroit metro,2017.0,hyundai,sonata plug-in hybrid,hybrid,29254.0,clean,manual,mi,42.22,-83.36,medium
northern WI,2013.0,ford,explorer,gas,105000.0,clean,automatic,wi,42.281,-87.95,medium
fayetteville,2012.0,toyota,prius v,hybrid,217300.0,clean,automatic,ar,36.1666,-94.1217,low
lakeland,2017.0,nissan,altima,gas,71219.0,clean,automatic,fl,27.9382,-82.3756,medium
tulsa,2003.0,ford,f150,gas,185000.0,clean,automatic,ok,36.321903,-95.8464,low
billings,2012.0,ram,3500,diesel,68484.0,clean,automatic,mt,47.81247,-122.32164,high
minneapolis / st paul,1989.0,toyota,mr2,gas,163000.0,clean,other,mn,45.8768,-95.1332,low
appleton-oshkosh-FDL,2001.0,ram,2500 slt,diesel,84000.0,clean,manual,wi,43.683862,-88.289824,high
pullman / moscow,2004.0,toyota,camry,gas,200000.0,clean,automatic,id,46.7352,-117.1729,low
muskegon,2015.0,chevrolet,equinox lt,gas,78000.0,clean,automatic,mi,43.190034,-86.155,medium
tulsa,2008.0,kia,sportage lx,gas,68421.0,clean,automatic,ok,35.990855,-95.886397,low
long island,2016.0,gmc,canyon crew cab sle pickup,gas,34425.0,clean,other,ny,40.8,-73.12,high
dallas / fort worth,2018.0,nissan,rogue,gas,32782.0,clean,automatic,tx,32.946016,-96.829355,medium
new haven,2013.0,honda,civic ex,gas,134247.0,clean,automatic,ct,41.46,-72.8222,medium
corvallis/albany,2013.0,subaru,outback,gas,121523.0,clean,automatic,or,45.4373,-122.6147,medium
wichita,2014.0,ford,f250 super duty crew cab,diesel,206341.0,clean,automatic,ks,30.1237,-95.2686,high
killeen / temple / ft hood,2017.0,acura,rdx,other,36319.0,clean,automatic,tx,31.124479,-97.721092,high
anchorage / mat-su,2018.0,jeep,compass,gas,43571.0,clean,automatic,ak,61.16167,-149.86312,high
altoona-johnstown,2003.0,jeep,liberty,gas,116000.0,clean,automatic,pa,40.755085,-78.534439,low
minneapolis / st paul,2009.0,volkswagen,cc sport,gas,97500.0,clean,automatic,mn,44.95435,-93.311874,low
springfield,2021.0,gmc,sierra 1500,diesel,9713.0,clean,automatic,mo,38.382623,-93.77344,high
holland,2007.0,bmw,328xi,gas,157000.0,clean,manual,mi,42.8138,-86.1435,low
florence,2018.0,gmc,sierra 1500 double cab sle,gas,24299.0,clean,other,sc,34.18,-79.78,high
palm springs,2008.0,audi,a3,gas,79000.0,clean,automatic,ca,33.745144,-116.351803,low
rockford,2016.0,jeep,wrangler unlimited rubicon,gas,45000.0,clean,automatic,il,42.3295,-89.0335,low
chillicothe,2015.0,volkswagen,golf tdi sel,diesel,51482.0,clean,other,oh,39.33,-82.98,medium
denver,2019.0,ford,transit connect cargo xlt,gas,32336.0,clean,other,co,39.76,-104.87,high
cleveland,2016.0,other,Blue Bird All American,diesel,65368.0,clean,automatic,oh,40.468785,-74.281707,high
raleigh / durham / CH,1999.0,ford,explorer,gas,137450.0,clean,automatic,nc,35.723998,-78.847676,low
bakersfield,2020.0,lincoln,corsair reserve sport,gas,7469.0,clean,other,ca,35.38,-119.02,high
phoenix,2015.0,infiniti,q70 3.7 sedan 4d,gas,58491.0,clean,other,az,33.51,-112.36,high
central NJ,2018.0,gmc,yukon xl,gas,70750.0,clean,automatic,nj,40.2043,-74.1779,high
phoenix,2013.0,toyota,sienna se wheelchair han,gas,15162.0,clean,automatic,az,33.681077,-112.05849,high
lincoln,2011.0,ford,f150 supercrew cab,other,193238.0,clean,automatic,ne,40.7378,-96.8445,medium
monterey bay,2019.0,lincoln,mkz,hybrid,17894.0,clean,automatic,ca,36.616382,-121.843524,high
columbia / jeff city,2008.0,gmc,sierra 1500,gas,76372.0,clean,automatic,mo,38.9371,-92.334,high
columbus,2004.0,ford,taurus,gas,154607.0,clean,automatic,oh,39.955,-83.134,low
southwest michigan,2011.0,ford,explorer,gas,213302.0,clean,automatic,mi,43.1824,-84.1122,low
bakersfield,2006.0,nissan,xterra,gas,142000.0,clean,automatic,ca,34.0662,-117.3993,low
medford-ashland,2012.0,jeep,liberty sport,gas,106000.0,clean,automatic,or,42.4363,-122.8366,medium
jackson,2018.0,ram,1500 quad cab harvest pickup,gas,29979.0,clean,other,mi,42.24,-84.4,high
charlotte,2010.0,toyota,tacoma access cab pickup,other,,clean,other,nc,35.19,-80.83,medium
boise,2004.0,chevrolet,avalanche,gas,120020.0,clean,automatic,id,43.583406,-116.559463,medium
sioux city,1987.0,ford,foxbody,gas,57000.0,clean,automatic,ia,41.7715,-96.3924,low
stockton,2012.0,audi,a5 2.0t fronttrak premium,other,63904.0,clean,other,ca,33.7865,-84.4454,medium
albuquerque,2020.0,chrysler,pacifica touring l plus,other,18470.0,clean,other,nm,35.11,-106.62,high
wilmington,2012.0,gmc,sierra 2500 hd extended cab,gas,68696.0,clean,other,nc,34.21,-77.91,high
new york city,2014.0,rover,sport,other,53574.0,clean,automatic,ny,40.81603,-73.46397,high
ocala,2011.0,ford,f350 super duty,diesel,149291.0,clean,automatic,fl,28.9223,-82.39,high
winchester,2017.0,jeep,wrangler,gas,33314.0,clean,automatic,va,38.762669,-77.461754,high
pensacola,2001.0,ford,crown victoria lx,gas,149000.0,clean,automatic,fl,30.6698,-87.1794,low
fort collins / north CO,2002.0,ford,f-150,gas,196000.0,clean,automatic,co,40.5473,-105.1076,low
tri-cities,2006.0,cadillac,dts,gas,95886.0,clean,automatic,tn,37.286501,-80.056719,low
bellingham,2016.0,mini,cooper fwd gas hatchback,gas,44746.0,clean,automatic,wa,47.841211,-122.297249,medium
denver,2018.0,hyundai,accent se sedan 4d,gas,33718.0,clean,other,co,39.76,-104.87,medium
rochester,2008.0,gmc,sierra 2500hd,diesel,204536.0,clean,automatic,mn,44.307057,-93.289528,medium
omaha / council bluffs,2015.0,chevrolet,spark lt,gas,32495.0,rebuilt,automatic,ia,41.190799,-95.977409,low
lewiston / clarkston,2017.0,acura,ilx,gas,26837.0,clean,automatic,id,46.206891,-116.896288,high
south jersey,2014.0,ford,fusion,gas,118065.0,clean,automatic,nj,40.185945,-74.749874,medium
lubbock,2019.0,ford,f-150,gas,29458.0,clean,automatic,tx,33.196047,-102.273565,high
hartford,2012.0,ford,super duty f-550 drw,diesel,52307.0,clean,automatic,ct,40.468785,-74.281707,high
louisville,2012.0,hyundai,sonata,gas,115000.0,rebuilt,automatic,ky,37.8808,-84.5646,low
new orleans,2015.0,bmw,328i,gas,84765.0,clean,automatic,la,30.002045,-90.137921,medium
richmond,2009.0,mini,cooper,gas,111231.0,clean,manual,va,38.337032,-77.482903,low
terre haute,2020.0,dodge,durango gt plus sport,gas,26829.0,clean,other,in,39.47,-87.38,high
daytona beach,2003.0,dodge,durango,gas,9600.0,clean,automatic,fl,29.4861,-81.2045,low
ann arbor,1994.0,chevrolet,,gas,220000.0,clean,automatic,mi,42.4567,-83.659,low
billings,2018.0,audi,a3 premium,gas,22604.0,clean,automatic,mt,47.7989,-116.7423,high
ft myers / SW florida,2019.0,volkswagen,atlas s 4motion sport,other,9067.0,clean,other,fl,26.14,-81.79,high
syracuse,2003.0,gmc,sonoma,gas,87438.0,,other,ny,42.970943,-76.613296,medium
anchorage / mat-su,2019.0,ford,f350 super duty lariat,diesel,47100.0,clean,automatic,ak,61.19,-149.8938,high
toledo,2018.0,toyota,camry,gas,74700.0,clean,other,oh,41.229643,-84.032606,medium
springfield,2012.0,chevrolet,silverado,diesel,186000.0,clean,automatic,il,30.64763,-97.861919,high
new york city,1980.0,lincoln,continental,gas,26000.0,clean,automatic,ny,41.1673,-73.8538,low
lawton,2019.0,chevrolet,silverado 1500 crew,gas,21014.0,clean,other,ok,34.6,-98.42,high
akron / canton,2007.0,honda,accord,gas,158496.0,clean,automatic,oh,41.115721,-81.348205,low
redding,2012.0,volkswagen,tiguan,gas,78813.0,clean,automatic,ca,38.608824,-121.400837,medium
yuba-sutter,2016.0,toyota,tundra double cab sr,gas,22870.0,clean,other,ca,39.05,-121.61,high
lakeland,2016.0,chevrolet,silverado,gas,108911.0,clean,automatic,fl,28.00853,-82.45974,high
fresno / madera,2012.0,hyundai,genesis 3.8 sedan 4d,other,77718.0,clean,other,ca,33.779214,-84.411811,medium
heartland florida,2018.0,ford,f-150 xlt,gas,230223.0,clean,automatic,fl,27.234099,-80.829894,medium
ft myers / SW florida,2007.0,dodge,caliber,gas,79160.0,clean,automatic,fl,26.571661,-81.877633,low
seattle-tacoma,2000.0,cadillac,escalade base 4dr suv,gas,140645.0,,automatic,wa,47.816633,-122.318936,low
knoxville,2018.0,toyota,tundra crewmax,gas,50572.0,clean,automatic,tn,35.858,-84.1194,high
"washington, DC",2018.0,audi,a4,gas,73290.0,clean,automatic,dc,38.50835,-77.37164,medium
syracuse,2012.0,chevrolet,silverado,gas,241000.0,clean,automatic,ny,42.93,-76.5626,medium
fayetteville,2017.0,mercedes-benz,s-class,gas,50731.0,clean,automatic,ar,38.4018,-93.785,high
detroit metro,2015.0,honda,fit,gas,68909.0,clean,manual,mi,42.55021,-83.7895,medium
monterey bay,1999.0,chevrolet,corvette z51,gas,99920.0,clean,automatic,ca,36.6811,-121.6176,medium
hartford,2014.0,chevrolet,silverado 2500 hd crew,other,29223.0,clean,other,ct,41.76,-72.68,high
wenatchee,2013.0,ford,f150 fx4 4x4 half ton gas,gas,75137.0,clean,automatic,wa,46.234838,-119.128015,high
missoula,2006.0,toyota,4runner,gas,278000.0,clean,automatic,mt,47.5525,-114.1054,medium
new hampshire,2009.0,chevrolet,silverado 1500,gas,160817.0,clean,automatic,nh,42.875305,-71.156237,medium
phoenix,2016.0,mercedes-benz,cls-class cls 400,gas,42973.0,clean,automatic,az,33.44,-112.08,high
rhode island,2019.0,chrysler,300 touring l sedan 4d,other,19690.0,clean,other,ri,41.82,-71.41,high
fayetteville,2014.0,ford,super duty f-350 srw,gas,160142.0,clean,automatic,ar,,,medium
stockton,2017.0,ford,mustang,gas,41163.0,clean,automatic,ca,37.95868,-121.27473,medium
louisville,2008.0,gmc,yukon,gas,178866.0,clean,automatic,ky,38.325624,-85.468628,medium
spokane / coeur d'alene,2011.0,jeep,wrangler,gas,110315.0,clean,other,id,47.714927,-116.790784,medium
dubuque,2008.0,chevrolet,silverado 1500 crew cab,other,229440.0,clean,automatic,ia,42.4778,-92.3661,low
rockford,2015.0,dodge,journey r/t sport utility,gas,77833.0,clean,other,il,42.27,-89.06,medium
southeast IA,2000.0,chevrolet,silverado 1500,gas,74896.0,clean,automatic,ia,41.3301,-92.2019,medium
redding,2020.0,ford,ranger supercab xl pickup,gas,10740.0,clean,other,ca,33.779214,-84.411811,high
indianapolis,2014.0,ford,expedition el limited,gas,97200.0,clean,automatic,in,39.6177,-86.1907,high
long island,2008.0,audi,s4,gas,87000.0,clean,automatic,ny,40.865608,-73.364038,medium
hartford,2013.0,jeep,wrangler,gas,104482.0,clean,automatic,ct,43.066264,-71.447,high
sheboygan,2018.0,jeep,wrangler unlimited all new,gas,27616.0,clean,other,wi,43.7,-87.74,high
catskills,2016.0,toyota,tundra double cab sr,gas,22870.0,clean,other,ny,42.21,-73.86,high
fayetteville,2018.0,lexus,nx 300 sport utility 4d,other,15923.0,clean,other,nc,35.05,-78.87,high
moses lake,2007.0,honda,accord,gas,225000.0,clean,automatic,wa,47.1374,-119.2891,low
omaha / council bluffs,2017.0,chevrolet,silverado 1500,other,75571.0,clean,automatic,ia,39.0705,-93.7133,high
cincinnati,2008.0,subaru,impreza wrx,gas,187000.0,clean,manual,oh,39.03,-84.559,low
eugene,2004.0,mini,cooper,gas,107477.0,clean,other,or,44.058499,-123.106176,low
cleveland,2020.0,cadillac,xt4 sport suv 4d,other,5261.0,clean,other,oh,41.47,-81.67,high
knoxville,2018.0,honda,civic lx 2.0,gas,34000.0,rebuilt,automatic,tn,35.95734,-83.817959,medium
syracuse,2014.0,ford,explorer,gas,121870.0,clean,automatic,ny,43.1226,-76.1284,low
portland,2011.0,chevrolet,hhr lt,gas,88000.0,clean,automatic,or,45.6418,-122.6251,low
ventura county,2013.0,bmw,7 series,gas,91509.0,clean,automatic,ca,33.882535,-118.353148,medium
new york city,2009.0,lexus,es 350,gas,98500.0,clean,automatic,ny,40.7239,-73.7127,low
eau claire,2013.0,subaru,impreza wrx premium hatch,gas,,clean,manual,wi,44.843195,-91.550371,medium
rhode island,2018.0,mercedes-benz,e-class e 400,other,31235.0,clean,other,ri,41.82,-71.41,high
dayton / springfield,2017.0,honda,civic,gas,44162.0,clean,automatic,oh,39.651352,-84.222938,medium
maine,1992.0,other,international 4900,diesel,53000.0,clean,automatic,me,44.0943,-69.4828,medium
tyler / east TX,2011.0,honda,odyssey touring,gas,218000.0,clean,automatic,tx,32.158902,-95.456257,low
tulsa,2010.0,chevrolet,camaro,gas,70000.0,clean,automatic,ok,35.2204,-97.4577,medium
albany,2015.0,ford,transit cargo van,other,76751.0,clean,automatic,ny,43.220454,-77.819038,medium
san antonio,2016.0,nissan,frontier crew cab pro-4x,gas,24661.0,clean,automatic,tx,29.45,-98.5,high
chicago,2012.0,honda,pilot suv touring 4wd,gas,74000.0,clean,automatic,il,41.7781,-87.7069,medium
boston,2013.0,nissan,altima,gas,125678.0,clean,automatic,ma,42.627517,-71.31736,low
buffalo,2011.0,jeep,wrangler unlimited,gas,110799.0,clean,automatic,ny,43.223552,-77.372473,medium
des moines,2015.0,ford,f-150,gas,167965.0,clean,automatic,ia,41.600223,-93.570059,high
south florida,2015.0,bmw,4 series 435i gran coupe,gas,20997.0,clean,other,fl,26.14,-80.13,high
wilmington,2008.0,toyota,prius,hybrid,129979.0,clean,automatic,nc,,,low
norfolk / hampton roads,2010.0,ford,f150 platinum,gas,125007.0,clean,automatic,va,36.80453,-76.38501,medium
tuscaloosa,2017.0,gmc,acadia sle-1 sport utility,gas,48959.0,clean,other,al,33.23,-87.54,medium
new york city,2005.0,ford,taurus,gas,140349.0,clean,automatic,ny,40.40825,-74.372882,low
des moines,2006.0,jeep,grand cherokee,gas,150000.0,clean,manual,ia,41.6381,-93.6203,low
ventura county,2010.0,ram,1500 regular cab st,gas,0.0,,automatic,ca,34.213401,-119.178039,medium
eugene,2012.0,rover,sport 4x4 - hse lux - 4dr suv - clean carfax,gas,105915.0,clean,automatic,or,45.389971,-122.611386,medium
fort wayne,2014.0,volkswagen,jetta sportwagen 2.0l,diesel,31374.0,clean,other,in,41.07,-85.13,medium
statesboro,2019.0,cadillac,xt4 sport suv 4d,other,12102.0,clean,other,ga,32.44,-81.77,high
"washington, DC",2015.0,mazda,mazda3,gas,42182.0,clean,automatic,dc,38.986137,-77.455694,medium
bakersfield,2015.0,toyota,tundra,gas,116495.0,clean,automatic,ca,34.227125,-118.467977,high
milwaukee,2014.0,ram,promaster 3500,gas,160510.0,rebuilt,automatic,wi,43.032157,-87.927361,medium
lewiston / clarkston,2006.0,honda,odyssey,gas,170744.0,clean,automatic,id,47.692931,-117.411632,low
roanoke,2017.0,ford,f350 super duty,gas,8300.0,clean,automatic,va,37.3885,-79.8172,high
mcallen / edinburg,2017.0,rover,discovery,gas,40951.0,clean,automatic,tx,26.193466,-98.145378,high
atlanta,2008.0,gmc,sierra 1500,gas,184752.0,clean,automatic,ga,33.796945,-84.643843,medium
new york city,2020.0,kia,soul x-line wagon 4d,other,4400.0,clean,other,ny,40.71,-73.99,medium
oklahoma city,2013.0,lexus,gs 350 sedan 4d,gas,54357.0,clean,other,ok,35.46,-97.51,high
rhode island,2007.0,honda,civic lx,gas,107150.0,clean,automatic,ri,41.8541,-71.4378,low
mankato,2015.0,ford,edge,gas,104676.0,clean,automatic,mn,43.651759,-94.452864,medium
daytona beach,1999.0,other,am general humvee,diesel,,clean,automatic,fl,29.015063,-81.358738,high
central NJ,2018.0,kia,sorento lx sport utility 4d,other,39420.0,clean,other,nj,40.22,-74.76,medium
rochester,2014.0,bmw,435i m sport package,gas,69500.0,clean,manual,mn,44.0032,-92.4835,medium
tulsa,2011.0,chevrolet,cruze 2lt,gas,118000.0,clean,automatic,ok,36.0934,-95.8856,low
salt lake city,2007.0,chevrolet,cc4500,gas,77581.0,clean,automatic,ut,40.468785,-74.281707,high
las cruces,2016.0,ford,f-150,gas,283466.0,clean,automatic,nm,32.288264,-106.782475,high
eugene,2001.0,ram,,diesel,135327.0,clean,automatic,or,45.382346,-122.605132,high
la crosse,2018.0,audi,s5 premium plus sedan 4d,gas,34184.0,clean,automatic,wi,43.82,-91.23,high
delaware,2016.0,ford,econoline commercial cutaway,gas,105070.0,clean,automatic,de,40.468785,-74.281707,high
long island,2017.0,subaru,impreza 2.0i sport wagon,gas,29926.0,clean,other,ny,40.8,-73.12,medium
yakima,2004.0,chevrolet,silverado 1500,gas,75000.0,clean,automatic,wa,46.80171,-120.675044,low
fresno / madera,2013.0,hyundai,santa fe,gas,155000.0,clean,automatic,ca,36.815639,-119.694743,low
gold country,2011.0,subaru,forester 2.5x,gas,128343.0,clean,automatic,ca,38.905363,-121.0774,low
western slope,2013.0,ford,fusion 4dr sdn se fwd,,111576.0,clean,automatic,co,39.081944,-108.588542,medium
killeen / temple / ft hood,2018.0,buick,encore,other,40611.0,clean,automatic,tx,31.124479,-97.721092,medium
charleston,2000.0,jeep,grand cherokee,gas,190232.0,salvage,automatic,sc,32.7993,-80.006,low
el paso,2017.0,acura,ilx sedan 4d,gas,14939.0,clean,other,tx,31.84,-106.43,medium
grand rapids,2011.0,ford,flex,gas,154000.0,clean,automatic,mi,42.8894,-85.6219,low
new haven,2012.0,hyundai,veracruz,gas,90700.0,clean,automatic,ct,,,medium
jacksonville,1996.0,chevrolet,impala ss,gas,23425.0,clean,automatic,fl,30.2837,-81.8202,high
new hampshire,2016.0,mazda,mazda3,gas,102000.0,clean,manual,nh,43.188723,-71.504929,low
minneapolis / st paul,2008.0,dodge,grand caravan,other,185432.0,clean,automatic,mn,45.019058,-92.984787,low
columbus,2002.0,honda,civic,gas,69000.0,clean,automatic,oh,40.1454,-82.9817,medium
winchester,2008.0,toyota,tundra,gas,192317.0,clean,automatic,va,39.1501,-78.269,medium
akron / canton,2013.0,tesla,model s signature,electric,62588.0,clean,other,oh,41.08,-81.52,high
"kansas city, MO",2004.0,chevrolet,silverado crew cab,gas,101000.0,clean,automatic,ks,38.8865,-94.8204,medium
louisville,2011.0,ford,super duty f-450 drw,diesel,137481.0,clean,automatic,ky,40.468785,-74.281707,high
new york city,2016.0,jeep,wrangler,gas,17711.0,clean,automatic,ny,40.921008,-73.764205,high
chico,2014.0,kia,forte ex sedan,gas,144206.0,clean,automatic,ca,40.175298,-122.233025,medium
sarasota-bradenton,1978.0,other,1978 F100,gas,169000.0,clean,automatic,fl,27.2427,-82.4751,low
jacksonville,1999.0,chevrolet,corvette,gas,8902.0,clean,automatic,fl,27.907158,-82.787506,high
norfolk / hampton roads,2004.0,ram,,gas,180525.0,clean,automatic,va,36.86981,-76.22502,low
charlotte,2016.0,chevrolet,silverado 1500,gas,68215.0,clean,automatic,nc,35.534152,-82.432096,high
new haven,2013.0,mini,cooper,gas,102500.0,clean,automatic,ct,41.5521,-73.2083,low
kennewick-pasco-richland,2020.0,chevrolet,silverado 1500 lt 4x4,gas,18365.0,clean,automatic,wa,46.234838,-119.128015,high
denver,2016.0,jeep,cherokee,gas,66877.0,clean,automatic,co,39.677734,-104.891215,medium
las vegas,2020.0,chevrolet,blazer 2lt sport,gas,15231.0,clean,other,nv,36.17,-115.12,high
san luis obispo,2012.0,ford,f-150,gas,119689.0,clean,,ca,35.581556,-120.698513,medium
akron / canton,2016.0,ford,focus,other,87976.0,clean,automatic,oh,41.041256,-81.607193,low
flint,2015.0,nissan,sentra sv,gas,70340.0,,automatic,mi,42.568136,-83.813674,low
omaha / council bluffs,2014.0,kia,sorento,gas,39058.0,clean,automatic,ia,41.1345,-96.2458,medium
fort collins / north CO,2012.0,toyota,tacoma,gas,155951.0,clean,automatic,co,39.7305,-105.1915,medium
tulsa,2017.0,nissan,titan single cab sv,gas,41335.0,clean,other,ok,36.12,-95.91,high
erie,2007.0,honda,civic,gas,66490.0,clean,automatic,pa,41.8018,-81.048149,low
louisville,2020.0,honda,fit sport hatchback 4d,gas,1668.0,clean,other,ky,38.22,-85.74,medium
"washington, DC",2010.0,acura,tsx,gas,159720.0,clean,automatic,dc,39.173,-77.1855,low
long island,2002.0,hyundai,fe,gas,155000.0,clean,automatic,ny,40.6842,-73.4171,low
hilton head,1999.0,bmw,z3 2.3,gas,46700.0,clean,manual,sc,32.435005,-80.643768,low
lexington,2018.0,ford,fusion,gas,79191.0,clean,automatic,ky,38.219687,-84.541856,medium
houston,2015.0,mercedes-benz,c-class,gas,84461.0,clean,automatic,tx,29.784452,-95.656235,medium
san antonio,2017.0,ford,super duty f-350 srw,diesel,107271.0,clean,automatic,tx,29.516724,-98.53066,high
harrisburg,2015.0,dodge,challenger hellcat 6-speed manual,,4697.0,clean,manual,pa,40.859162,-76.773484,high
scranton / wilkes-barre,2008.0,ford,f-350,gas,89802.0,clean,automatic,pa,40.894535,-74.152367,medium
tallahassee,2015.0,ford,f150 xl,gas,46387.0,clean,automatic,fl,29.801672,-82.531414,high
ocala,2010.0,lexus,es,gas,124149.0,clean,automatic,fl,28.567037,-81.291542,medium
austin,2012.0,cadillac,cts,gas,102526.0,clean,automatic,tx,30.453166,-97.667536,medium
phoenix,2020.0,subaru,wrx limited sedan 4d,other,2194.0,clean,other,az,33.44,-111.8,high
indianapolis,2012.0,ram,1500,gas,164786.0,clean,automatic,in,39.254962,-84.107453,high
new hampshire,2007.0,other,saab 9-5 turbo,gas,175000.0,clean,automatic,nh,42.9925,-71.3449,low
kennewick-pasco-richland,2010.0,toyota,"sequoia limited local oregon rust free* new bilstein lift*new 35"" mastercraft tires* new oem trd wheels* new tiger xl basket* chrome delete pkg* color matched door handles and grill",gas,167317.0,clean,automatic,wa,45.5472,-122.5001,high
phoenix,2007.0,cadillac,escalade,gas,154864.0,clean,automatic,az,32.272575,-110.961031,medium
baltimore,2013.0,chevrolet,corvette,gas,7048.0,clean,automatic,md,39.4567,-76.9696,high
cumberland valley,2020.0,acura,rdx sh-awd a-spec pkg,gas,43097.0,clean,other,md,39.82,-78.72,high
birmingham,2004.0,cadillac,srx,gas,224105.0,clean,automatic,al,33.455361,-86.962474,low
tulsa,2010.0,dodge,nitro,gas,149816.0,clean,automatic,ok,36.146286,-95.761017,low
des moines,2012.0,nissan,rogue,gas,96566.0,clean,automatic,ia,41.600976,-93.58129,medium
twin tiers NY/PA,2017.0,audi,a4 allroad premium wagon 4d,other,22297.0,clean,other,ny,42.08,-76.8,high
tulsa,2016.0,audi,a3 e-tron,hybrid,38561.0,clean,automatic,ok,38.4018,-93.785,medium
flagstaff / sedona,2020.0,toyota,corolla le sedan 4d,gas,1688.0,clean,other,az,33.7865,-84.4454,medium
north jersey,2016.0,nissan,maxima,gas,77203.0,clean,automatic,nj,,,medium
des moines,2018.0,dodge,,other,483.0,clean,automatic,ia,45.494265,-122.579192,high
syracuse,2016.0,other,Scion iM Hatchback 4D,gas,65203.0,clean,other,ny,43.04,-76.14,medium
SF bay area,1997.0,mercury,villager van,gas,93000.0,clean,automatic,ca,37.7589,-122.1853,low
lansing,2016.0,ram,1500 slt 4wd!crew cab,gas,67331.0,,automatic,mi,42.300673,-84.024108,high
milwaukee,2003.0,mercury,sable,gas,75804.0,clean,automatic,wi,43.1188,-87.9478,low
new orleans,2018.0,dodge,challenger,gas,42092.0,clean,manual,la,30.002045,-90.137921,high
tallahassee,2008.0,chrysler,town & country,gas,85000.0,clean,automatic,fl,30.448922,-84.32991,low
central NJ,2010.0,mazda,5,gas,133500.0,clean,automatic,nj,40.5515,-74.459,low
bend,2008.0,toyota,tundra,gas,147774.0,clean,automatic,or,45.382346,-122.605132,high
san antonio,2016.0,nissan,titan,other,101279.0,clean,automatic,tx,30.064714,-97.839307,high
baton rouge,2007.0,toyota,4runner,gas,158177.0,clean,automatic,la,30.4558,-91.0596,medium
lawton,2017.0,nissan,leaf s hatchback 4d,electric,28780.0,clean,other,ok,34.6,-98.42,medium
eastern CT,2012.0,subaru,forester,gas,113000.0,clean,automatic,ct,41.58507,-71.94037,medium
south florida,2013.0,ford,f-150 xlt,gas,126510.0,clean,automatic,fl,27.5885,-80.3923,high
monterey bay,2011.0,ram,3500 laramie,diesel,127690.0,clean,automatic,ca,38.01787,-121.268904,low
lafayette,2009.0,chevrolet,corvette coupe 2d,gas,20420.0,clean,other,la,30.21,-92.02,high
charlottesville,2008.0,mini,cooper,gas,126893.0,clean,manual,va,38.352157,-77.753334,low
birmingham,2011.0,gmc,sierra,diesel,215000.0,clean,automatic,al,34.559,-85.7921,high
charlotte,2018.0,kia,optima lx,gas,39136.0,clean,automatic,nc,35.1936,-80.6846,medium
missoula,2003.0,honda,element,gas,182000.0,clean,automatic,mt,46.2395,-114.1679,low
gainesville,2020.0,ford,escape sel suv,gas,15.0,clean,automatic,fl,29.80197,-82.530098,high
new hampshire,2017.0,chevrolet,traverse,gas,76417.0,clean,automatic,nh,42.914352,-71.389906,medium
lubbock,2016.0,ram,3500,diesel,111637.0,clean,automatic,tx,30.649106,-97.866554,high
harrisburg,2018.0,bmw,4 series 430i convertible 2d,gas,12450.0,clean,other,pa,40.27,-76.88,high
monterey bay,1995.0,mercedes-benz,benz,gas,134261.0,clean,automatic,ca,36.6821,-121.8044,low
jacksonville,2005.0,chevrolet,impala,gas,200000.0,clean,automatic,fl,30.348,-81.5882,low
portland,2008.0,subaru,legacy (natl),gas,121992.0,clean,automatic,or,45.50435,-122.532962,medium
mobile,2012.0,mercedes-benz,c-class,gas,42953.0,clean,automatic,al,30.4007,-87.6857,high
yakima,2017.0,ram,1500,gas,67361.0,clean,automatic,wa,45.509778,-122.967379,high
eugene,2009.0,toyota,corolla xle,gas,151220.0,clean,automatic,or,44.04814,-123.123142,low
maine,1929.0,ford,model a,gas,1223.0,missing,manual,me,43.5835,-70.3457,low
kalispell,1975.0,cadillac,eldorado,gas,120000.0,clean,automatic,mt,48.404,-114.3509,medium
fresno / madera,2003.0,ford,taurus ses,gas,182835.0,clean,automatic,ca,36.815675,-119.695804,low
chicago,2006.0,gmc,sierra 1500,gas,175000.0,clean,automatic,il,41.816731,-87.846358,low
bakersfield,2012.0,ford,econoline,gas,164279.0,clean,automatic,ca,37.3476,-121.887,high
merced,2017.0,audi,a6 3.0t premium plus sedan,gas,24238.0,clean,automatic,ca,33.779214,-84.411811,high
prescott,1979.0,dodge,d50,gas,750.0,clean,automatic,az,34.6019,-112.3264,low
cincinnati,2017.0,jeep,wrangler unlimited sahara,other,34152.0,clean,other,oh,39.09,-84.51,high
south florida,2006.0,ford,taurus,gas,63000.0,clean,automatic,fl,25.816696,-80.121918,low
"st louis, MO",2016.0,cadillac,xts,gas,96211.0,clean,automatic,il,38.382623,-93.77344,medium
anchorage / mat-su,2014.0,toyota,camry se 4dr sedan,gas,35563.0,clean,automatic,ak,61.166252,-149.857916,medium
central michigan,2019.0,mitsubishi,outlander sel sport,gas,8577.0,clean,other,mi,42.7,-84.55,high
jacksonville,2016.0,porsche,cayenne base,other,47969.0,clean,automatic,fl,30.325665,-81.507076,high
green bay,2015.0,ford,f-450,diesel,51486.0,rebuilt,automatic,wi,44.409919,-89.883188,high
atlanta,2008.0,other,caddilac cts,gas,90000.0,clean,automatic,ga,33.9381,-84.1972,low
twin falls,2008.0,honda,civic si,gas,127000.0,rebuilt,manual,id,42.393211,-114.52217,low
richmond,2008.0,ford,e250 cargo van,gas,149245.0,clean,automatic,va,38.262839,-77.494607,medium
youngstown,2010.0,mazda,5,gas,158000.0,clean,automatic,oh,40.9158,-81.1182,low
cleveland,2011.0,infiniti,qx56,gas,151880.0,clean,automatic,oh,41.418454,-81.72019,medium
portland,2005.0,ford,explorer eddie bauer 4x4 v8 4.6l auto leather moon roof,gas,161234.0,clean,automatic,or,45.391373,-122.613533,low
mobile,2013.0,toyota,highlander,gas,138733.0,clean,automatic,al,30.608284,-87.898496,medium
milwaukee,2008.0,saturn,aura,gas,156121.0,clean,automatic,wi,42.20854,-87.83887,low
north jersey,2014.0,ram,1500,gas,82004.0,clean,automatic,nj,40.701577,-74.092805,medium
yakima,2005.0,ford,f-150,gas,105179.0,clean,automatic,wa,46.55319,-120.47568,medium
manhattan,2015.0,chevrolet,corvette stingray z51,gas,7389.0,clean,other,ks,39.19,-96.59,high
corvallis/albany,2010.0,gmc,sierra 1500,gas,145000.0,salvage,automatic,or,44.500642,-122.934134,medium
bozeman,2014.0,subaru,forester,gas,128649.0,clean,automatic,mt,45.649312,-110.571456,medium
atlanta,2014.0,jaguar,f-type convertible 2d,gas,71835.0,clean,other,ga,33.75,-84.39,high
yuba-sutter,2018.0,mitsubishi,mirage g4 es,gas,41966.0,clean,automatic,ca,38.610767,-121.422557,medium
appleton-oshkosh-FDL,2017.0,lincoln,navigator l select sport,gas,28475.0,clean,automatic,wi,44.26,-88.39,high
asheville,2018.0,alfa-romeo,romeo stelvio ti sport suv,gas,23753.0,clean,other,nc,35.57,-82.54,high
denver,2004.0,gmc,sierra 3500 crew cab,diesel,99890.0,clean,automatic,co,39.784191,-105.137522,high
santa barbara,2012.0,jeep,liberty sport suv 4d,gas,0.0,,automatic,ca,34.213401,-119.178039,medium
raleigh / durham / CH,2004.0,ram,1500 quad cab 4x4,gas,163260.0,clean,automatic,nc,36.0578,-78.2586,low
northern michigan,2008.0,gmc,acadia,gas,169118.0,clean,automatic,mi,43.1824,-84.1122,low
sacramento,2017.0,toyota,corolla im hatchback 4d,gas,34632.0,clean,other,ca,38.58,-121.49,medium
wichita,2015.0,chevrolet,silverado 1500,gas,52086.0,clean,automatic,ks,37.69318,-97.32853,high
akron / canton,1994.0,chevrolet,camaro z28,gas,12779.0,clean,manual,oh,41.030417,-81.393266,medium
austin,2014.0,toyota,corolla s,gas,85000.0,clean,manual,tx,30.237921,-97.738667,low
la crosse,2003.0,saturn,ion 3,gas,70659.0,clean,automatic,wi,43.65431,-90.727844,low
stockton,2004.0,ford,f-150 xlt 4dr supercrew xlt,gas,180908.0,clean,automatic,ca,37.797142,-121.230484,medium
bellingham,2017.0,ram,deisel cummin 2500,diesel,52986.0,clean,automatic,wa,47.839605,-122.302203,high
los angeles,1956.0,ford,thunderbird convertible,gas,112000.0,clean,automatic,ca,34.1419,-118.6641,high
maine,2014.0,toyota,camry hybrid xle,gas,113847.0,clean,automatic,me,43.684115,-70.327592,medium
amarillo,2014.0,cadillac,srx,gas,126378.0,clean,automatic,tx,35.203066,-101.895003,medium
jersey shore,2020.0,honda,civic,gas,11298.0,clean,automatic,nj,40.084531,-74.173447,medium
rhode island,2009.0,cadillac,sts,gas,42132.0,clean,automatic,ri,41.9099,-72.6029,medium
maine,2015.0,ford,f-150,gas,100003.0,clean,automatic,me,42.788204,-71.233728,high
sarasota-bradenton,2003.0,chevrolet,ssr,gas,12711.0,clean,automatic,fl,27.045057,-82.216787,high
pittsburgh,2000.0,ford,f-650,diesel,111000.0,clean,manual,pa,41.2325,-80.234,medium
central NJ,2015.0,audi,a3 tdi premium sedan 4d,gas,30786.0,clean,other,nj,40.22,-74.76,medium
"kansas city, MO",2010.0,jeep,grand cherokee,gas,169700.0,clean,automatic,ks,38.9713,-94.5774,low
flagstaff / sedona,2006.0,toyota,corolla matrix xr vibe,gas,151945.0,clean,automatic,az,35.22,-111.214,low
grand rapids,2017.0,ford,fusion se sedan 4d,other,21019.0,clean,other,mi,42.96,-85.65,medium
raleigh / durham / CH,2009.0,bmw,328i,gas,78327.0,clean,automatic,nc,35.351318,-80.620559,low
knoxville,2015.0,cadillac,xts luxury collection,gas,50000.0,clean,automatic,tn,35.858,-84.1194,medium
"washington, DC",2012.0,nissan,altima,gas,123000.0,clean,automatic,dc,38.781308,-77.461853,low
philadelphia,2006.0,other,2006 Oshkosh Striker 1500,diesel,10000.0,clean,automatic,pa,39.3673,-75.0293,high
chico,2014.0,dodge,journey r/t flexible,gas,98246.0,clean,automatic,ca,38.611373,-121.430328,medium
san antonio,2018.0,ram,1500 crew cab big horn,gas,27716.0,clean,other,tx,29.45,-98.5,high
san diego,2020.0,bmw,x1 sdrive28i sport utility,other,8468.0,clean,other,ca,32.86,-117.24,high
worcester / central MA,2016.0,fiat,500 abarth hatchback 2d,other,35348.0,clean,other,ma,42.26,-71.8,medium
los angeles,2011.0,bmw,328i,gas,117000.0,clean,automatic,ca,34.219603,-118.602888,low
san diego,2017.0,infiniti,q50,gas,31252.0,clean,automatic,ca,33.875577,-117.570384,high
"quad cities, IA/IL",2002.0,chevrolet,tahoe,gas,178005.0,clean,automatic,il,42.1898,-91.7758,low
san diego,2007.0,nissan,murano,gas,70019.0,clean,automatic,ca,32.792983,-117.09681,medium
buffalo,2005.0,lexus,rx330,gas,154795.0,clean,automatic,ny,43.223333,-77.846103,low
brownsville,2009.0,nissan,murano,gas,140.0,clean,automatic,tx,25.913031,-97.48951,low
killeen / temple / ft hood,2014.0,ram,2500 crew cab,diesel,185505.0,clean,automatic,tx,30.1237,-95.2686,high
oregon coast,2012.0,volkswagen,tiguan,gas,96226.0,clean,other,or,44.05278,-123.128308,medium
"kansas city, MO",2005.0,chevrolet,silverado 1500 crew,gas,210587.0,,automatic,ks,39.029236,-94.692922,low
cleveland,2017.0,mazda,mazda3 touring 2.5,gas,34723.0,clean,other,oh,41.47,-81.67,medium
spokane / coeur d'alene,2018.0,ford,f350 super duty crew cab,diesel,32158.0,clean,automatic,id,47.197304,-122.291776,high
waterloo / cedar falls,2010.0,nissan,versa,gas,98080.0,clean,automatic,ia,42.484503,-92.324974,low
richmond,2012.0,honda,civic,gas,105750.0,clean,automatic,va,38.2481,-77.4681,low
seattle-tacoma,2012.0,ford,econoline e450 cutaway,gas,127166.0,clean,automatic,wa,47.197408,-122.484235,medium
ventura county,2001.0,ford,f350 powerstroke xlt 4x4,diesel,233000.0,clean,automatic,ca,34.2092,-118.8739,medium
new hampshire,1989.0,honda,prelude si,gas,123000.0,clean,manual,nh,43.8118,-71.1946,low
hartford,2002.0,chrysler,pt cruiser,gas,155379.0,clean,automatic,ct,41.915593,-72.61482,low
ocala,2013.0,hyundai,elantra,gas,122000.0,clean,automatic,fl,29.770834,-82.283186,low
cleveland,2018.0,audi,s4 premium plus sedan 4d,other,49822.0,clean,other,oh,41.47,-81.67,high
maine,2011.0,audi,q5 3.2 quattro prestige,gas,103000.0,clean,automatic,me,43.4426,-71.6491,medium
lansing,2011.0,jeep,grand cherokee laredo,gas,177000.0,clean,automatic,mi,42.851055,-83.45119,low
austin,2005.0,toyota,camry,gas,154000.0,clean,automatic,tx,30.506,-97.7472,low
tampa bay area,2013.0,ram,1500,gas,119206.0,clean,automatic,fl,27.946392,-82.342089,medium
louisville,2016.0,kia,soul,gas,89504.0,clean,automatic,ky,38.678459,-84.600891,medium
waterloo / cedar falls,2008.0,toyota,camry hybrid,hybrid,175000.0,clean,automatic,ia,42.484503,-92.324974,low
greensboro,2011.0,toyota,camry se 4dr sedan,gas,191000.0,clean,automatic,nc,36.0334,-79.8626,low
tampa bay area,2012.0,ford,f350 super duty,diesel,169615.0,clean,automatic,fl,27.392468,-80.329814,medium
palm springs,2007.0,mercedes-benz,c280 3.0l luxury,gas,148000.0,clean,automatic,ca,33.743904,-116.359028,low
raleigh / durham / CH,2014.0,ford,super duty f-450 drw,gas,83664.0,clean,other,nc,35.534152,-82.432096,high
western massachusetts,2004.0,ford,f-350,diesel,160349.0,clean,automatic,ma,42.788204,-71.233728,medium
lake of the ozarks,2019.0,ram,1500 classic regular cab,gas,12302.0,clean,other,mo,37.99,-92.83,high
SF bay area,2014.0,mercedes-benz,sprinter cargo,diesel,61792.0,,automatic,ca,37.651915,-122.067033,high
knoxville,2019.0,honda,ridgeline sport pickup 4d,gas,11397.0,clean,other,tn,35.97,-83.94,high
new haven,2018.0,honda,civic lx sedan 4d,gas,28942.0,clean,other,ct,41.31,-72.92,medium
atlanta,2020.0,chevrolet,blazer 2lt sport,gas,11901.0,clean,other,ga,33.7,-84.38,high
corvallis/albany,2017.0,ford,f-150,gas,35601.0,clean,automatic,or,47.81247,-122.32164,high
myrtle beach,2011.0,buick,lacrosse,gas,82794.0,clean,automatic,sc,33.884469,-78.687418,medium
fargo / moorhead,2014.0,ram,1500,gas,111327.0,clean,automatic,mn,46.136393,-100.169313,medium
rhode island,2013.0,ford,focus,gas,97000.0,clean,automatic,ri,41.793575,-71.450623,low
central NJ,2018.0,ford,f-150,gas,18472.0,clean,automatic,nj,40.2043,-74.1779,high
chattanooga,2015.0,ford,transit,gas,150000.0,clean,automatic,tn,35.025,-85.1459,medium
redding,2017.0,hyundai,accent,gas,51548.0,clean,automatic,ca,40.4574,-122.3282,medium
las vegas,1994.0,other,Bentley Turbo R,gas,56411.0,clean,automatic,nv,36.06391,-115.02163,high
kalamazoo,2019.0,ford,f250 super duty,diesel,20000.0,lien,automatic,mi,42.0273,-85.8245,high
winston-salem,2012.0,toyota,tacoma double cab pickup,gas,67245.0,clean,other,nc,36.1,-80.24,high
brownsville,2017.0,rover,discovery,gas,40951.0,clean,automatic,tx,26.193466,-98.145378,high
milwaukee,2017.0,chevrolet,silverado 1500,gas,101870.0,clean,automatic,wi,43.302071,-88.376508,high
tucson,2019.0,chevrolet,camaro lt convertible,other,41148.0,clean,other,az,32.21,-110.96,high
pittsburgh,2011.0,ford,f250 super duty,gas,245000.0,clean,automatic,pa,40.321,-80.0398,medium
philadelphia,2014.0,infiniti,qx80,gas,134008.0,clean,automatic,pa,40.894535,-74.152367,high
western massachusetts,2008.0,ford,e350 wheelchair van,gas,80000.0,clean,automatic,ma,41.989,-72.5652,medium
lexington,2007.0,chevrolet,tahoe,gas,147000.0,clean,automatic,ky,37.609186,-84.578891,medium
buffalo,2016.0,other,Scion iM Hatchback 4D,gas,40668.0,clean,other,ny,42.88,-78.85,medium
york,2018.0,honda,civic si sedan 4d,other,39082.0,clean,other,pa,39.96,-76.73,high
redding,2012.0,bmw,3 series 328i sedan 4d,gas,87887.0,,other,ca,38.624043,-121.401842,medium
houston,2019.0,volkswagen,atlas,gas,47382.0,clean,automatic,tx,29.784452,-95.656235,high
ft myers / SW florida,2007.0,volvo,tractor,diesel,283466.0,clean,manual,fl,26.633956,-81.829863,low
eastern panhandle,1988.0,ram,50,gas,94057.0,clean,automatic,wv,39.4852,-77.8954,low
charlotte,2008.0,mitsubishi,fuso fe145,diesel,145312.0,,automatic,nc,29.620824,-82.386324,medium
raleigh / durham / CH,2010.0,hyundai,elantra,gas,143616.0,clean,automatic,nc,35.58096,-78.81976,low
albany,1991.0,other,fords f350,gas,70000.0,clean,manual,ny,42.865282,-70.885698,low
tampa bay area,2019.0,toyota,sienna le minivan 4d,other,31604.0,clean,other,fl,27.9,-82.78,high
north jersey,2003.0,honda,,gas,128000.0,clean,automatic,nj,40.791052,-74.011028,low
salem,2017.0,dodge,grand caravan,gas,36717.0,clean,automatic,or,45.382346,-122.605132,medium
birmingham,2011.0,nissan,altima,gas,155000.0,rebuilt,automatic,al,33.4679,-84.4806,low
kennewick-pasco-richland,2019.0,gmc,sierra 1500 x31 4x4 1/2 ton,gas,8628.0,clean,automatic,wa,46.234838,-119.128015,high
oregon coast,2015.0,hyundai,sonata hybrid,hybrid,43205.0,clean,automatic,or,44.05278,-123.128308,medium
bakersfield,2017.0,ford,super duty f-250 lariat -,diesel,27216.0,clean,automatic,ca,36.297452,-119.141647,high
san luis obispo,2014.0,honda,odyssey,gas,122903.0,clean,automatic,ca,35.482265,-120.660756,medium
northern michigan,2004.0,ram,2500,gas,121276.0,clean,automatic,mi,43.1824,-84.1122,low
bemidji,2011.0,chevrolet,malibu,gas,85000.0,clean,automatic,mn,46.450158,-95.124203,low
greensboro,2015.0,volvo,xc60,gas,1.0,clean,automatic,nc,35.892621,-80.104438,medium
morgantown,2001.0,chevrolet,corvette,gas,72970.0,clean,manual,wv,40.833834,-81.338867,high
jacksonville,2006.0,nissan,sentra,gas,163000.0,clean,manual,fl,30.3584,-81.692,low
redding,2009.0,ford,flex sel,gas,160952.0,clean,automatic,ca,40.4574,-122.3282,medium
grand rapids,2017.0,cadillac,ct6,gas,47366.0,clean,automatic,mi,43.057538,-85.954644,high
grand forks,2005.0,gmc,c6500,gas,49276.0,clean,automatic,nd,47.911024,-97.045022,medium
eastern CT,2007.0,ford,explorer,gas,109000.0,clean,automatic,ct,41.3507,-72.1062,low
"st louis, MO",2013.0,jeep,grand cherokee srt8,gas,129000.0,clean,automatic,il,38.7023,-90.3644,high
austin,2017.0,ford,f-250,other,104583.0,clean,automatic,tx,30.064714,-97.839307,high
ft myers / SW florida,2020.0,lexus,is 300 sedan 4d,gas,16400.0,clean,other,fl,26.63,-81.85,high
eau claire,2008.0,mercedes-benz,cls550 executive s,gas,54342.0,clean,automatic,wi,44.843195,-91.550371,medium
huntsville / decatur,2012.0,honda,accord ex-l sedan 4d,gas,112988.0,rebuilt,automatic,al,34.724654,-86.627534,medium
spokane / coeur d'alene,2018.0,ram,1500 slt,gas,37576.0,clean,automatic,id,47.412043,-122.241112,high
denver,2015.0,chevrolet,silverado 1500,gas,92546.0,clean,automatic,co,39.738946,-104.818406,high
greenville / upstate,2002.0,ford,ranger xlt,gas,202548.0,clean,automatic,sc,34.700405,-82.471923,low
fayetteville,2016.0,gmc,2500,diesel,96603.0,clean,automatic,nc,36.2552,-79.9705,high
asheville,2020.0,cadillac,xt5 premium luxury,gas,19715.0,clean,other,nc,35.57,-82.54,high
louisville,2008.0,chevrolet,silverado,gas,142315.0,clean,automatic,ky,38.16475,-85.79788,medium
louisville,2012.0,chevrolet,express 3500 kuv,diesel,231585.0,clean,automatic,ky,39.609497,-85.448141,medium
tyler / east TX,2013.0,chevrolet,avalanche ltz black di,other,121173.0,clean,automatic,tx,32.3254,-95.2922,medium
roanoke,2016.0,ford,f350 super duty lariat,diesel,133600.0,clean,automatic,va,36.2245,-79.8901,high
kalamazoo,2012.0,dodge,durango r/t,gas,140000.0,clean,automatic,mi,42.316052,-85.188374,medium
fresno / madera,2019.0,ford,transit cargo,gas,15104.0,clean,automatic,ca,36.533226,-119.576488,high
terre haute,2016.0,toyota,tundra double cab sr,gas,22870.0,clean,other,in,39.47,-87.38,high
lehigh valley,2020.0,infiniti,qx50 luxe sport utility,other,19042.0,clean,other,pa,40.68,-75.22,high
tampa bay area,2019.0,dodge,1500 classic warlock,gas,17534.0,clean,automatic,fl,28.758455,-81.286395,high
reno / tahoe,2008.0,pontiac,g6,gas,119000.0,clean,automatic,ca,39.6269,-119.7081,low
madison,2015.0,chevrolet,colorado,gas,90251.0,clean,automatic,wi,43.122774,-88.52791,medium
toledo,2010.0,chevrolet,camaro,gas,58015.0,clean,automatic,oh,41.418454,-81.72019,high
boston,2014.0,ford,f-250,diesel,69827.0,clean,automatic,ma,42.834977,-71.107791,high
roanoke,2018.0,lexus,nx 300 sport utility 4d,other,15923.0,clean,other,va,37.27,-79.95,high
detroit metro,2016.0,dodge,durango,gas,,clean,automatic,mi,42.4337,-83.0434,medium
boston,2004.0,jeep,grand cherokee,gas,187000.0,clean,automatic,ma,42.23636,-71.029933,low
hudson valley,2006.0,toyota,tacoma,gas,108000.0,clean,manual,ny,41.5404,-73.8979,medium
flint,2011.0,gmc,terrain,gas,179758.0,clean,automatic,mi,43.047207,-83.28696,low
harrisburg,2005.0,chevrolet,tahoe z71,gas,193000.0,clean,automatic,pa,40.23421,-77.125304,low
vermont,2011.0,ford,fusion se,gas,85000.0,clean,automatic,vt,42.5959,-72.2267,low
tucson,,other,ierra 2500HD,diesel,25363.0,,automatic,az,33.437098,-111.925724,high
syracuse,2010.0,chevrolet,traverse lt awd,gas,160000.0,clean,automatic,ny,43.158396,-76.118603,low
hudson valley,2005.0,audi,allroad quattro,gas,160000.0,clean,automatic,ny,41.5596,-74.1764,low
columbus,2002.0,saturn,sc2,gas,64000.0,clean,automatic,oh,39.956031,-82.771254,low
little rock,2013.0,kia,sorento,gas,148000.0,lien,automatic,ar,34.8807,-92.2303,medium
williamsport,2017.0,ram,1500 quad cab express pickup,other,41816.0,clean,other,pa,41.23,-77.03,high
columbia,2013.0,other,Scion FR-S Coupe 2D,gas,41512.0,clean,other,sc,34.0,-81.03,medium
denver,2012.0,audi,q5,gas,99695.0,clean,automatic,co,39.671,-104.9279,medium
san angelo,2016.0,chevrolet,2500,diesel,151913.0,clean,automatic,tx,30.649697,-97.866898,high
stockton,2020.0,gmc,sierra 1500 crew cab sle,gas,3602.0,clean,other,ca,33.779214,-84.411811,high
florida keys,2019.0,acura,mdx advance pkg sport,other,30356.0,clean,other,fl,25.08,-80.44,high
orange county,2013.0,dodge,durango sxt rwd,gas,129711.0,,automatic,ca,33.873436,-117.542806,medium
asheville,2017.0,chevrolet,silverado 1500 crew,other,30559.0,clean,other,nc,35.57,-82.54,high
knoxville,1987.0,toyota,pickup,gas,135000.0,clean,manual,tn,35.6539,-83.9956,low
sarasota-bradenton,1994.0,other,1994 accura integra,gas,1.0,clean,automatic,fl,27.4072,-82.5303,low
fredericksburg,2007.0,toyota,camry,gas,139634.0,clean,automatic,va,38.255436,-77.503309,low
anchorage / mat-su,2020.0,ford,fusion,gas,33920.0,clean,automatic,ak,61.180231,-149.869503,high
monterey bay,2018.0,chevrolet,camaro,gas,34565.0,clean,automatic,ca,36.613656,-121.844719,high
"quad cities, IA/IL",2019.0,jeep,cherokee,gas,27191.0,clean,automatic,il,42.493198,-90.7258,high
bismarck,2013.0,volkswagen,beetle turbo coupe,gas,,clean,automatic,nd,47.920244,-97.044974,medium
jersey shore,2014.0,ford,f450 xl dump truck diesel,diesel,114000.0,clean,automatic,nj,40.0008,-74.2493,high
stockton,2007.0,bmw,5-series,gas,101315.0,clean,automatic,ca,38.608933,-121.430188,low
long island,2016.0,toyota,camry le,gas,77214.0,clean,automatic,ny,42.3575,-77.3028,medium
albuquerque,2011.0,ford,f350 lariat,diesel,266747.0,clean,automatic,nm,35.0717,-106.509,medium
muncie / anderson,2018.0,jeep,wrangler unlimited all new,gas,30731.0,clean,other,in,40.19,-85.39,high
treasure coast,2017.0,ford,f-150 xlt,gas,42420.0,clean,automatic,fl,27.2625,-80.3793,high
springfield,2014.0,hyundai,sonata,hybrid,148811.0,clean,automatic,mo,37.2593,-93.2912,medium
fredericksburg,1966.0,other,oldsmobile dynamic 88,gas,116000.0,clean,automatic,va,38.162,-77.6854,low
central NJ,2016.0,chevrolet,cruze limited 1lt,gas,45387.0,clean,other,nj,40.22,-74.76,medium
shreveport,2008.0,nissan,altima,gas,153000.0,clean,automatic,la,32.5449,-93.7038,low
modesto,2007.0,dodge,diesel,diesel,162.0,clean,manual,ca,37.6387,-120.7703,low
rochester,2006.0,chevrolet,malibu,gas,142000.0,clean,automatic,mn,44.0496,-92.4896,low
chico,2012.0,ford,fusion,other,135918.0,clean,automatic,ca,39.022483,-121.612859,low
fayetteville,2009.0,toyota,corolla,gas,175286.0,clean,automatic,nc,35.0743,-78.8836,low
south bend / michiana,2007.0,toyota,camry hybrid electric,gas,168000.0,clean,automatic,in,41.680325,-86.161381,low
twin falls,2019.0,chevrolet,silverado 1500,gas,67273.0,clean,automatic,id,42.551296,-114.465026,high
roanoke,2007.0,honda,odyssey ex,gas,226006.0,clean,automatic,va,38.315272,-77.474106,low
macon / warner robins,2020.0,chevrolet,silverado 1500 lt,gas,28710.0,clean,automatic,ga,29.80197,-82.530022,high
augusta,2015.0,ford,f650 crew cab,gas,92178.0,clean,automatic,ga,34.0004,-81.0334,high
columbus,2017.0,volkswagen,jetta,gas,31532.0,clean,automatic,oh,40.064137,-82.998073,medium
san antonio,2006.0,mercedes-benz,benz l350,gas,145405.0,clean,automatic,tx,29.1693,-98.1936,low
sacramento,1970.0,volkswagen,ghia coupe,gas,60000.0,clean,manual,ca,38.917,-119.9865,medium
brownsville,2007.0,bmw,328 i,gas,122877.0,clean,automatic,tx,26.157164,-97.830591,low
long island,2010.0,nissan,murano le awd,gas,115000.0,clean,automatic,ny,40.821001,-73.416971,low
inland empire,2013.0,honda,accord,gas,106405.0,clean,automatic,ca,34.0088,-117.6892,medium
louisville,2013.0,ford,edge,gas,100217.0,clean,automatic,ky,38.16475,-85.79788,low
lansing,2020.0,mazda,mx-5 miata club,gas,2195.0,clean,other,mi,42.7,-84.55,high
SF bay area,2018.0,lincoln,mkc premiere sport,gas,26175.0,clean,other,ca,37.81,-122.3,high
rhode island,2015.0,jeep,wrangler,gas,100811.0,clean,automatic,ri,43.066264,-71.447,medium
portland,2019.0,hyundai,accent se sedan 4d,gas,31913.0,clean,other,or,33.779214,-84.411811,medium
ann arbor,2014.0,ford,fiesta se,gas,80555.0,,automatic,mi,42.568136,-83.813674,low
sacramento,2012.0,jeep,wrangler unlimited sport,gas,67090.0,clean,manual,ca,38.610767,-121.422557,high
columbus,2003.0,honda,civic,gas,240000.0,clean,automatic,oh,39.7187,-82.6031,low
columbia,2020.0,lincoln,corsair sport utility 4d,gas,1454.0,clean,other,sc,34.0,-81.03,high
sacramento,2018.0,subaru,wrx sti limited,gas,34000.0,clean,manual,ca,38.624,-121.384,high
greensboro,2012.0,toyota,venza le,gas,153750.0,clean,automatic,nc,35.531019,-79.186357,medium
nashville,2006.0,bmw,x3 3.0i,gas,107938.0,,automatic,tn,35.987739,-86.523884,low
minneapolis / st paul,2010.0,nissan,rogue,gas,150000.0,clean,automatic,mn,45.3136,-93.5814,low
oklahoma city,2002.0,ram,1500,gas,203000.0,clean,automatic,ok,35.5115,-98.9795,low
mohave county,2015.0,ford,e-450 galvan universal,other,150371.0,clean,automatic,az,36.2542,-115.5269,high
north mississippi,2002.0,chevrolet,trailblazer,gas,211000.0,clean,automatic,ms,34.3057,-88.8462,low
maine,2015.0,chevrolet,silverado,diesel,60614.0,clean,automatic,me,42.834977,-71.107791,high
rapid city / west SD,2005.0,other,Mack Mack Granite Plow/Dump Truck W/Sander,other,199358.0,clean,automatic,sd,45.527739,-94.091488,high
hartford,1992.0,ford,mustang foxbody convertible,gas,82059.0,clean,manual,ct,41.670181,-72.934584,high
yakima,2012.0,hyundai,sonata,gas,173707.0,clean,automatic,wa,46.580296,-120.49273,low
"washington, DC",2018.0,chrysler,300 300s sedan 4d,other,39870.0,clean,other,dc,38.89,-77.03,high
oklahoma city,2011.0,chevrolet,silverado 1500 lt 4x4,gas,283466.0,clean,automatic,ok,34.1566,-97.1792,medium
ft myers / SW florida,2017.0,lexus,rx 350 sport utility 4d,other,29500.0,clean,other,fl,26.63,-81.85,high
utica-rome-oneida,2019.0,nissan,370z nismo coupe 2d,gas,8373.0,clean,other,ny,43.1,-75.23,high
chicago,2016.0,ford,explorer xlt,gas,70000.0,clean,automatic,il,41.558633,-87.792749,high
sarasota-bradenton,2009.0,dodge,caliber,gas,79000.0,clean,automatic,fl,27.0933,-82.4498,low
boone,2019.0,chevrolet,silverado 2500hd high,diesel,55850.0,clean,automatic,nc,36.224386,-81.632781,high
jacksonville,2009.0,nissan,rogue sl,gas,158973.0,clean,automatic,fl,30.2908,-81.6321,low
inland empire,2013.0,ford,focus,gas,137000.0,clean,automatic,ca,34.447,-116.9189,low
ocala,2018.0,hyundai,elantra gt,gas,32879.0,clean,automatic,fl,28.567037,-81.291542,medium
sarasota-bradenton,2018.0,chevrolet,express 3500,gas,19985.0,clean,automatic,fl,27.269355,-82.481875,high
indianapolis,2016.0,ford,flex sel,gas,78428.0,rebuilt,automatic,in,38.6071,-86.0787,medium
eastern NC,2018.0,nissan,altima 2.5 sr,gas,103205.0,clean,automatic,nc,35.5806,-77.5793,medium
denver,2010.0,ram,pickup 2500,gas,57391.0,clean,automatic,co,39.626594,-105.050914,high
stockton,2012.0,chrysler,300s,gas,67403.0,clean,automatic,ca,38.020942,-121.301919,medium
cincinnati,2015.0,nissan,versa,gas,74506.0,clean,manual,oh,39.00257,-84.423424,low
finger lakes,2017.0,infiniti,qx50 sport utility 4d,other,29673.0,clean,other,ny,42.86,-76.98,medium
south jersey,2016.0,mazda,mazda6,gas,42958.0,clean,automatic,nj,40.481433,-74.483283,medium
san diego,2018.0,hyundai,sonata,gas,26771.0,clean,automatic,ca,32.768827,-117.04033,medium
brainerd,2019.0,tesla,model 3 standard range,gas,31540.0,clean,other,mn,46.34,-94.28,high
mcallen / edinburg,2011.0,ford,,gas,200000.0,clean,automatic,tx,26.1906,-98.1164,low
milwaukee,2011.0,ford,e-series chassis e-350 sd,gas,130333.0,clean,other,wi,42.3542,-87.8651,medium
winchester,2017.0,jeep,wrangler unlimited sahara,other,34152.0,clean,other,va,39.17,-78.17,high
baltimore,1998.0,buick,skylark,gas,85000.0,clean,automatic,md,39.178604,-76.842243,low
new york city,2014.0,jeep,cherokee sport 4x4,gas,84000.0,clean,automatic,ny,40.691651,-73.779198,medium
lima / findlay,2008.0,other,chryler town and country,gas,190442.0,clean,automatic,oh,41.522831,-83.536636,low
duluth / superior,2016.0,kia,soul,gas,39000.0,rebuilt,automatic,mn,46.853588,-92.278376,medium
chicago,2009.0,honda,accord,gas,85900.0,clean,automatic,il,41.5825,-87.805,medium
oklahoma city,2014.0,ford,f250,diesel,161533.0,clean,automatic,ok,30.648959,-97.867413,high
yuba-sutter,2016.0,kia,sorento lx,gas,64128.0,clean,automatic,ca,38.610767,-121.422557,medium
augusta,2005.0,gmc,yukon slt,gas,190000.0,clean,automatic,ga,33.5251,-81.9394,low
portland,1984.0,nissan,hardbody pickup,gas,200000.0,clean,manual,or,45.956402,-122.360943,low
la crosse,2016.0,bmw,x5 xdrive35i awd suv,gas,61752.0,clean,automatic,wi,44.843195,-91.550371,high
redding,2016.0,ram,promaster cargo van,gas,76395.0,clean,automatic,ca,38.704597,-121.271803,medium
greensboro,2020.0,honda,civic si coupe 2d,gas,9954.0,clean,other,nc,36.07,-79.82,high
el paso,2020.0,ram,"2500 6"" lifted laramie crew 4x4",diesel,23403.0,clean,automatic,tx,33.3917,-111.9249,high
sarasota-bradenton,2001.0,other,saab 9-5,gas,129000.0,clean,automatic,fl,27.2866,-82.477,low
dallas / fort worth,2002.0,ford,mustang convertible,gas,140000.0,clean,manual,tx,33.334,-96.75,low
asheville,2014.0,lexus,is 250 awd,gas,78500.0,rebuilt,automatic,nc,35.5808,-82.6078,medium
vermont,2018.0,ford,edge sel,gas,41530.0,clean,automatic,vt,44.230293,-72.552338,high
raleigh / durham / CH,2010.0,hyundai,elantra,gas,202283.0,clean,manual,nc,35.6348,-78.451,low
south florida,2003.0,chrysler,pt cruiser,gas,108000.0,clean,manual,fl,26.2729,-80.2603,low
norfolk / hampton roads,2008.0,toyota,tacoma,gas,95000.0,clean,automatic,va,36.8695,-76.3869,low
jonesboro,2018.0,nissan,frontier crew cab pro-4x,gas,33036.0,clean,other,ar,35.82,-90.68,high
maine,2016.0,volkswagen,tiguan,gas,105180.0,clean,automatic,me,43.452464,-70.496353,medium
cincinnati,2008.0,cadillac,cts,gas,83295.0,clean,automatic,oh,39.00257,-84.423424,low
spokane / coeur d'alene,2016.0,ford,f-150 quad cab short box,gas,52796.0,clean,automatic,id,47.7989,-116.7423,high
monterey bay,2017.0,lexus,es 350 sedan 4d,gas,9979.0,clean,other,ca,36.6,-121.88,high
redding,2018.0,toyota,camry le w/ navigation system,gas,61292.0,clean,automatic,ca,40.57109,-122.360944,medium
waterloo / cedar falls,2020.0,hyundai,santa fe,gas,11612.0,clean,automatic,ia,42.457439,-92.332855,high
erie,2012.0,honda,odyssey ex-l,gas,126255.0,clean,automatic,pa,42.1109,-80.1534,medium
"washington, DC",2017.0,bmw,330i,gas,22625.0,clean,automatic,dc,38.91706,-77.46954,high
mcallen / edinburg,2013.0,chrysler,200 limited,gas,79800.0,clean,automatic,tx,26.1771,-98.252,low
bozeman,2012.0,audi,a6,gas,94330.0,clean,automatic,mt,45.735902,-111.184215,medium
roanoke,2018.0,dodge,charger,gas,36427.0,clean,automatic,va,37.335355,-79.859385,high
new orleans,1986.0,chevrolet,corvette,gas,102000.0,clean,manual,la,30.3944,-89.7732,low
atlanta,2012.0,volvo,c70 t5 convertible 2d,other,72709.0,clean,other,ga,33.75,-84.39,medium
bloomington-normal,2017.0,mercedes-benz,gls 450 sport,gas,43451.0,clean,other,il,40.47,-88.97,high
boise,2019.0,dodge,durango,gas,47177.0,clean,automatic,id,43.633,-116.2951,high
kalamazoo,2017.0,chevrolet,silverado 1500 regular,gas,40784.0,clean,other,mi,42.27,-85.58,high
fairbanks,1993.0,gmc,school bus,diesel,,clean,manual,ak,64.0378,-145.7322,low
albany,2019.0,bmw,2 series m240i coupe 2d,gas,16737.0,clean,other,ny,42.66,-73.79,high
new hampshire,2013.0,honda,cr-v,gas,111593.0,clean,automatic,nh,42.765709,-71.235073,medium
lafayette / west lafayette,2020.0,infiniti,qx60 luxe sport utility,other,8140.0,clean,other,in,40.41,-86.87,high
columbus,2017.0,ford,transit t150,gas,44800.0,clean,automatic,oh,42.9468,-83.817,high
vermont,2013.0,chevrolet,malibu,gas,147892.0,clean,automatic,vt,41.9099,-72.6029,low
santa barbara,2015.0,bmw,7 series 750i sedan 4d,other,54319.0,clean,other,ca,33.7865,-84.4454,high
fayetteville,2008.0,other,EASY CAR DEALS,gas,212000.0,clean,automatic,ar,36.17521,-94.171629,low
kennewick-pasco-richland,2017.0,ram,2500,diesel,59030.0,clean,automatic,wa,45.876983,-119.293925,high
seattle-tacoma,2008.0,chevrolet,silverado 1500 lt1,gas,225835.0,clean,automatic,wa,47.1991,-122.3151,medium
orlando,2020.0,kia,forte,gas,17000.0,clean,automatic,fl,28.577394,-81.407094,low
eugene,2018.0,acura,rdx,gas,35982.0,clean,automatic,or,44.05278,-123.128308,high
medford-ashland,2015.0,volkswagen,cc,gas,92729.0,clean,automatic,or,45.46029,-122.57875,medium
monroe,2017.0,chevrolet,silverado high country,gas,156000.0,clean,automatic,la,32.513553,-92.112722,high
palm springs,2010.0,subaru,outback,gas,150000.0,clean,automatic,ca,33.7532,-116.2676,low
hartford,2019.0,cadillac,ats luxury coupe 2d,other,27396.0,clean,other,ct,41.76,-72.68,high
atlanta,2013.0,chevrolet,silverado,gas,142000.0,clean,automatic,ga,33.9382,-84.5403,medium
rhode island,2018.0,buick,enclave essence sport,gas,41466.0,clean,other,ri,41.82,-71.41,high
harrisburg,2006.0,jeep,grand cherokee,gas,272000.0,clean,automatic,pa,40.0514,-77.5195,low
billings,2016.0,buick,cascada,gas,36551.0,clean,automatic,mt,44.777727,-106.94434,medium
stockton,2015.0,lexus,rc 350 f sport,gas,70366.0,clean,automatic,ca,38.611373,-121.430328,high
boise,2012.0,toyota,highlander,gas,140337.0,clean,automatic,id,43.6403,-116.26346,medium
scranton / wilkes-barre,2004.0,toyota,corolla,gas,148242.0,clean,automatic,pa,41.40703,-75.43913,low
holland,2011.0,chevrolet,corvette grand sport,gas,70976.0,clean,other,mi,42.77,-86.1,high
albany,2020.0,volkswagen,golf 1.4t tsi,gas,2515.0,clean,other,ny,42.66,-73.79,medium
nashville,2016.0,gmc,savana 3500 cargo van,gas,141655.0,clean,automatic,tn,35.843686,-86.4152,medium
los angeles,2010.0,ford,f250,diesel,118536.0,clean,automatic,ca,34.062592,-117.67898,low
hawaii,2012.0,mini,cooper countryman s all4,gas,66074.0,,manual,hi,20.886756,-156.453981,medium
san angelo,2016.0,chevrolet,2500,diesel,151913.0,clean,automatic,tx,30.648663,-97.866898,high
denver,2008.0,honda,ridgeline,gas,93047.0,clean,automatic,co,39.740183,-105.063002,medium
stockton,2005.0,cadillac,escalade,gas,157000.0,clean,automatic,ca,38.1308,-121.3345,low
south bend / michiana,2012.0,mazda,mazda5,gas,118445.0,clean,automatic,in,41.759395,-86.251452,medium
austin,2016.0,cadillac,cts 2.0 luxury,gas,50095.0,clean,other,tx,30.26,-97.74,high
cleveland,2002.0,other,saab 9-3,gas,133179.0,clean,automatic,oh,41.5197,-81.463,low
dallas / fort worth,2011.0,rover,lr4,gas,156000.0,clean,automatic,tx,33.1976,-96.6153,medium
western slope,2005.0,other,"GMC, Ford, Freightliner & More",diesel,161087.0,clean,automatic,co,39.8671,-104.9227,medium
salem,2006.0,mitsubishi,eclipse,gas,163199.0,clean,automatic,or,44.9961,-122.9124,low
corpus christi,2016.0,dodge,dart se sedan 4d,gas,81900.0,clean,other,tx,27.8,-97.39,medium
pittsburgh,2006.0,toyota,rav4,gas,79065.0,clean,automatic,pa,41.152848,-81.389646,low
colorado springs,2008.0,ford,focus,gas,107698.0,clean,automatic,co,38.8558,-104.7134,low
reno / tahoe,2009.0,toyota,sienna,gas,114619.0,salvage,automatic,ca,40.745787,-111.939697,low
modesto,2018.0,mercedes-benz,c-class,gas,95674.0,clean,automatic,ca,36.837679,-119.809638,high
winston-salem,1995.0,ford,ranger,gas,167000.0,clean,automatic,nc,36.092,-80.3224,low
baltimore,2013.0,nissan,sentra,gas,171549.0,clean,automatic,md,39.433086,-76.343119,low
des moines,2017.0,nissan,altima,gas,100366.0,clean,automatic,ia,41.636659,-93.619935,medium
tulsa,2017.0,ford,edge,gas,58887.0,clean,automatic,ok,36.303847,-95.622363,high
laredo,2018.0,ford,escape,gas,31447.0,clean,automatic,tx,29.148519,-98.875934,medium
fresno / madera,2006.0,toyota,tundra,gas,267882.0,clean,automatic,ca,36.815675,-119.695804,low
raleigh / durham / CH,2000.0,bmw,z3 m roadster,gas,98090.0,salvage,manual,nc,35.796043,-78.80137,medium
"st louis, MO",2011.0,jeep,compass,gas,189000.0,clean,automatic,il,38.719771,-90.670273,low
grand rapids,2017.0,rover,discovery sport hse,gas,34907.0,clean,other,mi,42.96,-85.65,high
wyoming,2016.0,ford,expedition el,gas,283466.0,clean,automatic,wy,43.097207,-106.38746,low
philadelphia,2009.0,subaru,impreza 2.5 i awd sedan,gas,135144.0,rebuilt,automatic,pa,39.9774,-75.3106,low
santa barbara,1971.0,chevrolet,camaro,gas,6900.0,clean,automatic,ca,34.8286,-120.4268,high
kalamazoo,2011.0,ford,escape,gas,120769.0,clean,automatic,mi,42.303,-85.1304,low
scranton / wilkes-barre,2004.0,kia,spectra,gas,130000.0,clean,automatic,pa,41.225092,-75.880294,low
columbia,2016.0,ford,edge sel,gas,68000.0,clean,automatic,sc,34.2001,-80.7883,high
chicago,1999.0,bmw,3 series 328i,gas,189616.0,clean,automatic,il,42.040729,-87.752954,low
waterloo / cedar falls,2004.0,audi,tt,gas,118000.0,clean,manual,ia,42.484503,-92.324974,low
inland empire,1999.0,ford,f350,gas,185453.0,salvage,automatic,ca,33.811,-117.218,low
SF bay area,2012.0,ford,f-350,diesel,132000.0,clean,automatic,ca,38.4549,-122.2564,high
albany,2013.0,toyota,tundra double cab pickup,gas,55068.0,clean,other,ga,31.57,-84.17,high
western slope,2001.0,jeep,grand cherokee,gas,161179.0,clean,automatic,co,38.495921,-107.896627,low
grand rapids,2013.0,chevrolet,equinox,gas,133450.0,clean,automatic,mi,43.1824,-84.1122,low
treasure coast,2020.0,jeep,wrangler sport suv 2d,gas,3181.0,clean,other,fl,33.779214,-84.411811,high
tucson,2017.0,ram,1500 quad cab express pickup,gas,42253.0,clean,other,az,32.21,-110.96,high
colorado springs,2017.0,other,Genesis G80 3.8 Sedan 4D,gas,32006.0,clean,other,co,38.82108,-104.82311,high
madison,2020.0,dodge,challenger r/t coupe 2d,gas,1937.0,clean,other,wi,43.07,-89.38,high
houston,2012.0,ford,mustang,gas,97947.0,clean,,tx,29.72156,-95.524841,low
las vegas,2010.0,ford,f-350,diesel,158000.0,clean,automatic,nv,37.677663,-113.060916,high
santa barbara,2019.0,tesla,model 3 standard range,gas,31540.0,clean,other,ca,33.779214,-84.411811,high
madison,2016.0,mini,cooper s,gas,30000.0,clean,automatic,wi,43.1205,-89.3523,medium
western massachusetts,2007.0,chevrolet,silverado 1500 classic,gas,167126.0,clean,automatic,ma,42.225504,-71.762086,medium
augusta,1999.0,honda,accord,gas,158000.0,salvage,automatic,ga,,,low
harrisonburg,2020.0,buick,enclave essence sport,gas,20337.0,clean,other,va,38.43,-78.87,high
montgomery,2018.0,hyundai,sonata sel sedan 4d,gas,24703.0,clean,other,al,32.35,-86.28,medium
cincinnati,1972.0,chevrolet,corvette,gas,42900.0,clean,automatic,oh,33.6372,-96.6184,high
klamath falls,2003.0,infiniti,g35 sedan,gas,104650.0,clean,automatic,or,42.334497,-122.874143,low
albany,2013.0,ford,escape se,gas,138000.0,clean,automatic,ny,42.777009,-73.900217,low
long island,2018.0,chrysler,300 300s sedan 4d,other,39870.0,clean,other,ny,40.8,-73.12,high
cincinnati,2007.0,mercedes-benz,ml 63 amg v8 awd,gas,116352.0,clean,automatic,oh,39.0731,-84.325896,medium
port huron,2018.0,acura,mdx sh-awd w/advance pkg,other,26176.0,clean,other,mi,43.01717,-82.45099,high
san diego,2015.0,mini,convertible cooper s 2d,diesel,20615.0,clean,other,ca,32.86,-117.24,high
raleigh / durham / CH,2018.0,toyota,4runner,gas,51000.0,clean,automatic,nc,35.848,-78.6317,high
las cruces,2014.0,harley-davidson,davidson fat boy,gas,2254.0,clean,manual,nm,32.2901,-106.7539,medium
st cloud,2004.0,infiniti,g35 sedan,gas,185738.0,clean,automatic,mn,45.5579,94.1632,low
roanoke,2012.0,gmc,sierra 3500 denali,diesel,69412.0,clean,automatic,va,36.2245,-79.8901,high
olympic peninsula,2014.0,gmc,sierra 1500,gas,79941.0,clean,automatic,wa,47.1991,-122.3151,high
denver,2002.0,jeep,liberty,gas,175469.0,clean,automatic,co,39.827199,-105.038497,low
phoenix,2002.0,mercedes-benz,g-class,gas,168908.0,clean,automatic,az,33.5623,-112.0559,high
cleveland,1969.0,mercury,,gas,23233.0,clean,automatic,oh,41.756817,-81.056648,high
wichita,2010.0,ferrari,,other,14548.0,clean,automatic,ks,45.494265,-122.579192,high
cleveland,2013.0,infiniti,g g37 sport coupe 2d,gas,57181.0,clean,other,oh,41.47,-81.67,medium
des moines,2006.0,chevrolet,monte carlo ss,gas,57797.0,clean,automatic,ia,41.69929,-93.24175,medium
portland,2018.0,ford,f-150 xlt,gas,37115.0,clean,automatic,or,45.38845,-122.610757,high
spokane / coeur d'alene,2014.0,volkswagen,jetta,diesel,74302.0,clean,automatic,id,47.642201,-117.556915,medium
lewiston / clarkston,2020.0,ford,f350 deisel power stroke,diesel,5873.0,clean,automatic,id,47.65613,-117.236949,high
la crosse,2010.0,dodge,caliber sxt,gas,150094.0,clean,automatic,wi,43.876328,-90.830197,low
mcallen / edinburg,2020.0,ram,1500,gas,,clean,automatic,tx,26.193466,-98.145378,high
oklahoma city,2013.0,bmw,1 series 135i coupe 2d,gas,83600.0,clean,other,ok,35.46,-97.51,medium
milwaukee,2013.0,chrysler,200,gas,94735.0,clean,automatic,wi,43.01683,-88.033653,low
hawaii,2021.0,kia,niro,gas,16.0,clean,automatic,hi,19.641782,-155.995775,high
corvallis/albany,2008.0,toyota,tundra,gas,226480.0,clean,automatic,or,45.382346,-122.605132,medium
sacramento,2019.0,jeep,cherokee,gas,33900.0,salvage,automatic,ca,38.7159,-121.3648,high
indianapolis,2003.0,ford,f-350 diesel 4x4 crew cab,diesel,108471.0,clean,automatic,in,39.609762,-85.448656,high
st cloud,2008.0,chrysler,pacifica touring,gas,128363.0,clean,automatic,mn,45.833119,-95.387931,low
central NJ,2005.0,subaru,forester (natl),gas,155220.0,clean,automatic,nj,40.188232,-74.753705,low
bellingham,2018.0,ram,2500,diesel,19774.0,clean,automatic,wa,48.756909,-122.452132,high
columbus,2014.0,chrysler,town and country,gas,131901.0,clean,automatic,oh,40.0197,-82.3875,low
atlanta,2014.0,acura,rlx sedan 4d,gas,55617.0,clean,other,ga,33.75,-84.39,medium
spokane / coeur d'alene,1993.0,toyota,land cruiser kzj71,diesel,140000.0,clean,automatic,id,47.7556,-117.4146,high
skagit / island / SJI,2017.0,jaguar,xe,diesel,21291.0,clean,automatic,wa,48.436268,-122.326959,high
battle creek,2004.0,dodge,dakota slt,gas,159000.0,clean,automatic,mi,42.316052,-85.188374,low
winston-salem,2003.0,toyota,tundra sr5 4x4,gas,187548.0,clean,automatic,nc,35.92508,-79.994816,medium
"st louis, MO",2016.0,jeep,wrangler,gas,87540.0,clean,automatic,il,38.802269,-90.673649,high
reno / tahoe,1991.0,ford,mustang,gas,39244.0,clean,automatic,ca,33.6372,-96.6184,high
charlottesville,2018.0,mitsubishi,outlander phev sel,other,25384.0,clean,other,va,38.03,-78.48,high
stockton,2016.0,kia,forte koup sx coupe 2d,gas,53066.0,clean,other,ca,33.779214,-84.411811,medium
central NJ,2012.0,jeep,wrangler unlimited 4wd 4dr sahara,,105927.0,clean,automatic,nj,40.46865,-74.29699,high
lansing,2007.0,chevrolet,impala lt,diesel,129746.0,,automatic,mi,42.568136,-83.813674,low
jersey shore,2010.0,mercedes-benz,benz e350,gas,97818.0,clean,automatic,nj,40.427388,-74.105347,medium
new haven,1969.0,chevrolet,camaro,gas,300.0,clean,automatic,ct,41.3427,-73.0742,high
eastern NC,2005.0,mercedes-benz,convertible,gas,54000.0,clean,automatic,nc,35.4565,-77.4051,medium
cleveland,2003.0,toyota,camry le,gas,233800.0,clean,automatic,oh,41.5696,-81.5257,low
houston,2019.0,nissan,altima,gas,23000.0,rebuilt,automatic,tx,29.858926,-95.555477,medium
williamsport,2013.0,ford,explorer xlt 4x4,gas,124200.0,clean,automatic,pa,41.22528,-77.157326,medium
medford-ashland,2015.0,subaru,forester 2.5i premium,gas,63586.0,clean,automatic,or,45.523907,-122.538244,medium
pittsburgh,1977.0,volkswagen,bus,gas,76500.0,clean,automatic,pa,41.037819,-78.777466,high
chico,2021.0,toyota,corolla,gas,1236.0,clean,automatic,ca,40.57218,-122.368589,high
omaha / council bluffs,1994.0,other,oldsmobile cutlass ciera,gas,58000.0,clean,automatic,ia,41.5454,-96.1617,low
tampa bay area,2014.0,chevrolet,cruze,gas,141787.0,clean,automatic,fl,27.999033,-82.459702,low
buffalo,1988.0,chevrolet,corvette,gas,27200.0,clean,manual,ny,42.8441,-78.8182,medium
ventura county,2018.0,ford,fusion s,gas,8764.0,,automatic,ca,34.264798,-119.246834,medium
treasure coast,2006.0,toyota,camry le,gas,165910.0,clean,automatic,fl,27.2478,-80.383,low
olympic peninsula,2007.0,dodge,nitro,gas,161000.0,clean,automatic,wa,48.0881,-123.1198,low
minneapolis / st paul,2016.0,ford,edge,gas,119976.0,clean,automatic,mn,45.683596,-92.964836,medium
columbia / jeff city,2020.0,other,Genesis G70 2.0T Sedan 4D,other,786.0,clean,other,mo,38.95,-92.32,high
columbia,2015.0,ford,f250 ext cab,gas,230829.0,clean,automatic,sc,34.0004,-81.0334,medium
medford-ashland,2004.0,nissan,xterra,gas,212.0,clean,automatic,or,42.4153,-122.9994,low
sarasota-bradenton,2017.0,lincoln,mkz select sedan 4d,gas,42383.0,clean,other,fl,27.33,-82.54,high
shreveport,2015.0,ford,f-250 super duty,gas,160000.0,rebuilt,automatic,la,32.5556,-92.9245,medium
toledo,2015.0,hyundai,elantra,gas,127743.0,clean,automatic,oh,41.6492,-83.6706,low
long island,2015.0,ram,2500 crew cab,diesel,157824.0,clean,automatic,ny,40.857,-73.3146,high
eastern shore,2013.0,ford,c-max se wagon,hybrid,104283.0,clean,automatic,md,39.1564,-75.4955,low
inland empire,2014.0,nissan,versa,gas,78000.0,clean,automatic,ca,33.8797,-117.5354,low
college station,2017.0,jeep,wrangler sport suv 2d,gas,22947.0,clean,other,tx,30.6,-96.31,high
saginaw-midland-baycity,2008.0,ford,super duty f-250 srw,gas,211992.0,clean,automatic,mi,43.1824,-84.1122,medium
chattanooga,2018.0,chrysler,pacifica touring plus,gas,8666.0,clean,other,tn,35.06,-85.25,high
knoxville,2014.0,chrysler,town and country,gas,112500.0,clean,automatic,tn,36.1055,-83.946,medium
dayton / springfield,2000.0,ram,3500,gas,131717.0,clean,automatic,oh,39.8053,-84.0198,low
memphis,,other,CX-5,gas,17183.0,clean,automatic,tn,35.191437,-89.894973,medium
north jersey,2019.0,tesla,model 3 standard range,electric,22544.0,clean,other,nj,40.44,-74.82,high
san diego,2021.0,other,By Rackit,gas,71.0,clean,automatic,ca,32.8486,-116.9862,low
inland empire,2005.0,ram,,diesel,263231.0,clean,automatic,ca,34.4449,-117.5196,medium
stockton,2018.0,kia,optima,gas,93395.0,clean,automatic,ca,37.95868,-121.27473,medium
orlando,2017.0,chevrolet,equinox,gas,91297.0,clean,automatic,fl,28.763821,-81.282651,medium
fayetteville,2019.0,ford,f450,diesel,16190.0,clean,automatic,nc,35.01862,-78.914576,high
tucson,2015.0,ford,expedition,other,78217.0,clean,automatic,az,32.24951,-110.972417,medium
palm springs,2012.0,subaru,forester 2.5x,gas,132000.0,clean,automatic,ca,33.743904,-116.359028,low
philadelphia,2003.0,toyota,camry xle,gas,159000.0,clean,automatic,pa,40.1547,-74.9904,low
phoenix,2011.0,other,Scion TC,gas,74450.0,clean,manual,az,33.3054,-111.7408,low
springfield,2016.0,ford,edge 4dr se,gas,82436.0,clean,automatic,mo,37.063679,-93.557113,medium
western massachusetts,2020.0,infiniti,qx60 luxe sport utility,gas,5279.0,clean,other,ma,42.11,-72.53,high
erie,2016.0,ford,transit connect,gas,35007.0,clean,automatic,pa,41.42832,-81.52741,medium
syracuse,2019.0,nissan,370z nismo coupe 2d,gas,8373.0,clean,other,ny,43.04,-76.14,high
tucson,2000.0,ford,ranger regular cab,gas,125860.0,clean,manual,az,32.2127,-110.8829,low
orlando,2005.0,lexus,rx 330,gas,283466.0,clean,automatic,fl,28.6617,-81.3122,low
charlotte,1992.0,mercury,sable wagon ls,gas,92500.0,clean,automatic,nc,35.173762,-80.850964,low
sarasota-bradenton,2007.0,lexus,es 350,gas,97136.0,clean,automatic,fl,27.473591,-82.570679,low
ocala,2005.0,ford,f-350 super duty,diesel,223000.0,clean,automatic,fl,28.8723,-82.3454,medium
high rockies,2007.0,ram,3500,diesel,150000.0,clean,manual,co,37.178633,-104.516117,low
port huron,2018.0,acura,mdx sh-awd w/advance pkg,gas,35799.0,clean,automatic,mi,43.01717,-82.45099,high
tucson,2011.0,chevrolet,malibu,other,78927.0,clean,automatic,az,32.24951,-110.972417,medium
minneapolis / st paul,2010.0,ford,explorer,gas,168843.0,clean,automatic,mn,44.971567,-93.488809,low
south jersey,2015.0,ram,1500 tradesman,gas,141400.0,clean,automatic,nj,39.893674,-75.10263,medium
"washington, DC",2016.0,chevrolet,tahoe,gas,104956.0,clean,automatic,dc,38.91706,-77.46954,high
indianapolis,1998.0,ford,explorer,gas,100148.0,clean,automatic,in,39.720422,-86.353668,low
des moines,2006.0,kia,sedona ex,gas,199559.0,clean,manual,ia,41.7194,-93.6266,low
savannah / hinesville,2019.0,acura,rdx sh-awd technology pkg,gas,22100.0,clean,other,ga,32.08,-81.1,high
minneapolis / st paul,2012.0,dodge,avenger sxt plus,gas,148400.0,clean,automatic,mn,45.2949,-94.948,low
rapid city / west SD,2015.0,ram,2500,gas,119567.0,clean,automatic,sd,44.08745,-103.19813,high
fort wayne,2008.0,pontiac,grand prix,gas,174099.0,clean,automatic,in,41.3482,-85.4142,low
austin,2018.0,lexus,gx 460,gas,26900.0,clean,automatic,tx,30.2713,-97.7426,high
baltimore,2007.0,other,Hino 268,diesel,161693.0,clean,automatic,md,40.468785,-74.281707,high
austin,2006.0,other,Peterbilt 378,diesel,1234.0,clean,manual,tx,30.3649,-97.6827,high
philadelphia,2000.0,honda,accord,gas,199600.0,clean,automatic,pa,40.18157,-74.663384,low
indianapolis,2014.0,ford,f150,gas,99642.0,clean,automatic,in,39.193119,-84.24725,high
albuquerque,1995.0,chevrolet,g20 van,gas,148700.0,clean,automatic,nm,35.1104,-106.5781,low
SF bay area,2018.0,lincoln,mkc reserve sport,gas,28230.0,clean,other,ca,37.76,-122.44,high
detroit metro,2008.0,mazda,3,gas,178000.0,clean,manual,mi,42.460257,-83.147853,low
cleveland,2008.0,nissan,sentra,gas,105407.0,clean,automatic,oh,41.56995,-81.574738,low
dallas / fort worth,2019.0,mini,convertible cooper s 2d,gas,17037.0,clean,other,tx,32.75,-97.33,high
boston,2016.0,jeep,compass sport 4x4,gas,105913.0,clean,automatic,ma,42.545356,-70.944353,medium
sioux city,2013.0,gmc,sierra 1500 crew cab,other,78008.0,clean,automatic,ia,43.5566,-96.8028,medium
SF bay area,2017.0,bmw,x3,gas,37576.0,clean,automatic,ca,38.806978,-121.218928,high
jacksonville,2016.0,dodge,,other,2991.0,clean,manual,fl,44.927304,-123.030322,high
northern michigan,1991.0,ford,f150,gas,180000.0,clean,automatic,mi,44.3767,-85.0946,low
ventura county,2007.0,bmw,328i,gas,134990.0,clean,automatic,ca,34.2262,-118.447,low
albuquerque,2016.0,toyota,rav4 le,gas,68250.0,clean,automatic,nm,35.087748,-106.557266,medium
baltimore,1991.0,chevrolet,corvette,gas,123000.0,clean,automatic,md,39.3914,-76.4871,medium
denver,2008.0,chevrolet,silverado 2500hd,gas,159000.0,clean,automatic,co,40.8233,-96.6766,medium
austin,2019.0,mercedes-benz,e-class,gas,13562.0,clean,automatic,tx,26.193466,-98.145378,high
albuquerque,2012.0,chevrolet,colorado,gas,138000.0,clean,automatic,nm,35.0672,-106.7044,low
"kansas city, MO",2009.0,jeep,wrangler,gas,126920.0,clean,automatic,ks,41.1345,-96.2458,medium
tyler / east TX,2018.0,lincoln,mkx select sport utility,other,24000.0,clean,other,tx,32.32,-95.3,high
south jersey,2015.0,ford,f450 super duty,diesel,92000.0,clean,automatic,nj,39.2901,-74.7538,high
columbus,2017.0,ford,expedition xlt sport,gas,70760.0,clean,other,oh,39.98,-82.98,high
atlanta,2005.0,mercedes-benz,sl500,gas,66000.0,clean,automatic,ga,33.9381,-84.1972,low
milwaukee,2016.0,chevrolet,express commercial cutaway,gas,12398.0,clean,automatic,wi,40.468785,-74.281707,high
rhode island,2010.0,ford,edge,gas,143000.0,clean,manual,ri,41.8601,-71.3969,low
new york city,2000.0,bmw,528i wagon,gas,175000.0,clean,automatic,ny,40.9927,-73.7995,low
kennewick-pasco-richland,2019.0,ford,f150 lariat sport 4x4 gas,gas,35760.0,clean,automatic,wa,46.234838,-119.128015,high
tuscarawas co,2019.0,volvo,s60 t6 r-design sedan 4d,gas,7618.0,clean,other,oh,40.35,-81.43,high
sacramento,2017.0,bmw,5 series,gas,20331.0,clean,automatic,ca,38.637299,-121.320559,high
san antonio,2021.0,gmc,yukon,gas,6936.0,clean,automatic,tx,29.148519,-98.875934,high
central NJ,2011.0,other,isuzu npr,diesel,196947.0,clean,automatic,nj,40.464,-74.2742,high
bellingham,2017.0,jeep,compass latitude 4x4 gas,gas,31669.0,clean,manual,wa,47.841211,-122.297249,medium
new haven,2008.0,volkswagen,gti coupe,gas,118526.0,clean,automatic,ct,41.9099,-72.6029,low
tallahassee,2013.0,mercedes-benz,benz e350,gas,85000.0,clean,automatic,fl,30.4478,-84.3211,low
fredericksburg,2019.0,acura,mdx sh-awd w/technology,other,24495.0,clean,other,va,38.29,-77.48,high
saginaw-midland-baycity,2009.0,gmc,acadia,gas,178886.0,clean,automatic,mi,43.1824,-84.1122,low
rhode island,2016.0,bmw,328i,gas,87000.0,clean,automatic,ri,41.9089,-71.4348,medium
minneapolis / st paul,2013.0,dodge,dart limited,gas,77467.0,clean,automatic,mn,44.777113,-93.36982,low
fayetteville,2016.0,dodge,journey crossroad,other,54822.0,clean,automatic,ar,36.004709,-94.284022,medium
college station,2015.0,ram,1500,diesel,118260.0,clean,automatic,tx,30.64822,-97.866898,medium
st george,2017.0,toyota,corolla,gas,36038.0,clean,automatic,ut,37.175631,-113.60824,medium
tulsa,2005.0,pontiac,g6 gt,gas,259002.0,clean,automatic,ok,36.146085,-95.882449,low
southeast alaska,2019.0,nissan,leaf,electric,14243.0,clean,automatic,ak,58.3628,-134.5294,high
ann arbor,2011.0,nissan,sentra 2.0 s,gas,181892.0,,other,mi,42.568136,-83.813674,low
minneapolis / st paul,2014.0,infiniti,qx80,gas,99000.0,clean,automatic,mn,44.681653,-93.333664,high
buffalo,2006.0,ford,f150,gas,126800.0,clean,automatic,ny,43.0028,-78.8547,low
stockton,1999.0,toyota,tacoma,gas,117849.0,clean,automatic,ca,38.624208,-121.401038,medium
san antonio,2003.0,ford,focus,gas,100000.0,clean,manual,tx,29.6023,-98.0492,low
monterey bay,2020.0,jeep,wrangler sport suv 2d,gas,3181.0,clean,other,ca,36.6,-121.88,high
pullman / moscow,2016.0,ford,super duty f-350 srw,diesel,135069.0,clean,automatic,id,47.692931,-117.411632,high
peoria,2013.0,chevrolet,spark ls,gas,91000.0,clean,automatic,il,41.2411,-89.9274,low
boston,2007.0,ford,econoline cargo van,gas,76000.0,clean,automatic,ma,42.155,-71.0108,medium
san diego,2005.0,toyota,corolla le,gas,163044.0,clean,manual,ca,32.753454,-117.217279,low
topeka,2017.0,chrysler,pacifica,gas,106091.0,clean,automatic,ks,38.990868,-95.233358,medium
jacksonville,1986.0,chevrolet,corvette,gas,64391.0,clean,automatic,fl,30.348,-81.5882,medium
fresno / madera,2015.0,hyundai,santa fe,gas,121062.0,clean,automatic,ca,36.905852,-119.794299,medium
fairbanks,2017.0,toyota,sienna,gas,53715.0,clean,automatic,ak,64.81552,-147.71293,high
knoxville,2017.0,toyota,tacoma double cab limited,gas,40924.0,clean,automatic,tn,35.9992,-83.9657,high
cincinnati,2012.0,audi,a6,gas,188000.0,lien,automatic,oh,39.262115,-84.309478,low
williamsport,2019.0,bmw,x3 xdrive30i sport utility,gas,,clean,automatic,pa,41.23,-77.03,high
billings,2014.0,chevrolet,silverado 2500hd,diesel,60916.0,clean,automatic,mt,47.81247,-122.32164,high
rochester,2010.0,chevrolet,suburban lt 4wd,gas,181000.0,clean,automatic,mn,44.0496,-92.4896,medium
milwaukee,2013.0,dodge,challenger,gas,52223.0,clean,automatic,wi,42.364188,-87.864796,medium
nashville,2012.0,toyota,tacoma,gas,236548.0,,automatic,tn,36.305499,-86.619199,medium
san diego,2018.0,bmw,4 series,gas,18143.0,clean,automatic,ca,33.056022,-117.2599,high
sarasota-bradenton,2013.0,mercedes-benz,c-class,gas,90037.0,clean,automatic,fl,27.299365,-82.513647,medium
hawaii,2019.0,toyota,tacoma offroad,gas,5600.0,clean,automatic,hi,21.3274,-158.0103,high
spokane / coeur d'alene,2015.0,kia,soul,gas,64279.0,clean,automatic,id,47.664705,-117.310362,medium
dallas / fort worth,2004.0,mercedes-benz,benz s55 amg,gas,145000.0,clean,automatic,tx,33.1976,-96.6153,medium
syracuse,2001.0,gmc,sierra 2500hd,diesel,122124.0,clean,automatic,ny,43.2267,-77.32547,medium
el paso,2016.0,mazda,mazda3,gas,60225.0,clean,automatic,tx,31.8383,-106.5364,medium
orlando,2012.0,ford,f150,gas,144404.0,clean,automatic,fl,28.304817,-81.403593,medium
cincinnati,2017.0,volkswagen,tiguan limited,gas,30084.0,clean,automatic,oh,39.149003,-84.465916,medium
pittsburgh,2010.0,chrysler,town and country,gas,41000.0,clean,automatic,pa,40.4308,-79.9205,medium
pittsburgh,2011.0,ford,f-250 sd,gas,118379.0,clean,automatic,pa,40.85882,-81.57895,high
portland,2009.0,toyota,sienna ce 8-passenger,gas,197955.0,clean,automatic,or,45.501507,-122.430685,low
reno / tahoe,2016.0,jeep,patriot,gas,109639.0,clean,manual,ca,39.179138,-119.725304,medium
la salle co,2015.0,acura,mdx sh-awd sport utility,other,61261.0,clean,other,il,33.7865,-84.4454,high
baltimore,2006.0,honda,odyssey ex,gas,180000.0,clean,automatic,md,39.1702,-76.5798,low
bend,2008.0,ford,taurus,gas,122846.0,clean,automatic,or,45.523091,-122.578615,low
nashville,2008.0,nissan,sentra,gas,84392.0,clean,automatic,tn,36.152646,-86.826153,low
toledo,2008.0,ford,f250 supercab 4wd,gas,72750.0,clean,automatic,oh,42.331519,-83.497982,medium
lancaster,2011.0,ford,escape limited,gas,91000.0,clean,automatic,pa,40.038754,-76.358036,low
cedar rapids,2014.0,chevrolet,sonic,gas,106896.0,clean,automatic,ia,42.03519,-91.559347,low
chicago,2007.0,mitsubishi,galant es,gas,168694.0,clean,automatic,il,41.627998,-87.676188,low
pittsburgh,2007.0,other,Suzuki SX4,gas,157770.0,clean,automatic,pa,41.412711,-80.358594,low
rochester,2019.0,hyundai,santa fe 2.4 se sport,gas,20705.0,clean,other,ny,43.16,-77.61,high
ft myers / SW florida,2018.0,dodge,journey,gas,41770.0,clean,automatic,fl,28.763821,-81.282651,medium
toledo,2013.0,ford,e-series cargo van,gas,165851.0,clean,automatic,oh,41.60201,-83.786937,medium
san antonio,2014.0,other,mazda5,gas,99000.0,clean,automatic,tx,29.4589,-98.5699,low
stockton,2014.0,ford,fusion se 4dr sedan,gas,65000.0,clean,automatic,ca,37.7808,-121.2344,medium
colorado springs,2007.0,honda,odyssey ex-l w/ dvd,gas,143000.0,clean,automatic,co,38.836973,-104.791043,low
grand forks,2008.0,chevrolet,impala,gas,166766.0,clean,automatic,nd,47.887385,-97.057569,low
memphis,2013.0,ford,f150,gas,121079.0,clean,automatic,tn,35.172002,-89.943849,medium
long island,2007.0,cadillac,escalade,gas,144492.0,clean,automatic,ny,40.894535,-74.152367,medium
monterey bay,2008.0,pontiac,g6 base,gas,148000.0,clean,automatic,ca,36.7103,-121.6438,low
tampa bay area,2016.0,ford,focus,gas,54227.0,clean,manual,fl,27.788266,-82.677461,high
albuquerque,2021.0,toyota,camry xse sedan 4d,gas,535.0,clean,other,nm,35.11,-106.62,high
kennewick-pasco-richland,2022.0,mitsubishi,eclipse cross,gas,10.0,clean,automatic,wa,46.213805,-119.161041,high
lubbock,2006.0,toyota,tundra sr5 4wd,gas,224169.0,clean,automatic,tx,33.561995,-101.856308,low
winston-salem,2012.0,ford,f450sd,diesel,138764.0,clean,automatic,nc,36.172812,-80.167732,high
maine,2016.0,jaguar,xj-series,gas,44522.0,clean,automatic,me,42.765709,-71.235073,high
new orleans,2017.0,kia,soul,gas,140000.0,clean,automatic,la,30.3666,-90.0487,low
medford-ashland,2005.0,ford,focus zx4,gas,283466.0,clean,manual,or,42.287,-122.928,low
dayton / springfield,2020.0,gmc,yukon slt sport utility 4d,other,30352.0,clean,other,oh,39.77,-84.19,high
oklahoma city,2018.0,audi,s5 premium plus coupe 2d,gas,16460.0,clean,other,ok,35.46,-97.51,high
omaha / council bluffs,2015.0,mitsubishi,outlander,gas,9374.0,,automatic,ia,41.229172,-95.852118,medium
san diego,2016.0,volkswagen,tiguan,gas,66353.0,clean,automatic,ca,32.82387,-117.1552,medium
winchester,1953.0,other,1960s,gas,111.0,clean,automatic,va,39.378,-78.1141,low
denver,2016.0,bmw,3 series,gas,53237.0,clean,automatic,co,39.678809,-105.016991,medium
roanoke,2008.0,acura,tl,gas,90000.0,clean,automatic,va,37.2757,-79.8775,medium
reno / tahoe,2005.0,pontiac,g6 sedan,gas,200000.0,clean,automatic,ca,39.527497,-119.776018,low
eastern NC,2007.0,cadillac,cts sedan,gas,149133.0,missing,automatic,nc,35.6067,-77.3643,low
pittsburgh,2011.0,ford,fiesta,gas,110000.0,rebuilt,automatic,pa,40.5051,-79.9528,low
st george,2013.0,chevrolet,sonic,gas,115926.0,clean,automatic,ut,37.097941,-113.23305,low
denver,2002.0,jeep,grand cherokee,gas,112743.0,clean,automatic,co,39.71087,-105.00285,low
medford-ashland,2017.0,ford,fusion se,gas,29800.0,clean,automatic,or,42.457435,-123.320814,medium
ocala,2021.0,ford,explorer limited suv,gas,3.0,clean,automatic,fl,29.803728,-82.528066,high
southern maryland,2018.0,audi,s5 premium plus coupe 2d,other,21075.0,clean,other,md,38.82,-77.08,high
tucson,2017.0,ford,f-150,gas,103000.0,clean,automatic,az,32.207754,-110.890427,high
jacksonville,2016.0,ford,super duty f-250 srw,gas,65000.0,clean,automatic,fl,28.608233,-81.413129,high
dayton / springfield,1999.0,gmc,sierra 1500,gas,245642.0,clean,automatic,oh,39.8353,-84.1123,low
santa fe / taos,2015.0,toyota,highlander limited,gas,47474.0,clean,other,nm,35.67,-105.95,high
north platte,2017.0,chevrolet,silverado 2500hd,gas,59319.0,clean,automatic,ne,40.007891,-104.818353,high
worcester / central MA,2014.0,lincoln,mkz,gas,76025.0,clean,automatic,ma,42.570152,-71.771825,medium
orange county,2015.0,toyota,highlander limited,gas,47474.0,clean,other,ca,33.74,-117.82,high
sarasota-bradenton,2011.0,lexus,is 250,gas,111000.0,clean,automatic,fl,27.0933,-82.4498,low
muskegon,2016.0,buick,enclave leather sport,other,99816.0,clean,other,mi,43.22,-86.25,medium
hickory / lenoir,2019.0,kia,soul wagon 4d,gas,14814.0,clean,other,nc,35.73,-81.32,medium
rochester,2013.0,lincoln,mkx sport utility 4d,other,94498.0,clean,automatic,ny,43.16,-77.61,medium
kalamazoo,2006.0,ford,f-150,gas,119745.0,clean,automatic,mi,42.477134,-82.949564,low
bellingham,2014.0,audi,q5 3.0t quattro technik,gas,95881.0,clean,other,wa,48.7548,-122.47,medium
wenatchee,1989.0,chevrolet,corvette,gas,283466.0,clean,manual,wa,47.885039,-120.166397,low
springfield,2011.0,jeep,grand cherokee overland,gas,115588.0,clean,automatic,il,39.7622,-89.6275,medium
billings,2015.0,ram,3500 tradesman crew cab sho,gas,168695.0,clean,automatic,mt,47.7989,-116.7423,medium
el paso,2005.0,chrysler,town & country,gas,178000.0,clean,automatic,tx,31.759169,-106.398835,low
columbus,2009.0,chevrolet,malibu,gas,162478.0,clean,automatic,oh,40.002779,-83.133361,low
charlotte,2013.0,ford,cmax hybrid,hybrid,91000.0,clean,automatic,nc,35.4141,-80.6162,low
minneapolis / st paul,2011.0,honda,accord se w/htd leather,gas,178544.0,clean,automatic,mn,44.7793,-93.5197,low
long island,2008.0,infiniti,fx35,gas,98939.0,clean,automatic,ny,40.894535,-74.152367,medium
rhode island,2003.0,audi,a4,gas,174000.0,clean,manual,ri,41.6825,-71.2676,low
new york city,2019.0,honda,passport sport suv 4d,gas,14480.0,clean,other,ny,40.71,-73.99,high
kennewick-pasco-richland,2019.0,chevrolet,silverado 1500 custom,gas,40663.0,clean,automatic,wa,46.234838,-119.128015,high
yakima,2005.0,acura,rl,gas,158900.0,clean,automatic,wa,46.606189,-120.548515,low
san antonio,2013.0,ram,2500,other,135068.0,clean,automatic,tx,30.064714,-97.839307,high
boston,2018.0,subaru,outback premium,gas,63000.0,clean,automatic,ma,42.4173,-71.1087,medium
flagstaff / sedona,2018.0,honda,civic si coupe 2d,other,31547.0,clean,other,az,33.779214,-84.411811,high
dallas / fort worth,2014.0,jeep,compass sport,gas,128434.0,clean,automatic,tx,32.749367,-96.972627,low
spokane / coeur d'alene,2015.0,ford,explorer,gas,90276.0,clean,automatic,id,47.656368,-117.311258,medium
dallas / fort worth,2009.0,volkswagen,jetta sedan,gas,150344.0,clean,automatic,tx,32.734476,-97.223353,low
albuquerque,2020.0,volkswagen,jetta,gas,9600.0,clean,automatic,nm,35.058537,-106.877873,high
ft myers / SW florida,2021.0,ford,f450 super duty,diesel,283466.0,clean,automatic,fl,26.558,-81.903,medium
dallas / fort worth,2013.0,kia,rio,gas,81000.0,rebuilt,manual,tx,32.931,-97.2843,low
battle creek,2017.0,volkswagen,golf gti se hatchback,gas,34443.0,clean,other,mi,42.29,-85.22,high
colorado springs,2009.0,nissan,titan,gas,193293.0,clean,automatic,co,38.9541,-104.5472,medium
modesto,2018.0,bmw,4 series 440i coupe 2d,gas,35290.0,clean,other,ca,33.779214,-84.411811,high
orlando,2015.0,ford,explorer,gas,52865.0,clean,automatic,fl,28.792413,-81.231302,medium
rochester,2014.0,honda,pilot ex-l,gas,95617.0,clean,automatic,ny,43.1895,-77.8043,medium
stockton,2019.0,honda,accord,gas,30139.0,clean,automatic,ca,38.630615,-121.20752,high
maine,2015.0,nissan,altima,gas,31950.0,clean,automatic,me,43.486792,-70.797787,medium
lancaster,2017.0,gmc,sierra 2500hd sle,gas,34852.0,clean,automatic,pa,40.1115,-76.4784,high
lehigh valley,2019.0,mitsubishi,mirage g4 rf sedan 4d,gas,10443.0,clean,other,pa,40.68,-75.22,medium
bellingham,2012.0,jeep,grand cherokee overland,gas,83546.0,clean,automatic,wa,48.7535,-122.469,medium
columbia / jeff city,2017.0,ram,1500,gas,47235.0,clean,automatic,mo,38.382623,-93.77344,high
prescott,2017.0,honda,accord,gas,36124.0,clean,automatic,az,34.586025,-112.318347,medium
rockford,2017.0,lexus,es 350 sedan 4d,gas,40338.0,clean,automatic,il,42.27,-89.06,high
laredo,2018.0,ford,f-150,gas,45680.0,clean,automatic,tx,29.148519,-98.875934,high
south florida,2010.0,audi,q5 premium plus,gas,80000.0,clean,automatic,fl,25.8156,-80.1897,medium
yuba-sutter,2019.0,chrysler,300 touring l sedan 4d,other,43747.0,clean,other,ca,39.05,-121.61,medium
milwaukee,2017.0,audi,q5,gas,73969.0,clean,automatic,wi,42.364188,-87.864796,medium
stockton,2015.0,chevrolet,malibu ls,gas,20612.0,clean,automatic,ca,37.765104,-120.850714,medium
dallas / fort worth,2012.0,ford,f250 super duty,diesel,226135.0,clean,automatic,tx,36.1754,-95.9112,medium
cleveland,1994.0,ford,mustang gt,gas,94686.0,clean,other,oh,41.3866,-81.4421,low
new orleans,2006.0,chevrolet,silverado 1500,gas,155694.0,clean,automatic,la,29.993717,-90.181751,medium
colorado springs,2002.0,jeep,grand cherokee,gas,200000.0,clean,automatic,co,38.9497,-104.767,low
yakima,2019.0,ram,deisel cummin 2500 4x4,diesel,39874.0,clean,automatic,wa,46.234838,-119.128015,high
western massachusetts,2019.0,mercedes-benz,gls 450 4matic,gas,12765.0,clean,other,ma,42.11,-72.53,high
lancaster,2015.0,buick,enclave leather awd,gas,131699.0,clean,automatic,pa,40.057044,-76.313026,medium
harrisonburg,1992.0,toyota,land cruiser hdj81 - 80 series,diesel,180000.0,,automatic,va,32.7939,-96.8319,high
maine,2012.0,other,PROGRAMS as little as $500 DOWN!,gas,50000.0,clean,automatic,me,42.756198,-71.21031,low
los angeles,1999.0,toyota,tacoma,gas,207101.0,clean,automatic,ca,34.2544,-118.2849,low
columbia,2015.0,ford,f-350 lariat srw,diesel,97063.0,clean,automatic,sc,36.238093,-79.978876,high
salem,2011.0,kia,sportage lx,gas,132248.0,clean,automatic,or,44.925908,-122.982753,medium
san diego,2017.0,other,Mclaren 570GT W/ Upgrades,gas,13000.0,clean,automatic,ca,32.7904,-96.8044,high
omaha / council bluffs,1996.0,cadillac,hearse,gas,89000.0,rebuilt,automatic,ia,41.5454,-96.1617,low
dubuque,2014.0,subaru,forester,gas,140000.0,clean,automatic,ia,42.515,-90.6819,low
norfolk / hampton roads,2020.0,ford,f-150,gas,10554.0,clean,automatic,va,,,high
austin,2019.0,ram,1500 classic,gas,20052.0,clean,automatic,tx,29.517711,-98.396752,high
tampa bay area,2018.0,toyota,rav4 adventure sport,gas,36111.0,clean,other,fl,27.9,-82.78,high
billings,2020.0,cadillac,escalade,gas,11186.0,clean,automatic,mt,44.777727,-106.94434,high
tucson,2012.0,other,Scion tC Base Coupe,gas,125892.0,clean,automatic,az,32.267941,-110.977848,low
maine,2018.0,honda,accord,gas,34511.0,clean,automatic,me,43.5835,-70.3457,high
phoenix,2015.0,chevrolet,malibu,gas,90482.0,clean,automatic,az,33.2414,-111.7745,medium
battle creek,2013.0,ford,explorer,gas,120551.0,clean,automatic,mi,43.1824,-84.1122,medium
charleston,2015.0,chrysler,300 300c sedan 4d,other,72802.0,clean,other,sc,32.78,-79.99,medium
spokane / coeur d'alene,2015.0,nissan,altima,gas,131331.0,clean,automatic,id,47.9192,-117.2921,low
grand island,2013.0,chevrolet,camaro ls,gas,111566.0,clean,manual,ne,40.437779,-99.388933,medium
albany,2020.0,buick,encore gx select sport,other,5144.0,clean,other,ny,42.66,-73.79,high
denver,2003.0,nissan,pathfinder le,gas,164864.0,clean,automatic,co,39.740343,-105.044341,low
portland,2020.0,nissan,leaf,electric,608.0,clean,,or,45.38145,-122.606475,high
ft myers / SW florida,2011.0,ford,f-350 super duty,diesel,272188.0,clean,automatic,fl,27.5885,-80.3923,high
inland empire,1989.0,other,1988,diesel,88000.0,clean,automatic,ca,33.855381,-116.910791,medium
raleigh / durham / CH,1979.0,jeep,cj7,gas,1.0,clean,manual,nc,35.9457,-78.6433,medium
memphis,2016.0,ford,taurus,gas,80248.0,clean,automatic,tn,35.172002,-89.943849,medium
"kansas city, MO",2015.0,jeep,wrangler unlimited,gas,36767.0,clean,automatic,ks,38.382623,-93.77344,high
charlottesville,2017.0,infiniti,qx50 sport utility 4d,other,13870.0,clean,other,va,38.03,-78.48,high
tucson,2012.0,ford,focus,gas,58380.0,clean,automatic,az,32.2127,-110.8829,low
chillicothe,2017.0,lexus,rc 200t,gas,77826.0,clean,automatic,oh,39.884989,-82.967588,high
santa maria,2008.0,audi,a3,gas,146900.0,clean,automatic,ca,34.8286,-120.4268,low
southwest michigan,2013.0,honda,fit,gas,115639.0,clean,automatic,mi,41.66553,-86.249468,medium
"kansas city, MO",2013.0,hyundai,santa fe,gas,140000.0,clean,automatic,ks,39.181751,-94.601508,medium
las vegas,2009.0,volkswagen,jetta se pzev,gas,109580.0,clean,manual,nv,36.152,-115.1092,medium
new orleans,2004.0,mitsubishi,eclipse,gas,109210.0,clean,automatic,la,30.4558,-91.0596,low
akron / canton,2005.0,chevrolet,trailblazer,gas,151000.0,clean,automatic,oh,41.103533,-81.152649,low
orlando,2014.0,lincoln,mkt,gas,88590.0,clean,automatic,fl,27.26977,-82.48229,medium
nashville,1951.0,other,1951 Studebaker 2R5 Pick up,gas,18000.0,clean,automatic,tn,36.116061,-85.546053,medium
prescott,2016.0,ford,f-250 super duty lariat,other,56725.0,clean,automatic,az,33.396353,-111.954863,high
medford-ashland,2020.0,chevrolet,spark,gas,4187.0,clean,automatic,or,42.42807,-123.330875,medium
jackson,2018.0,hyundai,sonata sel sedan 4d,gas,22075.0,clean,other,tn,35.63,-88.82,medium
southeast IA,2007.0,ford,mustang,gas,111952.0,clean,automatic,ia,40.630737,-91.320759,low
yakima,2019.0,ford,super duty f-350 srw,diesel,52109.0,clean,automatic,wa,45.509778,-122.967379,high
reno / tahoe,2004.0,porsche,cayenne s,gas,160000.0,clean,automatic,nv,39.431128,-119.739046,low
houston,2018.0,cadillac,escalade luxury,gas,48000.0,rebuilt,automatic,tx,29.6601,-95.2258,high
cincinnati,2017.0,kia,k900 premium sedan 4d,gas,24667.0,clean,other,oh,39.09,-84.51,high
scranton / wilkes-barre,2015.0,ford,transit cutaway,gas,100058.0,clean,automatic,pa,40.468785,-74.281707,high
mcallen / edinburg,2011.0,gmc,terrain,gas,161000.0,clean,automatic,tx,26.1337,-97.6447,low
st george,2005.0,toyota,tacoma,gas,181074.0,clean,automatic,ut,37.097941,-113.23305,medium
fayetteville,1978.0,ford,ltd,gas,61611.0,clean,automatic,ar,36.371431,-94.206809,low
eastern CT,2013.0,other,hyndai elantra,gas,141000.0,clean,automatic,ct,41.671062,-71.913628,low
indianapolis,2017.0,subaru,forester,gas,40440.0,clean,automatic,in,39.831932,-86.24368,high
appleton-oshkosh-FDL,2010.0,lincoln,mkt,gas,163984.0,clean,automatic,wi,44.405015,-88.811252,low
killeen / temple / ft hood,2020.0,ford,ranger supercrew xlt pickup,gas,16279.0,clean,other,tx,31.06,-97.65,high
scranton / wilkes-barre,2007.0,toyota,prius,other,176541.0,clean,automatic,pa,41.40703,-75.43913,low
baltimore,2005.0,acura,tl,gas,148000.0,clean,automatic,md,39.3746,-76.8002,low
nashville,2018.0,ram,1500 quad cab big horn,other,22064.0,clean,other,tn,36.17,-86.78,high
savannah / hinesville,2017.0,lincoln,continental select sedan,gas,35320.0,clean,other,ga,32.08,-81.1,high
york,2000.0,bmw,z3 convertible,gas,122000.0,clean,automatic,pa,39.960988,-77.073482,low
syracuse,2015.0,chevrolet,tahoe lt sport utility,other,51677.0,clean,other,ny,43.04,-76.14,high
bend,2005.0,honda,element,gas,102776.0,clean,automatic,or,45.5742,-122.6842,medium
chicago,2002.0,cadillac,deville,gas,72081.0,clean,automatic,il,42.3542,-87.8651,low
northern WI,2016.0,mercedes-benz,e350 sport 4matic,gas,74353.0,clean,automatic,wi,44.843195,-91.550371,medium
des moines,1998.0,chevrolet,s10 pickup,gas,228129.0,clean,manual,ia,41.713593,-93.057861,low
clarksville,2014.0,lexus,is,gas,32059.0,clean,automatic,tn,36.292259,-86.733337,high
orlando,2014.0,subaru,brz,gas,73374.0,clean,other,fl,28.466088,-81.396429,medium
las vegas,2016.0,lexus,rc 350 coupe 2d,gas,35460.0,clean,other,nv,36.17,-115.12,high
boise,2015.0,dodge,dart gt,gas,31713.0,clean,automatic,id,43.618978,-116.240501,medium
dallas / fort worth,2019.0,ford,f-250,other,43887.0,clean,automatic,tx,32.962772,-96.83799,high
inland empire,2008.0,subaru,tribeca limited,gas,120000.0,clean,automatic,ca,33.88,-117.535,medium
kennewick-pasco-richland,2017.0,toyota,rav4 le awd gas suv auto,gas,42211.0,clean,automatic,wa,46.234838,-119.128015,high
madison,1998.0,ram,3500,diesel,225500.0,clean,manual,wi,42.621938,-90.272137,medium
orange county,1995.0,mercedes-benz,e320,gas,274000.0,clean,automatic,ca,33.6773,-118.0051,low
greenville / upstate,2019.0,toyota,tacoma sr5,gas,10000.0,salvage,automatic,sc,35.039,-81.822,high
south florida,2014.0,chevrolet,equinox,gas,113793.0,clean,automatic,fl,25.813,-80.232,medium
syracuse,2011.0,honda,cr-v,gas,123100.0,clean,automatic,ny,43.2267,-77.32547,medium
little rock,2003.0,ram,1500 st,gas,219142.0,clean,automatic,ar,35.2295,-92.3578,low
el paso,2019.0,other,VAN CONVERSION,gas,2500.0,clean,automatic,tx,33.4564,-112.1284,high
"washington, DC",2016.0,acura,mdx,gas,55019.0,clean,automatic,dc,38.987086,-77.094375,high
greensboro,2018.0,nissan,altima,gas,75000.0,rebuilt,automatic,nc,35.922761,-79.938862,medium
waco,2017.0,chrysler,"pacifica $293.25 month, $1500 down, only 57k miles $293.25 month, $150 down, only 57k miles",gas,57905.0,clean,automatic,tx,31.478893,-97.206139,medium
central NJ,2005.0,honda,odyssey,gas,132981.0,clean,automatic,nj,40.40825,-74.372882,low
sacramento,2014.0,toyota,tundra crewmax sr5 pickup,other,55251.0,clean,other,ca,38.58,-121.49,high
jacksonville,2015.0,honda,pilot,gas,108545.0,clean,automatic,fl,30.348,-81.5882,medium
indianapolis,2003.0,chevrolet,silverado z71,gas,191538.0,clean,automatic,in,41.6255,-86.2433,low
little rock,2006.0,other,2006 F150 Lariat,gas,241913.0,clean,automatic,ar,35.0842,-92.4236,low
bowling green,2014.0,other,Scion xB,gas,59289.0,clean,automatic,ky,36.292259,-86.733337,medium
phoenix,2013.0,tesla,model s performance sedan,electric,92418.0,clean,other,az,33.5,-112.05,high
vermont,2009.0,chevrolet,c5500,diesel,108000.0,lien,automatic,vt,44.0619,-72.2151,high
tampa bay area,2015.0,toyota,camry,gas,58688.0,clean,automatic,fl,28.00853,-82.45974,medium
orlando,2005.0,gmc,4500,diesel,188922.0,clean,automatic,fl,41.0254,-85.1834,high
"quad cities, IA/IL",2016.0,mercedes-benz,e350 4matic awd sp,gas,63000.0,clean,automatic,il,44.8346,-91.5159,high
portland,2017.0,gmc,sierra 3500 slt,diesel,59341.0,clean,automatic,or,45.407237,-122.625196,low
ft myers / SW florida,2020.0,hyundai,ioniq hybrid se automatic,hybrid,3512.0,clean,automatic,fl,26.227995,-81.76597,high
charleston,2017.0,hyundai,santa fe sport 2.0t,gas,172000.0,clean,automatic,sc,33.028971,-80.089946,medium
baltimore,2020.0,jeep,gladiator sport pickup 4d 5,gas,22244.0,clean,other,md,39.3,-76.61,high
salem,2019.0,toyota,tundra crewmax sr5 pickup,gas,15520.0,clean,other,or,33.779214,-84.411811,high
jackson,2005.0,lexus,es 330,gas,138300.0,,automatic,mi,42.300673,-84.024108,low
jacksonville,2007.0,honda,civic coupe,gas,120000.0,clean,automatic,fl,30.435916,-81.641293,low
prescott,2017.0,jeep,wrangler unlmited sahara,gas,51064.0,clean,automatic,az,33.396353,-111.954863,high
bellingham,2018.0,jeep,wrangler jk unlimited saha,gas,28461.0,clean,automatic,wa,48.754189,-122.464947,high
madison,2012.0,ram,1500,gas,78541.0,clean,automatic,wi,43.029559,-89.397796,medium
south jersey,2017.0,volkswagen,tiguan,gas,65523.0,clean,automatic,nj,39.829891,-75.125281,medium
"washington, DC",2020.0,volkswagen,golf gti s hatchback,gas,4771.0,clean,other,dc,38.89,-77.03,high
milwaukee,2010.0,pontiac,g6,gas,131298.0,clean,automatic,wi,43.1188,-87.9478,low
san diego,1997.0,honda,,gas,159000.0,clean,automatic,ca,32.8473,-117.2742,low
tucson,2017.0,chevrolet,silverado 2500 hd crew,other,95447.0,clean,other,az,32.21,-110.96,high
dayton / springfield,2016.0,toyota,sienna xle,gas,63150.0,clean,automatic,oh,39.847411,-84.458427,high
new york city,2020.0,kia,rio s sedan 4d,gas,7174.0,clean,other,ny,40.8,-73.12,medium
baltimore,1995.0,ford,f250 super duty,diesel,180000.0,clean,automatic,md,39.575748,-75.967197,medium
bakersfield,2007.0,ford,f350 super duty lariat,diesel,117288.0,clean,automatic,ca,33.794656,-117.992994,high
orange county,2005.0,toyota,4runner sr5 v8 2wd,gas,144000.0,clean,automatic,ca,33.6548,-117.7581,medium
yuma,2019.0,toyota,tacoma lifted trd sport,gas,33078.0,clean,automatic,az,33.396353,-111.954863,high
tyler / east TX,2015.0,ram,slt,gas,126000.0,clean,automatic,tx,32.158902,-95.4566,medium
orange county,2012.0,other,BENTLEY GT W12 TWIN TURBO,gas,11000.0,clean,automatic,ca,33.6607,-117.8264,high
new york city,2013.0,mercedes-benz,c-class,gas,74235.0,clean,automatic,ny,40.81603,-73.46397,medium
fort collins / north CO,2005.0,chevrolet,equinox lt,gas,146324.0,clean,automatic,co,40.182151,-105.102373,low
elmira-corning,2013.0,toyota,tacoma access cab pickup,other,43937.0,clean,other,ny,42.08,-76.8,high
kenosha-racine,2006.0,lexus,is 250,gas,118070.0,clean,automatic,wi,42.57992,-87.820874,low
lehigh valley,2020.0,bmw,3 series m340i sedan 4d,other,9064.0,clean,other,pa,40.68,-75.22,high
milwaukee,2017.0,cadillac,xt5,gas,49185.0,clean,automatic,wi,42.364188,-87.864796,medium
lakeland,2017.0,ford,f-150,other,122951.0,clean,automatic,fl,28.00853,-82.45974,high
manhattan,2019.0,gmc,sierra 1500 limited double,gas,14222.0,clean,other,ks,39.19,-96.59,high
fredericksburg,2009.0,jeep,wrangler,gas,134000.0,lien,automatic,va,37.176772,-95.588103,medium
okaloosa / walton,2004.0,pontiac,aztek,gas,147000.0,clean,automatic,fl,30.630675,-87.164755,low
salem,2017.0,ram,1500,gas,37283.0,clean,automatic,or,45.334794,-122.762079,high
south jersey,2000.0,harley-davidson,davidson,gas,138000.0,clean,automatic,nj,38.9949,-74.838,low
tulsa,2017.0,ford,f-150,gas,40000.0,clean,automatic,ok,35.9094,-94.9787,high
norfolk / hampton roads,2018.0,chevrolet,trax lt sport utility,gas,19233.0,clean,other,va,36.67,-76.3,medium
pensacola,2016.0,audi,a8,gas,17264.0,clean,automatic,fl,30.468691,-87.25386,high
denver,2005.0,buick,century custom,gas,98343.0,clean,automatic,co,40.182151,-105.102373,low
green bay,2013.0,ford,explorer,gas,105000.0,clean,automatic,wi,42.281,-87.95,medium
athens,2013.0,bmw,x5,gas,97195.0,clean,automatic,ga,,,medium
saginaw-midland-baycity,2011.0,dodge,4500,diesel,250000.0,clean,automatic,mi,43.829464,-84.531913,medium
denver,2010.0,lincoln,mks,gas,112000.0,clean,automatic,co,39.6463,-105.0092,low
"kansas city, MO",2010.0,chevrolet,hhr ls,gas,283466.0,clean,automatic,ks,38.8518,-94.3944,low
jacksonville,2018.0,chevrolet,equinox,gas,114375.0,clean,automatic,fl,30.174552,-81.474019,medium
houston,2004.0,chevrolet,tahoe,gas,188000.0,clean,automatic,tx,29.79028,-95.404716,low
columbia / jeff city,2019.0,chevrolet,silverado 1500 ld,other,6897.0,clean,other,mo,38.95,-92.32,high
memphis,2014.0,chevrolet,silverado 1500,gas,119756.0,clean,automatic,tn,35.077834,-89.88533,high
columbus,2012.0,ford,fusion,gas,136653.0,clean,automatic,oh,40.058918,-82.947882,low
los angeles,2019.0,ford,ranger supercrew lariat,gas,16101.0,clean,other,ca,34.04,-118.04,high
des moines,2020.0,mercedes-benz,,other,6318.0,clean,automatic,ia,45.494265,-122.579192,high
central NJ,2008.0,volkswagen,eos,gas,101000.0,rebuilt,automatic,nj,40.6479,-74.3451,low
colorado springs,2000.0,volkswagen,eurovan weekender,gas,204000.0,clean,automatic,co,38.9541,-104.5472,medium
philadelphia,2002.0,hyundai,elantra gt,gas,83000.0,clean,automatic,pa,40.1166,-75.0198,low
"washington, DC",2004.0,gmc,,diesel,149086.0,clean,automatic,dc,38.953,-77.2295,medium
hickory / lenoir,2018.0,audi,a6 2.0t premium plus sedan,gas,23559.0,clean,other,nc,35.73,-81.32,high
greenville / upstate,2020.0,toyota,tundra crewmax limited,gas,4034.0,clean,other,sc,34.83,-82.37,high
"quad cities, IA/IL",2003.0,gmc,sierra 1500,gas,197000.0,clean,automatic,il,41.4906,-90.498,low
anchorage / mat-su,2017.0,jeep,grand cherokee,gas,52880.0,clean,automatic,ak,61.16167,-149.86312,high
dallas / fort worth,2006.0,mercedes-benz,benz s500,gas,169000.0,clean,automatic,tx,33.0005,-96.8314,low
vermont,2006.0,subaru,impreza,gas,176000.0,clean,manual,vt,44.3451,-72.7798,low
binghamton,2013.0,dodge,grand caravan r/t,gas,89000.0,clean,automatic,ny,42.099841,-76.061575,medium
macon / warner robins,2003.0,ford,excursion,gas,197926.0,clean,automatic,ga,34.139588,-83.971135,medium
texoma,2020.0,infiniti,qx60 luxe sport utility,gas,5279.0,clean,other,ok,33.75,-96.56,high
tallahassee,2012.0,nissan,altima 2.5,gas,100000.0,clean,automatic,fl,30.605512,-84.22893,low
worcester / central MA,2016.0,ford,f150 regular cab xl pickup,gas,14230.0,clean,other,ma,42.26,-71.8,high
tampa bay area,2017.0,toyota,tacoma access cab trd,gas,20097.0,clean,other,fl,27.99,-82.27,high
lawrence,2016.0,chevrolet,silverado 1500 double,gas,29499.0,clean,other,ks,38.96,-95.25,high
new york city,2015.0,honda,accord lx,other,98000.0,clean,automatic,ny,40.8737,-73.8712,medium
anchorage / mat-su,2016.0,toyota,camry,gas,45894.0,clean,automatic,ak,61.1549,-149.8866,medium
redding,2016.0,ford,f-250 super duty 4x2 2dr re,gas,35000.0,clean,automatic,ca,36.1149,-115.2161,high
topeka,2014.0,ford,mustang,gas,72349.0,clean,automatic,ks,39.0299,-96.8396,high
new haven,2018.0,volvo,xc60 t5 inscription sport,gas,19139.0,clean,other,ct,41.31,-72.92,high
orlando,2019.0,chevrolet,camaro lt coupe 2d,gas,18056.0,clean,other,fl,28.5,-81.37,high
northern WI,2020.0,ford,f-250 super duty,gas,28735.0,clean,automatic,wi,46.46321,-90.148219,high
merced,2012.0,chevrolet,camaro 2ss,gas,100320.0,clean,manual,ca,38.610767,-121.422557,high
utica-rome-oneida,2018.0,ram,1500,gas,19408.0,clean,other,ny,43.106968,-75.296807,high
western massachusetts,2013.0,toyota,avalon,gas,120340.0,clean,automatic,ma,42.145814,-72.490575,low
prescott,2019.0,toyota,tacoma lifted trd sport,gas,33078.0,clean,automatic,az,33.396353,-111.954863,high
"washington, DC",2015.0,volvo,xc70,gas,78195.0,clean,automatic,dc,38.75937,-77.454156,medium
evansville,2006.0,jeep,wrangler,gas,12345.0,clean,other,in,38.025845,-87.596457,high
glens falls,2019.0,toyota,tundra crewmax sr5 pickup,gas,15520.0,clean,other,ny,43.31,-73.64,high
jackson,2016.0,ford,f250,gas,120312.0,clean,automatic,tn,35.172002,-89.943849,medium
los angeles,2018.0,hyundai,tucson,gas,61514.0,clean,automatic,ca,33.7249,-117.909,low
fort collins / north CO,2013.0,gmc,sierra 1500 extended cab slt,other,80318.0,clean,other,co,40.55,-105.06,high
sarasota-bradenton,2007.0,honda,cr-v,gas,178899.0,clean,automatic,fl,27.4547,-82.5359,low
harrisburg,2019.0,bmw,4 series 440i xdrive gran,gas,17647.0,clean,other,pa,40.27,-76.88,high
hawaii,2018.0,kia,optima plug-in hybrid,gas,12447.0,clean,automatic,hi,21.377105,-158.023701,high
albuquerque,2020.0,bmw,x2 sdrive28i sport utility,gas,11517.0,clean,other,nm,35.11,-106.62,high
columbia / jeff city,2015.0,dodge,challenger,gas,59000.0,rebuilt,automatic,mo,39.657411,-91.734208,medium
maine,2009.0,hyundai,santa fe gls awd,gas,97000.0,clean,automatic,me,44.530504,-70.542977,low
raleigh / durham / CH,2016.0,other,Isuzu NPR HD,gas,64000.0,clean,automatic,nc,35.2522,-80.8265,high
philadelphia,2002.0,gmc,c6500 topkick,gas,54000.0,clean,manual,pa,40.0343,-75.1213,medium
"washington, DC",2020.0,ford,f-250,diesel,9766.0,clean,automatic,dc,38.759362,-77.454146,high
charleston,2010.0,subaru,forester limited x,gas,117721.0,clean,automatic,sc,32.988332,-80.159951,medium
houston,2013.0,toyota,prius c,gas,76000.0,clean,automatic,tx,29.7696,-95.5201,low
waco,2012.0,bmw,1 series 128i convertible 2d,other,61809.0,clean,other,tx,31.56,-97.18,medium
upper peninsula,2014.0,chevrolet,equinox ltz,gas,90000.0,clean,automatic,mi,45.745845,-87.082078,medium
watertown,2016.0,chevrolet,cruze limited 1lt,gas,7076.0,clean,automatic,ny,43.97,-75.91,medium
orange county,2013.0,ford,f-250 super duty super duty,gas,70000.0,clean,automatic,ca,36.1149,-115.2161,high
worcester / central MA,2014.0,jeep,patriot,gas,161800.0,clean,automatic,ma,42.2851,-71.796,low
memphis,2018.0,bmw,3 series 330i xdrive sedan,gas,28260.0,clean,other,tn,35.1,-90.0,high
stockton,2013.0,chevrolet,suburban 2500,gas,63668.0,clean,automatic,ca,37.765104,-120.850714,high
las vegas,2016.0,mitsubishi,,gas,41000.0,rebuilt,automatic,nv,36.1721,-115.1224,medium
"kansas city, MO",2018.0,toyota,yaris ia sedan 4d,gas,22248.0,clean,other,ks,39.09,-94.58,medium
"washington, DC",2019.0,rover,discovery se sport,other,31161.0,clean,other,dc,38.89,-77.03,high
ann arbor,2016.0,gmc,terrain sle-1 awd! awd,gas,104056.0,,automatic,mi,42.568136,-83.813674,medium
wenatchee,2018.0,hyundai,santa fe sport awd gas,gas,8086.0,clean,automatic,wa,46.234838,-119.128015,high
lincoln,2016.0,ford,fusion,gas,42000.0,clean,automatic,ne,40.147908,-97.171177,medium
finger lakes,2004.0,ford,f350 super duty,diesel,75000.0,clean,other,ny,42.5053,-77.0028,medium
buffalo,1998.0,chevrolet,silverado,gas,108076.0,clean,automatic,ny,43.0498,-78.851,low
austin,2017.0,ford,c-max hybrid se wagon 4d,hybrid,48195.0,clean,other,tx,30.26,-97.74,medium
fort smith,2013.0,subaru,wrx,gas,150000.0,clean,manual,ar,35.2204,-97.4577,medium
nashville,2015.0,chevrolet,colorado crew cab z71,gas,59003.0,clean,automatic,tn,35.843686,-86.4152,high
fayetteville,2015.0,jeep,wrangler unlimited,gas,102349.0,clean,automatic,ar,36.0436,-94.2539,high
pierre / central SD,1975.0,pontiac,trans am,gas,107000.0,clean,automatic,sd,43.5514,-96.7375,medium
sioux falls / SE SD,2015.0,ram,1500 crew cab,gas,46020.0,clean,automatic,sd,43.5179,-96.7924,high
finger lakes,2016.0,hyundai,veloster,gas,57416.0,clean,automatic,ny,43.0777,-76.9896,medium
milwaukee,2016.0,other,Isuzu NPR HD GAS REG,gas,172373.0,clean,automatic,wi,40.468785,-74.281707,high
san diego,2019.0,other,C,gas,40000.0,salvage,automatic,ca,33.0293,-116.8535,high
eastern NC,2018.0,ford,f150 super cab xl pickup 4d,gas,20856.0,clean,other,nc,35.59,-77.37,high
tampa bay area,2014.0,bmw,528i,gas,85193.0,clean,automatic,fl,27.82146,-82.70887,medium
springfield,2015.0,bmw,x5,gas,100409.0,clean,automatic,il,38.7023,-90.3644,high
phoenix,2018.0,ford,f150 supercrew cab xl,other,27365.0,clean,other,az,33.44,-111.8,high
delaware,2017.0,toyota,tacoma access cab trd,gas,20097.0,clean,other,de,33.779214,-84.411811,high
sarasota-bradenton,2017.0,bmw,x5 xdrive35d sport utility,other,40406.0,clean,automatic,fl,27.33,-82.54,high
maine,2013.0,ford,f-150 supercrew xlt,gas,102000.0,clean,automatic,me,42.878732,-71.302986,high
seattle-tacoma,1997.0,ford,f450 deisel powerstroke,diesel,257578.0,clean,automatic,wa,47.692,-122.7161,low
ventura county,1998.0,toyota,tacoma sr5,gas,194832.0,clean,automatic,ca,34.2852,-118.6921,low
chicago,2020.0,subaru,outback,gas,24565.0,clean,automatic,il,42.28203,-87.936735,high
central NJ,2010.0,nissan,altima,gas,122000.0,clean,automatic,nj,40.6952,-74.2677,low
olympic peninsula,2014.0,honda,pilot ex-l,gas,41125.0,clean,automatic,wa,48.123247,-123.459778,high
jonesboro,2018.0,ford,f150 super cab xlt pickup,other,11360.0,clean,other,ar,35.82,-90.68,high
boulder,2007.0,chevrolet,suburban lt 1500,gas,210000.0,clean,automatic,co,40.182151,-105.102373,medium
chillicothe,2015.0,chevrolet,silverado 3500hd,gas,148447.0,clean,automatic,oh,39.337094,-82.949176,high
madison,2019.0,mini,convertible cooper s 2d,gas,9508.0,clean,other,wi,43.07,-89.38,high
hartford,2013.0,toyota,corolla le,gas,97208.0,clean,automatic,ct,41.7326,-72.7337,low
college station,1998.0,honda,cr-v,gas,156061.0,clean,automatic,tx,30.6045,-96.3123,low
SF bay area,1998.0,mercedes-benz,benz ml320,gas,78000.0,clean,automatic,ca,37.2803,-121.9539,low
richmond,2016.0,other,Blue Bird All American,diesel,65368.0,clean,automatic,va,40.468785,-74.281707,high
great falls,2011.0,chevrolet,silverado,gas,150853.0,clean,automatic,mt,47.7989,-116.7423,medium
williamsport,2019.0,ram,1500 classic regular cab,other,29732.0,clean,other,pa,41.23,-77.03,high
"washington, DC",2019.0,toyota,4runner sr5 sport utility,gas,49441.0,clean,other,dc,38.87,-77.1,high
binghamton,2017.0,ram,1500,gas,56685.0,clean,automatic,ny,42.098054,-76.065486,high
space coast,2010.0,chevrolet,tahoe,gas,102000.0,clean,automatic,fl,25.655576,-80.381846,medium
santa maria,2015.0,chevrolet,silverado 2500hd,gas,142900.0,clean,automatic,ca,34.8286,-120.4268,high
nashville,2018.0,ford,explorer xlt sport utility,gas,9728.0,clean,other,tn,36.17,-86.78,high
san antonio,2015.0,ford,f350,diesel,199000.0,clean,automatic,tx,30.64763,-97.861748,high
tri-cities,2009.0,honda,fit,gas,163000.0,clean,automatic,tn,36.310372,-82.435186,low
bakersfield,2020.0,ford,f-250 superduty lifted stx 8ft 6.7l diesel,other,21240.0,clean,automatic,ca,33.3917,-111.9249,high
elmira-corning,2017.0,ram,1500 quad cab express pickup,other,41816.0,clean,other,ny,42.08,-76.8,high
grand rapids,2006.0,chevrolet,express cargo van,gas,73360.0,clean,automatic,mi,40.468785,-74.281707,high
panama city,2011.0,mercedes-benz,benz glk 350,gas,63000.0,clean,automatic,fl,30.387199,-86.402482,medium
vermont,2007.0,nissan,altima,gas,234000.0,clean,automatic,vt,43.6722,-72.3813,low
state college,2017.0,mercedes-benz,gls 450 sport,gas,43451.0,clean,other,pa,40.79,-77.85,high
yakima,2014.0,ford,focus,other,178401.0,clean,automatic,wa,47.656773,-117.218613,low
lima / findlay,2020.0,mitsubishi,outlander sport es,other,11103.0,clean,other,oh,40.74,-84.11,medium
texoma,2018.0,dodge,challenger sxt coupe 2d,gas,46000.0,clean,automatic,ok,34.1566,-97.1792,high
corpus christi,2013.0,honda,cr-v,gas,124460.0,clean,automatic,tx,27.65787,-97.479816,medium
orlando,2009.0,chevrolet,silverado 1500,gas,220000.0,clean,automatic,fl,28.4998,-81.3288,medium
mcallen / edinburg,2003.0,chevrolet,avalanche,gas,283466.0,clean,automatic,tx,26.2154,-98.2359,low
fayetteville,2017.0,ram,1500,gas,47235.0,clean,automatic,ar,38.4018,-93.785,high
hawaii,2006.0,acura,tsx,gas,148000.0,clean,automatic,hi,19.541726,-155.098036,low
new york city,2016.0,ram,2500 crew cab slt 4x4,diesel,130645.0,clean,automatic,ny,39.512938,-76.909548,high
minneapolis / st paul,2001.0,ford,escape xlt 4wd,gas,80001.0,clean,automatic,mn,44.834466,-93.403015,low
waco,2017.0,rover,sport,gas,46900.0,clean,automatic,tx,31.539723,-97.195009,high
las vegas,2013.0,audi,a8 4.0t quattro dealer serviced since new with all records*97k msrp* sport-conv-comfort-cold weather-camera assistance-led headlights and much more*no accidents*non smoker previous owner,gas,102174.0,clean,other,nv,45.5472,-122.5001,medium
north central FL,2018.0,ford,f150 xlt 4wd f-150 4x4,gas,38374.0,clean,automatic,fl,29.803273,-82.528194,high
madison,2018.0,audi,a5 sportback,gas,14900.0,clean,automatic,wi,43.302071,-88.376508,high
cleveland,2016.0,dodge,grand caravan,gas,110604.0,clean,automatic,oh,41.47642,-81.72344,medium
lancaster,2008.0,ford,escape xlt 4x4,gas,124000.0,clean,automatic,pa,39.941122,-76.703711,low
albany,2007.0,mercedes-benz,s-class,gas,79000.0,clean,automatic,ny,42.75026,-73.86952,medium
eastern kentucky,2015.0,ford,flex,gas,90450.0,clean,automatic,ky,36.006832,-84.014656,medium
houston,2015.0,lincoln,mkc,gas,62100.0,clean,automatic,tx,29.618349,-95.192034,medium
minneapolis / st paul,2008.0,honda,pilot touring,gas,66450.0,clean,automatic,mn,44.8985,-92.923,medium
zanesville / cambridge,2012.0,volkswagen,touareg tdi sport suv,gas,93185.0,clean,other,oh,39.95,-82.01,medium
atlanta,2009.0,jeep,wrangler,gas,110217.0,clean,other,ga,34.586557,-83.761243,medium
myrtle beach,2016.0,gmc,sierra 1500,other,65733.0,clean,automatic,sc,33.383436,-79.305455,high
santa barbara,2014.0,cadillac,ats 2.5l luxury sedan,gas,39187.0,clean,other,ca,33.7865,-84.4454,medium
waterloo / cedar falls,2011.0,chevrolet,malibu,gas,119871.0,clean,automatic,ia,42.506275,-92.466713,low
anchorage / mat-su,2010.0,ford,f-150,other,108352.0,clean,automatic,ak,61.16167,-149.86312,medium
boston,2011.0,ford,f-150 4x2,gas,159784.0,clean,automatic,ma,42.424539,-71.064717,medium
chattanooga,2018.0,ford,f-150,gas,35502.0,clean,automatic,tn,25.827103,-80.24152,medium
philadelphia,2007.0,honda,civic,gas,138588.0,clean,automatic,pa,40.40825,-74.372882,low
colorado springs,2018.0,toyota,tacoma,gas,48360.0,clean,automatic,co,39.578815,-104.862418,high
cape cod / islands,2017.0,ford,mustang gt coupe 2d,gas,19043.0,clean,automatic,ma,33.7865,-84.4454,high
kennewick-pasco-richland,2010.0,dodge,journey,gas,91158.0,clean,automatic,wa,45.48814,-122.579537,low
dallas / fort worth,2002.0,ram,1500 quad cab,gas,172500.0,clean,automatic,tx,32.7582,-97.1003,low
dallas / fort worth,2018.0,honda,accord touring sedan 4d,other,24559.0,clean,other,tx,33.04,-96.98,high
norfolk / hampton roads,2007.0,toyota,prius,hybrid,171720.0,clean,automatic,va,36.816064,-76.277758,low
boston,2014.0,mazda,cx-5 grand touring awd,gas,140000.0,clean,automatic,ma,42.1214,-70.857,low
tucson,2017.0,jaguar,xe 20d sedan 4d,gas,27013.0,clean,other,az,32.21,-110.96,high
ft myers / SW florida,2014.0,acura,rdx,gas,79854.0,clean,automatic,fl,27.26977,-82.48229,medium
lansing,2004.0,nissan,350z touring,gas,24367.0,,automatic,mi,42.568136,-83.813674,medium
maine,2012.0,volvo,xc60,gas,79658.0,clean,automatic,me,44.826407,-68.805028,medium
memphis,2016.0,nissan,altima sr,gas,64714.0,clean,automatic,tn,35.172002,-89.943849,medium
maine,2006.0,ford,freestar,gas,148000.0,clean,automatic,me,44.0972,-70.2289,low
vermont,2013.0,ram,5500,diesel,129633.0,clean,other,vt,40.468785,-74.281707,high
phoenix,2012.0,acura,rdx,gas,89513.0,clean,automatic,az,32.864539,-112.023147,medium
hawaii,2017.0,hyundai,ioniq hybrid,hybrid,42149.0,clean,automatic,hi,20.888142,-156.458884,medium
north mississippi,2014.0,chevrolet,equinox,other,153504.0,clean,automatic,ms,34.758445,-88.940087,low
jackson,2011.0,acura,rdx base sh-awd awd,gas,64425.0,,automatic,mi,42.300673,-84.024108,medium
columbus,2017.0,ram,1500 crew cab big horn,gas,35921.0,clean,other,oh,39.98,-82.98,high
plattsburgh-adirondacks,2010.0,ford,econoline cargo van,gas,32988.0,clean,automatic,ny,40.468785,-74.281707,medium
hartford,2013.0,kia,optimia sx premium,gas,159850.0,clean,automatic,ct,41.7803,-72.618,low
hawaii,2012.0,fiat,500,gas,52434.0,clean,automatic,hi,21.32629,-157.8729,low
monroe,2014.0,ford,escape,gas,109231.0,clean,automatic,mi,41.61285,-83.480782,medium
myrtle beach,2014.0,bmw,640,gas,65957.0,clean,automatic,sc,33.771613,-79.019637,high
lakeland,2020.0,volkswagen,golf 1.4t tsi,gas,2515.0,clean,other,fl,28.04,-81.96,medium
dallas / fort worth,2014.0,jeep,wrangler rhd,gas,129657.0,clean,automatic,tx,32.906234,-96.698652,high
nashville,2017.0,hyundai,sonata,gas,91854.0,clean,automatic,tn,36.278975,-86.709449,medium
savannah / hinesville,2018.0,nissan,frontier crew cab pro-4x,gas,33036.0,clean,other,ga,32.08,-81.1,high
albany,2019.0,nissan,pathfinder,gas,32260.0,clean,automatic,ny,42.834977,-71.107791,high
oklahoma city,2014.0,nissan,pathfinder platinum,gas,145231.0,clean,automatic,ok,34.1566,-97.1792,low
zanesville / cambridge,2019.0,ram,1500 classic regular cab,gas,12302.0,clean,other,oh,39.95,-82.01,high
denver,,other,a Sienna,gas,34294.0,clean,automatic,co,39.674406,-104.998604,high
los angeles,2015.0,subaru,wrx,gas,51482.0,clean,manual,ca,33.7489,-117.9072,low
jackson,2019.0,gmc,acadia slt-2 sport utility,gas,70640.0,clean,other,tn,35.63,-88.82,high
raleigh / durham / CH,2003.0,ram,1500,gas,135913.0,clean,automatic,nc,35.9034,-78.7447,low
los angeles,2020.0,gmc,sierra 3500hd base,gas,9509.0,clean,automatic,ca,47.412043,-122.241112,high
wichita falls,2018.0,chevrolet,silverado,gas,36334.0,clean,automatic,tx,35.199,-97.4841,high
southwest michigan,1992.0,gmc,sierra 1500,gas,100400.0,clean,automatic,mi,42.40274,-86.25973,medium
columbia / jeff city,2021.0,gmc,sierra 1500,diesel,9713.0,clean,automatic,mo,38.382623,-93.77344,high
jacksonville,2014.0,lexus,es 350 basesedan,gas,74154.0,,automatic,nc,35.920809,-78.545799,medium
monterey bay,2017.0,jeep,grand cherokee laredo,gas,66021.0,clean,other,ca,36.678723,-121.645155,high
outer banks,2014.0,chevrolet,silverado,gas,121000.0,clean,automatic,nc,35.8713,-80.0913,medium
hudson valley,2015.0,mitsubishi,lancer,gas,101073.0,clean,automatic,ny,41.3917,-73.4532,low
billings,2014.0,ford,f-150,gas,140794.0,clean,automatic,mt,47.81247,-122.32164,high
shreveport,2017.0,ford,expedition xlt sport,gas,70760.0,clean,other,la,33.7865,-84.4454,high
orlando,2017.0,ford,f-150,gas,123000.0,clean,automatic,fl,28.5006,-81.5354,medium
ft myers / SW florida,2017.0,jeep,patriot,gas,37398.0,clean,,fl,26.49896,-81.81938,medium
jacksonville,2015.0,toyota,camry,gas,61149.0,clean,automatic,fl,30.217667,-81.752685,medium
flint,2013.0,ford,fusion se,gas,152967.0,,automatic,mi,42.568136,-83.813674,low
houston,2003.0,mercedes-benz,e500 sport,gas,152343.0,clean,automatic,tx,30.0336,-95.261,low
kenosha-racine,2012.0,chevrolet,traverse lt,gas,99025.0,clean,automatic,wi,42.595412,-87.8458,medium
york,2018.0,jaguar,f-pace 35t premium sport,other,35560.0,clean,other,pa,39.96,-76.73,high
dallas / fort worth,2015.0,ford,f250,gas,160000.0,clean,automatic,tx,35.147,-97.372,medium
san diego,2012.0,mercedes-benz,benz e350,gas,106000.0,clean,automatic,ca,32.7604,-117.0115,medium
buffalo,2001.0,chevrolet,corvette,gas,87110.0,clean,manual,ny,43.21699,-77.75561,high
st cloud,2013.0,ford,fiesta,gas,81000.0,salvage,manual,mn,45.8768,-95.1332,low
jackson,2015.0,mitsubishi,outlander sport,gas,36646.0,clean,automatic,tn,35.172002,-89.943849,medium
northern panhandle,2012.0,other,International TerraStar,diesel,39013.0,clean,automatic,oh,40.468785,-74.281707,high
columbus,2007.0,lexus,is,gas,190457.0,clean,automatic,oh,41.56995,-81.574738,low
north mississippi,2015.0,mitsubishi,outlander sport,gas,36646.0,clean,automatic,ms,35.172002,-89.943849,medium
winchester,2012.0,chevrolet,cruze ls,gas,87000.0,clean,manual,va,38.9268,-78.1796,low
chattanooga,2015.0,volkswagen,eos final edition,gas,40500.0,clean,automatic,tn,35.025,-85.1459,high
toledo,2010.0,chevrolet,malibu lt 1lt,gas,186187.0,clean,automatic,oh,42.300673,-84.024108,low
evansville,2009.0,kia,optima,gas,154100.0,clean,automatic,in,37.861573,-87.505074,low
des moines,2013.0,chevrolet,impala ls,gas,160000.0,clean,automatic,ia,41.687414,-93.07077,low
san diego,2009.0,hyundai,spectra,gas,159000.0,clean,automatic,ca,32.558403,-117.027236,low
medford-ashland,2005.0,ford,f350,diesel,126000.0,clean,automatic,or,42.246023,-122.775863,high
colorado springs,2001.0,audi,a6 2.8 quattro,gas,123648.0,clean,automatic,co,38.909638,-104.785056,low
nashville,2004.0,ford,thunderbird,gas,86306.0,clean,automatic,tn,36.2125,-86.7257,low
"washington, DC",2007.0,saturn,outlook,gas,149567.0,clean,automatic,dc,38.663556,-77.25123,low
san antonio,2021.0,ram,1500,gas,2241.0,clean,automatic,tx,29.53723,-98.4147,high
rochester,2003.0,gmc,sierra 2500hd,gas,133217.0,clean,automatic,ny,43.2267,-77.32547,medium
mankato,2017.0,chevrolet,impala,gas,23646.0,clean,automatic,mn,43.651759,-94.452864,medium
anchorage / mat-su,2017.0,kia,soul !,gas,20034.0,clean,automatic,ak,61.217801,-149.870167,medium
las vegas,2017.0,dodge,grand caravan,gas,66425.0,clean,automatic,nv,36.05498,-115.02874,medium
norfolk / hampton roads,2013.0,toyota,prius,hybrid,179000.0,clean,automatic,va,36.8544,-76.4664,low
charlotte,2006.0,ram,1500 laramie 4x4,gas,128879.0,clean,automatic,nc,34.9251,-80.7278,medium
ocala,2015.0,bmw,x1,gas,85637.0,clean,automatic,fl,28.00853,-82.45974,medium
raleigh / durham / CH,2016.0,volkswagen,gti,gas,42000.0,clean,automatic,nc,35.848,-78.6317,medium
winston-salem,1997.0,gmc,sierra,gas,111111.0,clean,automatic,nc,35.734572,-80.20915,medium
richmond,2015.0,dodge,charger,gas,79550.0,clean,automatic,va,38.50942,-77.3709,high
grand rapids,2007.0,honda,civic hybrid,gas,117230.0,clean,automatic,mi,42.828852,-85.663188,low
jacksonville,2011.0,chevrolet,cruze lt,gas,140000.0,clean,automatic,fl,30.315695,-81.784313,low
"washington, DC",2019.0,dodge,grand caravan passenger se,gas,28.0,clean,other,dc,38.89,-77.03,high
toledo,2008.0,chevrolet,malibu,gas,176000.0,clean,automatic,oh,42.8409,-83.4288,low
columbus,2003.0,lincoln,town car,gas,62856.0,clean,automatic,oh,40.0326,-82.9103,low
appleton-oshkosh-FDL,2019.0,nissan,frontier,gas,21469.0,clean,automatic,wi,43.790599,-88.446483,high
reno / tahoe,2015.0,jeep,cherokee,gas,128574.0,clean,automatic,ca,38.570309,-121.521625,low
south jersey,2019.0,nissan,titan,gas,3823.0,clean,automatic,nj,40.2043,-74.1779,high
bellingham,,other,,,95674.0,,,wa,,,medium
knoxville,2012.0,nissan,nv2500,gas,283466.0,clean,automatic,tn,35.9918,-83.8496,low
bakersfield,2016.0,ram,2500 tradesman lifted 4wd cummins,diesel,75588.0,clean,automatic,ca,33.3917,-111.9249,high
lewiston / clarkston,2019.0,ford,ranger xlt fx4 4x4 1/4 ton,gas,27075.0,clean,automatic,id,47.65613,-117.236949,high
lakeland,2013.0,subaru,impreza wrx sti sedan 4d,other,50764.0,clean,other,fl,28.04,-81.96,high
orlando,2014.0,ram,1500,other,131717.0,clean,automatic,fl,28.730714,-81.311041,medium
salem,2012.0,volkswagen,jetta,gas,64204.0,clean,automatic,or,44.957008,-123.019959,medium
raleigh / durham / CH,2015.0,mini,cargo,gas,25445.0,clean,automatic,nc,36.6434,-76.242,medium
wichita falls,2013.0,chevrolet,silverado 2500 hd crew cab,diesel,268404.0,clean,automatic,tx,30.1237,-95.2686,high
chicago,2014.0,ford,e-350,gas,187094.0,clean,other,il,42.196156,-88.31056,medium
grand rapids,2011.0,hyundai,genesis,gas,90000.0,clean,automatic,mi,42.9659,-85.6527,low
inland empire,2008.0,ford,ranger supercab,gas,142000.0,clean,automatic,ca,33.788216,-117.833248,medium
albany,2013.0,chevrolet,cruze,gas,105239.0,clean,manual,ny,43.223552,-77.372473,low
western maryland,2020.0,mercedes-benz,gls 450 4matic,gas,16659.0,clean,automatic,md,33.7865,-84.4454,high
santa barbara,2010.0,mazda,mazda5 grand touring,gas,76194.0,clean,other,ca,33.7865,-84.4454,medium
scranton / wilkes-barre,2014.0,chevrolet,silverado 2500 hd crew,gas,53263.0,clean,other,pa,41.4,-75.66,high
fort wayne,2019.0,ram,2500 mega cummins,diesel,26557.0,clean,automatic,in,41.8276,-83.8773,high
wyoming,2017.0,chevrolet,camaro lt coupe 2d,other,39336.0,clean,other,wy,33.779214,-84.411811,high
waterloo / cedar falls,1963.0,chevrolet,corvette,gas,0.0,clean,manual,ia,42.504823,-92.405569,high
seattle-tacoma,2018.0,toyota,rav4 limited awd gas suv,gas,62821.0,clean,automatic,wa,47.199895,-122.300386,high
raleigh / durham / CH,2018.0,lexus,nx 300,gas,19863.0,clean,automatic,nc,,,high
pittsburgh,2001.0,cadillac,eldorado esc,gas,91431.0,clean,automatic,pa,37.13284,-95.78558,low
hawaii,2018.0,volvo,xc60,gas,27718.0,clean,automatic,hi,21.296235,-157.859345,high
fairbanks,2007.0,nissan,pathfinder,gas,110451.0,clean,automatic,ak,61.2116,-149.8761,medium
san diego,2006.0,acura,mdx,gas,176000.0,clean,automatic,ca,32.816304,-117.271671,low
"washington, DC",2014.0,ram,1500,gas,48701.0,clean,automatic,dc,38.91706,-77.46954,high
austin,2017.0,dodge,grand caravan passenger,other,45667.0,clean,other,tx,30.26,-97.74,medium
grand rapids,2014.0,jeep,grand cherokee,gas,152509.0,clean,automatic,mi,43.05921,-85.68897,medium
las vegas,2013.0,volkswagen,jetta sedan,gas,65287.0,clean,manual,nv,36.143633,-115.115449,medium
new hampshire,2008.0,nissan,sentra,gas,47400.0,clean,automatic,nh,42.833518,-71.107205,low
atlanta,2019.0,dodge,grand caravan,gas,15883.0,clean,automatic,ga,33.925578,-84.836041,high
SF bay area,2015.0,chrysler,200,gas,48729.0,clean,automatic,ca,37.496796,-121.973864,medium
waco,2019.0,chevrolet,silverado,gas,19596.0,clean,automatic,tx,31.43187,-97.716594,high
sarasota-bradenton,2007.0,chevrolet,corvette,gas,13219.0,clean,automatic,fl,27.26977,-82.48229,high
inland empire,2001.0,chevrolet,suburban 2500,gas,230000.0,clean,automatic,ca,34.2166,-117.3908,low
champaign urbana,2020.0,ford,ranger supercab xl pickup,gas,10688.0,clean,other,il,40.11,-88.26,high
boston,2017.0,chevrolet,colorado,diesel,48402.0,clean,automatic,ma,42.68101,-71.42583,high
fresno / madera,2007.0,toyota,fj cruiser,gas,99000.0,clean,automatic,ca,38.614287,-121.270495,high
central NJ,2007.0,ford,f-150,gas,151000.0,clean,automatic,nj,40.4109,-74.238,medium
south florida,2014.0,volkswagen,jetta,gas,70641.0,clean,manual,fl,26.0968,-80.181,low
tyler / east TX,2014.0,ford,f-150 xl,gas,125637.0,clean,automatic,tx,32.28928,-95.353518,medium
space coast,2014.0,lexus,is,gas,84705.0,clean,automatic,fl,28.403792,-80.70522,medium
greenville / upstate,2007.0,toyota,fj cruiser,gas,91500.0,clean,manual,sc,34.8968,-82.2674,medium
columbus,2013.0,ford,escape,gas,151877.0,clean,automatic,oh,39.76807,-84.19472,low
south jersey,2014.0,chevrolet,suburban 1500 ltz,other,87922.0,clean,other,nj,39.46,-74.99,high
columbus,2011.0,hyundai,sonata se,gas,140000.0,clean,automatic,oh,40.062461,-82.978706,low
greenville / upstate,2007.0,cadillac,cts,gas,66603.0,clean,automatic,sc,34.94729,-81.933515,low
fresno / madera,2019.0,nissan,frontier king cab s,gas,6380.0,clean,other,ca,33.779214,-84.411811,high
san diego,2008.0,mazda,3,gas,82000.0,clean,automatic,ca,33.569,-117.1783,low
pittsburgh,2015.0,lexus,gs 350 sedan 4d,other,41031.0,clean,other,pa,40.43,-79.97,high
hawaii,2015.0,jeep,cherokee trailhawk,gas,45380.0,clean,automatic,hi,21.3982,-158.0124,high
new york city,2019.0,hyundai,veloster n coupe 3d,other,3511.0,clean,other,ny,41.1,-73.79,high
eastern NC,2008.0,chevrolet,tahoe,gas,90000.0,clean,automatic,nc,35.8713,-80.0913,medium
ventura county,2016.0,buick,verano,gas,110000.0,clean,automatic,ca,34.1626,-119.1973,low
albuquerque,1984.0,chevrolet,suburban,gas,24000.0,clean,automatic,nm,35.1759,-106.6015,low
orange county,2019.0,honda,civic sedan,gas,33023.0,clean,automatic,ca,33.875577,-117.570384,medium
richmond,2018.0,acura,mdx sh-awd w/advance pkg,other,26176.0,clean,other,in,39.82,-84.88,high
ft myers / SW florida,2010.0,ford,e-350,,153120.0,clean,manual,fl,27.479823,-82.571497,medium
maine,2004.0,honda,element ex awd,gas,138050.0,clean,automatic,me,42.7792,-71.1095,low
monterey bay,1995.0,jeep,wrangler,gas,200124.0,clean,manual,ca,36.8337,-121.3439,low
monterey bay,2013.0,cadillac,xts,gas,101605.0,clean,automatic,ca,36.613656,-121.844719,medium
st george,2013.0,ford,f150 supercrew cab,gas,77695.0,clean,automatic,ut,37.175631,-113.60824,high
twin falls,2008.0,gmc,yukon denali,gas,175582.0,clean,automatic,id,45.876983,-119.293925,medium
des moines,1997.0,mercedes-benz,sl-class,gas,79351.0,rebuilt,automatic,ia,41.614356,-93.600567,medium
tri-cities,2018.0,jeep,compass,gas,37932.0,clean,automatic,tn,36.293202,-82.308984,medium
houston,2005.0,other,International 4300,diesel,107231.0,clean,automatic,tx,28.0091,-82.5034,high
albuquerque,1985.0,chevrolet,monte carlo,gas,91828.0,clean,automatic,nm,33.6372,-96.6184,medium
denver,2018.0,gmc,savana cargo,gas,20462.0,clean,automatic,co,39.822719,-105.003969,high
el paso,2011.0,bmw,x5,diesel,145046.0,clean,automatic,tx,31.737502,-106.371606,medium
sarasota-bradenton,1977.0,other,1977 international scout,gas,12888.0,clean,manual,fl,27.0748,-82.1756,medium
fresno / madera,2017.0,chevrolet,silverado 1500,gas,52593.0,clean,automatic,ca,36.774617,-119.791164,high
elko,2018.0,toyota,corolla le,gas,77312.0,rebuilt,automatic,nv,40.746047,-111.939397,medium
dubuque,2012.0,porsche,cayenne turbo awd,gas,107730.0,clean,automatic,ia,44.8346,-91.5159,high
detroit metro,2015.0,gmc,terrain,gas,79430.0,clean,automatic,mi,42.773412,-83.238263,medium
delaware,2010.0,honda,civic ex l w/navi 4dr sed,gas,117764.0,clean,automatic,de,40.89333,-74.164125,low
baltimore,2017.0,cadillac,ct6 3.6 luxury sedan 4d,other,26408.0,clean,other,md,39.3,-76.61,high
east oregon,2019.0,ram,diesel cummins 3500,diesel,5104.0,clean,automatic,or,46.234838,-119.128015,high
ocala,2016.0,nissan,altima,gas,62727.0,clean,automatic,fl,28.329026,-81.404237,medium
las vegas,2001.0,toyota,rav4,gas,102166.0,clean,automatic,nv,36.099752,-115.149126,low
denver,2016.0,other,Scion iM Hatchback 4D,gas,29652.0,clean,other,co,39.76,-104.87,medium
gainesville,2017.0,chevrolet,impala lt,gas,55432.0,clean,automatic,fl,29.685106,-82.319376,low
jackson,2020.0,cadillac,xt4 sport suv 4d,gas,9624.0,clean,other,mi,42.24,-84.4,high
eugene,2016.0,ram,3500,diesel,134517.0,clean,automatic,or,45.382346,-122.605132,high
jacksonville,2016.0,chevrolet,malibu ls,gas,68559.0,,automatic,nc,35.920809,-78.545799,medium
raleigh / durham / CH,2004.0,toyota,corolla ce,gas,205550.0,clean,manual,nc,35.8804,-79.0659,low
yakima,1999.0,chevrolet,silverado,gas,156000.0,clean,automatic,wa,46.80171,-120.675044,low
fredericksburg,2015.0,fiat,500,gas,71000.0,clean,manual,va,38.46232,-77.402944,low
baltimore,2006.0,volvo,xc70,gas,200000.0,clean,automatic,md,39.509019,-76.354809,low
maine,2013.0,nissan,rogue,gas,90752.0,clean,automatic,me,42.765709,-71.235073,medium
southwest michigan,2011.0,ford,,gas,150000.0,clean,automatic,mi,42.316052,-85.188374,low
boise,2011.0,acura,mdx,gas,124360.0,clean,automatic,id,43.634,-116.3419,medium
lancaster,2003.0,nissan,350 z,gas,144000.0,clean,automatic,pa,40.1553,-76.6025,low
clarksville,2016.0,jeep,cherokee,gas,65217.0,clean,automatic,tn,36.302267,-86.636868,medium
maine,2006.0,ram,3500,diesel,154735.0,clean,automatic,me,43.4512,-71.489,medium
redding,2008.0,pontiac,torrent base 4dr suv,gas,135775.0,clean,automatic,ca,38.606405,-121.447661,low
portland,2014.0,acura,tl,gas,85983.0,clean,automatic,or,47.218568,-122.484787,medium
utica-rome-oneida,2014.0,subaru,outback,gas,174250.0,clean,automatic,ny,42.838783,-75.576673,low
norfolk / hampton roads,2005.0,other,scion xa,gas,185485.0,clean,automatic,va,36.807234,-76.221293,low
new haven,2016.0,jeep,wrangler,gas,77615.0,clean,automatic,ct,40.622791,-73.74012,high
central NJ,2007.0,nissan,versa,gas,139115.0,clean,automatic,nj,40.7647,-74.1471,low
south florida,2007.0,saturn,vue,gas,96080.0,clean,automatic,fl,26.260758,-80.117966,low
treasure coast,2014.0,ford,f-150 xl,gas,200607.0,clean,automatic,fl,27.5885,-80.3923,medium
sarasota-bradenton,2016.0,audi,a6,gas,71709.0,clean,automatic,fl,27.299365,-82.513647,high
poconos,2014.0,mitsubishi,outlander se,gas,112535.0,clean,automatic,pa,41.0936,-75.1187,medium
nashville,2014.0,honda,civic,gas,84615.0,clean,automatic,tn,35.842389,-86.391532,medium
raleigh / durham / CH,2018.0,dodge,durango srt,gas,43609.0,clean,automatic,nc,35.425761,-77.983768,high
brainerd,2018.0,chevrolet,cruze lt diesel,gas,41076.0,clean,other,mn,46.34,-94.28,medium
palm springs,2019.0,chevrolet,silverado hd,diesel,16521.0,clean,automatic,ca,34.10722,-117.45531,high
mendocino county,2013.0,ford,edge,gas,140000.0,clean,automatic,ca,39.1382,-123.2106,low
lehigh valley,2020.0,jeep,gladiator sport pickup 4d 5,gas,22244.0,clean,other,pa,40.68,-75.22,high
northwest CT,1975.0,ford,f-250,gas,128000.0,clean,manual,ct,41.8131,-73.1156,low
great falls,2005.0,chevrolet,silverado,gas,283466.0,clean,automatic,mt,48.542862,-109.69531,low
wenatchee,2006.0,mercury,mariner hybrid,hybrid,177000.0,clean,automatic,wa,47.4253,-120.3273,low
lancaster,2007.0,ford,focus,gas,167000.0,clean,automatic,pa,40.0391,-76.4862,low
tucson,1999.0,lexus,es 300,gas,184585.0,clean,automatic,az,32.236075,-110.878886,low
amarillo,2011.0,nissan,versa,gas,208.0,clean,automatic,tx,35.103,-102.035,low
norfolk / hampton roads,2002.0,acura,rsx,gas,272000.0,clean,automatic,va,36.4871,-76.1146,low
northwest OK,2020.0,buick,enclave premium sport,other,2212.0,clean,other,ok,36.29,-96.46,high
jersey shore,2006.0,porsche,cayenne s,gas,240000.0,clean,automatic,nj,40.085,-74.2042,low
ames,2020.0,ram,1500 classic,gas,4658.0,clean,automatic,ia,42.1898,-91.7758,high
bakersfield,2018.0,bmw,i3 hatchback 4d,other,48638.0,clean,other,ca,35.38,-119.02,medium
new york city,2008.0,toyota,corolla,gas,123000.0,clean,automatic,ny,40.6016,-73.9968,low
western slope,2007.0,nissan,xterra,gas,187000.0,clean,automatic,co,39.0783,-108.5457,low
bend,2015.0,ram,1500 crew cab 140.5 larami,diesel,74713.0,clean,automatic,or,44.055832,-121.277457,low
missoula,2013.0,nissan,altima,gas,96810.0,clean,automatic,mt,47.692931,-117.411632,medium
columbus,2013.0,audi,a5,gas,67500.0,rebuilt,automatic,oh,40.0985,-83.1537,medium
jacksonville,2016.0,lincoln,mkc,gas,97917.0,clean,automatic,fl,30.224282,-81.737588,medium
phoenix,2016.0,toyota,sequoia 4wd platinum,gas,94000.0,clean,automatic,az,33.582442,-111.9262,high
buffalo,2017.0,lexus,rx 350 sport utility 4d,gas,28185.0,clean,other,ny,42.88,-78.85,high
nashville,2011.0,ford,e350 cargo van,gas,40287.0,clean,automatic,tn,35.841559,-86.389644,medium
okaloosa / walton,2014.0,toyota,camry,gas,17246.0,clean,automatic,fl,30.4481,-87.2589,low
texoma,2018.0,jeep,wrangler unlimited all new,other,15688.0,clean,other,ok,33.75,-96.56,high
chicago,2008.0,nissan,titan,gas,1.0,clean,automatic,il,41.622595,-87.633814,low
oklahoma city,2015.0,ram,3500,diesel,177126.0,clean,automatic,ok,30.649402,-97.867069,high
mansfield,2018.0,audi,s5 premium plus sedan 4d,other,46081.0,clean,other,oh,40.76,-82.52,high
central michigan,2014.0,chevrolet,silverado 1500,gas,94110.0,clean,automatic,mi,43.23423,-86.181958,high
vermont,2014.0,volkswagen,tiguan,gas,76090.0,clean,automatic,vt,42.978512,-71.462998,medium
monterey bay,2017.0,volkswagen,golf,gas,36646.0,clean,automatic,ca,36.613656,-121.844719,medium
minneapolis / st paul,2016.0,buick,verano,gas,51341.0,rebuilt,automatic,mn,45.0645,-93.3413,medium
"st louis, MO",2014.0,cadillac,cts,gas,98723.0,clean,automatic,il,38.505386,-90.451137,medium
anchorage / mat-su,2017.0,chevrolet,silverado,gas,15722.0,clean,automatic,ak,60.81975,-150.09789,high
fayetteville,2014.0,bmw,5 series 528i xdrive awd 4dr,gas,65452.0,clean,automatic,ar,36.203482,-94.138862,medium
lansing,2016.0,other,ram2500,diesel,155000.0,clean,automatic,mi,42.796257,-83.704147,high
eugene,2006.0,jeep,liberty,gas,215700.0,clean,automatic,or,44.1005,-123.1334,low
gold country,2017.0,infiniti,qx50 sport utility 4d,other,29673.0,clean,other,ca,38.73,-120.8,medium
pittsburgh,2007.0,saturn,ion,gas,55000.0,rebuilt,automatic,pa,40.1404,-79.92,low
catskills,2019.0,ford,ranger supercrew xl pickup,other,1834.0,clean,other,ny,42.21,-73.86,high
pittsburgh,2015.0,jeep,wrangler,gas,75564.0,clean,automatic,pa,40.604132,-79.54799,high
colorado springs,2009.0,jeep,wrangler unlimited,gas,81598.0,clean,manual,co,39.7305,-105.1915,medium
philadelphia,2002.0,lexus,rx 300,gas,199000.0,clean,automatic,pa,40.113,-75.014,low
birmingham,2018.0,subaru,crosstrek 2.0i limited,gas,44201.0,clean,automatic,al,33.52,-86.79,high
south florida,2019.0,dodge,1500 classic warlock,gas,17534.0,clean,automatic,fl,28.758455,-81.286395,high
boston,2016.0,chevrolet,silverado,other,47255.0,clean,automatic,ma,42.130177,-71.524671,high
stockton,2012.0,ford,taurus,gas,105915.0,clean,automatic,ca,38.628015,-121.401179,low
space coast,1995.0,mercedes-benz,benz sl500 convertible,gas,24000.0,clean,automatic,fl,27.9694,-80.6473,medium
great falls,2017.0,other,2017,gas,27000.0,clean,automatic,mt,48.1783,-111.9397,high
kalamazoo,2014.0,ford,explorer,gas,125058.0,clean,automatic,mi,43.1824,-84.1122,medium
albany,2018.0,mercedes-benz,metris passenger,gas,7896.0,clean,other,ny,42.66,-73.79,high
orlando,2005.0,nissan,pathfinder,gas,146904.0,clean,automatic,fl,28.480227,-81.295559,low
omaha / council bluffs,1973.0,mercury,cougar xr7,gas,108000.0,clean,automatic,ia,41.252443,-95.984435,low
las vegas,,other,olet Silverado 1500,gas,7511.0,clean,automatic,nv,33.458277,-111.92597,high
flint,2016.0,other,Scion iM Hatchback 4D,gas,65203.0,clean,other,mi,43.02,-83.69,medium
knoxville,2020.0,acura,rdx advance pkg sport,gas,14028.0,clean,other,tn,35.97,-83.94,high
ames,2019.0,toyota,tundra,gas,21206.0,clean,automatic,ia,42.506275,-92.466713,high
tucson,2012.0,ram,pickup 2500,gas,161372.0,clean,automatic,az,32.271329,-110.993712,high
reading,2016.0,jeep,wrangler unlimited sport,gas,33792.0,clean,other,pa,40.33,-75.92,high
akron / canton,2015.0,jeep,patriot sport,gas,70957.0,clean,manual,oh,41.0835,-81.5674,medium
minneapolis / st paul,2001.0,ford,f-150,gas,249000.0,clean,automatic,mn,45.2825,-93.4186,low
sarasota-bradenton,2019.0,ford,ranger supercrew lariat,gas,19305.0,clean,other,fl,27.33,-82.54,high
lawrence,2007.0,chrysler,crossfire,gas,34452.0,clean,automatic,ks,39.0299,-96.8396,medium
las vegas,2014.0,chrysler,300,gas,85571.0,clean,automatic,nv,36.152,-115.1092,low
maine,2014.0,ford,f-150,other,79275.0,clean,automatic,me,42.756205,-71.210258,high
kenosha-racine,2012.0,nissan,sentra,gas,140445.0,clean,automatic,wi,42.541378,-87.824167,low
norfolk / hampton roads,2013.0,ford,explorer xlt,gas,154915.0,clean,automatic,va,36.7978,-76.1759,medium
"kansas city, MO",2016.0,chevrolet,equinox lt,gas,30.0,rebuilt,automatic,ks,41.2949,-96.0546,medium
des moines,2007.0,toyota,,gas,85285.0,clean,automatic,ia,41.6295,-93.723,low
western massachusetts,2016.0,chevrolet,camaro ss coupe 2d,gas,9704.0,clean,other,ma,42.11,-72.53,high
auburn,2019.0,chevrolet,silverado 1500 ld,other,6897.0,clean,other,al,32.59,-85.48,high
anchorage / mat-su,2013.0,ford,f-150,gas,165000.0,clean,automatic,ak,61.6303,-148.9872,medium
gold country,2011.0,nissan,leaf sl hatchback 4d,gas,23778.0,clean,other,ca,38.73,-120.8,medium
SF bay area,2011.0,bmw,3-series 328i convertible,gas,159008.0,clean,automatic,ca,38.531566,-121.445641,medium
central michigan,2012.0,chevrolet,express cutaway,gas,91523.0,rebuilt,automatic,mi,42.839516,-85.5297,medium
san diego,2016.0,dodge,charger,gas,28000.0,salvage,automatic,ca,32.7777,-116.9191,medium
austin,2006.0,ford,mustang,gas,121100.0,clean,manual,tx,30.2713,-97.7426,low
eugene,2016.0,ram,2500,diesel,110990.0,clean,automatic,or,44.083056,-123.153025,high
monterey bay,2015.0,toyota,tundra crewmax sr5 pickup,gas,96740.0,clean,other,ca,36.6,-121.88,high
wichita falls,2020.0,acura,rdx advance pkg sport,gas,14028.0,clean,other,tx,33.89,-98.51,high
oregon coast,2010.0,kia,soul,gas,94042.0,clean,automatic,or,44.045127,-123.043674,medium
central NJ,2011.0,honda,accord,gas,74885.0,clean,automatic,nj,40.5171,-74.3973,low
new haven,2001.0,honda,accord,gas,220000.0,clean,automatic,ct,41.9114,-72.4626,low
butte,2019.0,ram,cummins 3500 bighorn,diesel,24346.0,clean,automatic,mt,43.61974,-116.29469,high
springfield,2016.0,dodge,challenger r/t scat pack,gas,20503.0,clean,automatic,il,39.7622,-89.6275,high
columbia / jeff city,2020.0,chevrolet,silverado 1500,gas,32150.0,clean,automatic,mo,38.382623,-93.77344,high
houston,2015.0,acura,rdx,gas,64587.0,clean,automatic,tx,29.745245,-95.741778,medium
anchorage / mat-su,2010.0,ford,e-350,gas,130626.0,clean,,ak,61.16167,-149.86312,medium
york,2018.0,buick,enclave essence sport,other,32088.0,clean,other,pa,39.96,-76.73,high
milwaukee,2020.0,acura,tlx 3.5 w/technology pkg,other,5768.0,clean,other,wi,43.06,-87.96,high
ocala,2016.0,chevrolet,camaro ss coupe 2d,gas,9704.0,clean,other,fl,29.18,-82.13,high
milwaukee,2013.0,toyota,camry,gas,87857.0,clean,automatic,wi,42.364188,-87.864796,medium
anchorage / mat-su,2020.0,hyundai,tucson,gas,6746.0,clean,automatic,ak,61.176984,-149.86941,high
minneapolis / st paul,2011.0,ford,f-150,gas,140233.0,clean,automatic,mn,45.049163,-93.035945,medium
cleveland,2016.0,chevrolet,cruze,gas,103688.0,clean,automatic,oh,41.379726,-82.068122,low
pittsburgh,2014.0,nissan,pathfinder,gas,96260.0,clean,automatic,pa,40.128731,-80.003186,medium
fresno / madera,2011.0,chevrolet,cruze 2lt rs,gas,134250.0,clean,automatic,ca,36.5695,-119.617,low
milwaukee,2005.0,honda,odyssey,gas,1.0,clean,automatic,wi,41.622595,-87.633814,low
new york city,2016.0,dodge,grand caravan,gas,103450.0,clean,automatic,ny,40.752,-73.853,medium
dayton / springfield,2014.0,honda,accord,gas,101763.0,clean,automatic,oh,39.76807,-84.19472,medium
yuba-sutter,2009.0,volkswagen,tiguan sel,gas,126045.0,clean,automatic,ca,39.145385,-121.595157,low
memphis,2015.0,nissan,altima 2.5 4dr sedan,gas,94000.0,rebuilt,automatic,tn,33.5159,-90.1726,low
dayton / springfield,2016.0,toyota,tundra double cab sr,gas,22870.0,clean,other,oh,39.77,-84.19,high
oneonta,2007.0,hyundai,santa fe,gas,164000.0,clean,automatic,ny,42.6049,-74.7299,low
orlando,2017.0,other,SL 4X4,gas,43000.0,clean,automatic,fl,28.6666,-81.365,high
modesto,2017.0,subaru,legacy,gas,80635.0,clean,automatic,ca,37.596846,-120.938695,medium
dallas / fort worth,2003.0,honda,pilot,gas,170000.0,clean,automatic,tx,32.7649,-97.0112,low
indianapolis,2007.0,toyota,camry,gas,182000.0,clean,automatic,in,39.5611,-86.0723,low
grand rapids,2016.0,other,Scion iM Hatchback 4D,gas,65203.0,clean,other,mi,42.96,-85.65,medium
bend,2008.0,jeep,wrangler,gas,115822.0,clean,other,or,44.0538,-121.302,medium
detroit metro,2009.0,chevrolet,aveo,gas,91000.0,clean,automatic,mi,42.4468,-83.085287,low
sheboygan,2017.0,ford,escape,gas,36075.0,clean,automatic,wi,43.739538,-87.819097,medium
monterey bay,2016.0,chevrolet,cruze limited 1lt,gas,7076.0,clean,automatic,ca,36.6,-121.88,medium
huntsville / decatur,2018.0,dodge,challenger,gas,48482.0,clean,automatic,al,36.171462,-86.497053,high
ventura county,2012.0,toyota,yaris le,gas,123200.0,clean,automatic,ca,34.2262,-118.447,low
tampa bay area,2011.0,ford,f-150,gas,212370.0,clean,automatic,fl,27.999033,-82.459702,medium
"st louis, MO",2008.0,chevrolet,silverado 1500,gas,161359.0,clean,automatic,il,38.965422,-90.959111,medium
pittsburgh,2004.0,chevrolet,impala,gas,104000.0,clean,automatic,pa,40.457468,-79.877772,low
central NJ,2016.0,ram,2500,gas,115501.0,clean,automatic,nj,40.4891,-74.4482,high
erie,2012.0,ford,f-150,gas,150725.0,clean,automatic,pa,41.8018,-81.048149,medium
vermont,2012.0,ram,,gas,73082.0,clean,automatic,vt,42.788204,-71.233728,medium
san luis obispo,1969.0,volkswagen,beetle,gas,69000.0,clean,manual,ca,35.1152,-120.5962,low
western slope,2013.0,ford,explorer,gas,123326.0,clean,automatic,co,38.7349,-108.0604,medium
pueblo,2008.0,chevrolet,impala,gas,145000.0,clean,automatic,co,38.1294,-104.679,low
mansfield,2020.0,mazda,mx-5 miata club,gas,2195.0,clean,other,oh,40.76,-82.52,high
tucson,2000.0,ford,f350,diesel,229000.0,salvage,automatic,az,32.4076,-111.065,low
palm springs,2013.0,mini,cooper hardtop,gas,59967.0,clean,automatic,ca,33.745583,-116.361979,low
york,2014.0,chevrolet,silverado 1500,gas,96000.0,clean,automatic,pa,39.814484,-76.992882,high
akron / canton,2008.0,honda,accord sdn,gas,151031.0,clean,automatic,oh,41.117453,-81.349004,low
tampa bay area,2013.0,dodge,challenger,gas,62427.0,clean,automatic,fl,28.044307,-82.458709,medium
san luis obispo,2011.0,ford,f-150 4x4 5.0l v8 360hp 380ft. lbs. torque super crew xlt one owner,other,167000.0,clean,automatic,ca,38.653713,-121.46615,medium
jonesboro,2017.0,lincoln,mkx,gas,56401.0,clean,automatic,ar,36.059843,-91.909949,high
pittsburgh,2015.0,chevrolet,traverse,gas,103862.0,salvage,other,pa,40.810152,-80.425219,low
SF bay area,2013.0,chevrolet,tahoe,gas,211723.0,clean,automatic,ca,38.37368,-121.95161,medium
billings,2015.0,other,2015,gas,116000.0,clean,automatic,mt,48.1783,-111.9397,high
kalispell,2019.0,volkswagen,jetta se 1.4t,gas,55000.0,clean,automatic,mt,48.225384,-114.333207,medium
reno / tahoe,2013.0,dodge,avenger,gas,136381.0,clean,automatic,ca,39.179138,-119.725304,low
topeka,2012.0,chevrolet,silverado 1500 regular,gas,26460.0,clean,other,ks,39.03,-95.69,high
janesville,2020.0,other,Janesville,gas,1.0,clean,automatic,wi,42.6683,-89.0025,low
ft myers / SW florida,2018.0,toyota,tacoma,gas,28303.0,clean,automatic,fl,26.571661,-81.877633,high
eugene,2012.0,chevrolet,equinox awd 4dr lt w/1lt,,165554.0,clean,automatic,or,44.076513,-123.150156,medium
greenville / upstate,2015.0,ford,super duty f-250 srw,diesel,134000.0,clean,automatic,sc,36.277274,-80.339826,high
orange county,2005.0,chevrolet,suburban,gas,179000.0,clean,automatic,ca,33.7478,-117.9862,low
fresno / madera,2015.0,dodge,challenger,gas,95674.0,clean,manual,ca,36.837679,-119.809638,high
cleveland,2019.0,ford,escape,gas,20538.0,clean,automatic,oh,41.456783,-81.883689,medium
phoenix,2016.0,ram,2500 hemi,gas,106965.0,clean,automatic,az,33.690182,-112.100002,high
sarasota-bradenton,2021.0,honda,odyssey exl,gas,13.0,,automatic,fl,27.270402,-82.530222,high
des moines,2018.0,chevrolet,silverado 2500hd,diesel,40383.0,clean,automatic,ia,39.0705,-93.7133,high
st cloud,1970.0,ford,mustang,gas,61711.0,clean,automatic,mn,45.8817,-95.382,medium
minneapolis / st paul,2013.0,bmw,128i,gas,58281.0,clean,automatic,mn,44.9138,-93.485,medium
richmond,2003.0,ram,2500,diesel,226945.0,clean,automatic,va,37.1483,-77.2732,low
jacksonville,2020.0,jeep,wrangler sport suv 2d,gas,20581.0,clean,other,fl,30.33,-81.65,high
fort wayne,2007.0,chevrolet,suburban,gas,190235.0,clean,other,in,41.60201,-83.786937,medium
north jersey,2013.0,jeep,grand cherokee,other,90878.0,clean,automatic,nj,,,medium
hudson valley,2019.0,subaru,impreza wrx,gas,25000.0,clean,manual,ny,41.0969,-73.9731,high
jacksonville,2007.0,toyota,camry le,gas,102576.0,clean,automatic,fl,30.262783,-81.557314,low
western massachusetts,2003.0,ford,explorer sport trac,gas,194593.0,clean,automatic,ma,41.915593,-72.61482,low
eastern NC,2020.0,infiniti,qx60 luxe sport utility,gas,6500.0,clean,automatic,nc,35.59,-77.37,high
boston,2010.0,hyundai,elantra,gas,,clean,automatic,ma,42.280036,-71.135015,low
battle creek,2015.0,nissan,altima,gas,188000.0,clean,automatic,mi,42.316052,-85.188374,low
iowa city,2019.0,honda,ridgeline,gas,35000.0,rebuilt,automatic,ia,41.005298,-92.414449,high
orlando,2008.0,bmw,x5,gas,89082.0,clean,automatic,fl,27.26977,-82.48229,medium
south bend / michiana,2017.0,hyundai,santa fe sport utility,gas,68426.0,clean,other,in,41.67,-86.26,medium
harrisburg,2004.0,chevrolet,silverado 1500,gas,195898.0,clean,other,pa,40.1083,-76.5103,low
jonesboro,2016.0,kia,forte koup ex coupe 2d,gas,17631.0,clean,other,ar,35.82,-90.68,medium
fort collins / north CO,2008.0,chevrolet,aveo,gas,135469.0,clean,automatic,co,40.616767,-105.079628,low
medford-ashland,2017.0,chevrolet,cruze,gas,28735.0,clean,manual,or,45.524894,-122.656061,medium
greensboro,2006.0,ford,escape xlt,gas,188351.0,clean,automatic,nc,35.3599,-79.7798,low
new haven,2018.0,bmw,328i,gas,34000.0,clean,automatic,ct,41.3822,-72.8585,low
buffalo,2014.0,buick,enclave,gas,118514.0,clean,automatic,ny,42.892656,-78.814328,medium
annapolis,2016.0,ram,long horn 4x4 5.7 hemi,gas,46645.0,clean,automatic,md,38.824264,-76.946465,high
myrtle beach,2015.0,ford,f-250 super duty,diesel,153524.0,clean,automatic,sc,,,high
houston,2018.0,other,Genesis G80 3.8 Sedan 4D,gas,34066.0,clean,other,tx,29.76,-95.38,high
louisville,2005.0,gmc,,gas,52536.0,clean,automatic,ky,37.8589,-86.0069,low
akron / canton,2016.0,volkswagen,tiguan,other,152704.0,clean,automatic,oh,41.041256,-81.607193,low
palm springs,2009.0,bmw,x5 xdrive30i 30i,gas,96000.0,clean,automatic,ca,33.743904,-116.359028,medium
philadelphia,2010.0,toyota,corolla,gas,27926.0,clean,automatic,pa,40.2471,-75.4602,medium
houston,2014.0,chevrolet,silverado 1500,gas,126072.0,clean,automatic,tx,29.55715,-95.15981,high
cincinnati,2005.0,chevrolet,s10 blazer,gas,190000.0,clean,automatic,oh,39.0753,-84.0432,low
denver,2010.0,toyota,tacoma,gas,143000.0,clean,automatic,co,39.734,-105.0259,high
indianapolis,2012.0,chevrolet,express commercial cutaway,gas,108439.0,clean,automatic,in,40.468785,-74.281707,high
little rock,2019.0,buick,encore,gas,25463.0,clean,automatic,ar,38.4018,-93.785,medium
grand rapids,2007.0,ford,f-150,gas,206450.0,clean,automatic,mi,43.1824,-84.1122,low
medford-ashland,2014.0,nissan,rogue s suv,gas,102048.0,clean,automatic,or,42.300559,-122.869059,low
fresno / madera,2007.0,rover,hse,gas,147000.0,clean,automatic,ca,37.0422,-119.6807,medium
ventura county,2009.0,volkswagen,gti,gas,132000.0,clean,automatic,ca,34.245358,-118.421508,low
new hampshire,2016.0,ram,1500,gas,111610.0,clean,automatic,nh,42.914352,-71.389906,high
lexington,2012.0,ford,f350 4x4,gas,184000.0,clean,automatic,ky,37.8808,-84.5646,medium
south florida,2002.0,bmw,m3,gas,146000.0,clean,manual,fl,27.0074,-82.0163,medium
chillicothe,2019.0,ford,f-250sd,gas,102732.0,clean,automatic,oh,39.337094,-82.949176,high
mansfield,1995.0,ford,f150 regular cab long bed,other,49753.0,clean,automatic,oh,40.785262,-82.459155,medium
birmingham,2016.0,ford,f-250,diesel,235000.0,clean,automatic,al,33.521,-86.8066,high
north mississippi,2016.0,volkswagen,jetta,gas,124000.0,clean,automatic,ms,34.2538,-88.7209,medium
hickory / lenoir,2017.0,toyota,camry,gas,67930.0,clean,automatic,nc,35.730359,-81.360243,medium
san antonio,2016.0,nissan,frontier king cab s,gas,21898.0,clean,other,tx,29.45,-98.5,medium
waterloo / cedar falls,2012.0,chevrolet,traverse,gas,142744.0,clean,automatic,ia,42.457439,-92.332855,medium
logan,2017.0,nissan,titan sl 4x4 1/2 ton gas,gas,25770.0,clean,automatic,ut,43.61974,-116.29469,high
chicago,2004.0,hyundai,elantra,gas,152530.0,clean,automatic,il,41.635,-87.7362,low
philadelphia,2012.0,buick,lacrosse,other,58427.0,salvage,automatic,pa,40.810152,-80.425219,low
pittsburgh,2003.0,honda,civic hybrid,hybrid,123000.0,clean,automatic,pa,40.3351,-79.9832,low
detroit metro,2013.0,buick,enclave premium awd,gas,121000.0,clean,automatic,mi,42.800832,-82.731471,medium
milwaukee,2012.0,ford,super duty f-550 drw,diesel,108061.0,clean,automatic,wi,40.468785,-74.281707,high
flint,2015.0,toyota,camry se,gas,68000.0,clean,automatic,mi,42.5016,-83.1027,medium
salt lake city,2001.0,ford,f750,diesel,199000.0,clean,manual,ut,34.1283,-117.2087,medium
new york city,2017.0,infiniti,qx70 3.7 sport utility,gas,54407.0,clean,other,ny,40.71,-73.99,high
tucson,2014.0,bmw,x1,gas,19913.0,clean,automatic,az,32.271329,-110.993712,medium
south florida,2014.0,audi,allroad premium plus wagon,gas,18134.0,clean,other,fl,25.77,-80.2,high
portland,2019.0,ford,transit 250,gas,19304.0,clean,automatic,or,45.4021,-122.6144,high
tri-cities,1964.0,chevrolet,nova,gas,80000.0,clean,automatic,tn,35.6348,-78.451,high
charlotte,2009.0,volkswagen,jetta,gas,122000.0,clean,automatic,nc,35.2358,-80.8964,low
"kansas city, MO",2013.0,dodge,dart,gas,93801.0,clean,other,ks,39.030074,-94.281498,low
des moines,2013.0,audi,a6,gas,114000.0,clean,automatic,ia,42.484503,-92.324974,medium
reading,2012.0,gmc,acadia,gas,100753.0,clean,automatic,pa,40.682754,-76.202282,medium
monterey bay,2008.0,honda,accord sdn,gas,226684.0,clean,automatic,ca,36.678966,-121.647459,low
milwaukee,2015.0,honda,cr-v ex,gas,74486.0,clean,automatic,wi,43.1095,-88.4862,medium
columbus,2009.0,honda,crv 4x4,gas,120000.0,clean,automatic,oh,40.003142,-82.674547,low
cape cod / islands,2018.0,jeep,wrangler unlimited willys,gas,34636.0,clean,other,ma,33.779214,-84.411811,high
columbia / jeff city,2011.0,cadillac,cts sedan,gas,91679.0,clean,automatic,mo,37.677378,-92.656734,medium
atlanta,2007.0,nissan,murano sl awd,gas,102000.0,rebuilt,automatic,ga,34.119499,-83.963307,low
sacramento,1999.0,chevrolet,suburban 1500,gas,193176.0,clean,automatic,ca,38.582612,-121.715126,low
minneapolis / st paul,2019.0,chevrolet,silverado ltz,gas,43277.0,clean,automatic,mn,44.843715,-93.485413,high
baton rouge,2014.0,bmw,3 series 328d sedan 4d,gas,50256.0,clean,automatic,la,30.44,-91.12,medium
cincinnati,2008.0,pontiac,g6,gas,119693.0,clean,automatic,oh,39.389439,-84.548248,low
joplin,2016.0,chevrolet,tahoe ltz 4x4 4dr suv,other,102540.0,clean,automatic,mo,36.203482,-94.138862,high
omaha / council bluffs,,other,Enclave,gas,1036.0,rebuilt,automatic,ia,41.207382,-96.023096,high
sarasota-bradenton,2017.0,chevrolet,malibu,gas,23981.0,clean,automatic,fl,27.481331,-82.571899,medium
maine,2017.0,harley-davidson,davidson flhx / street gl,gas,8719.0,clean,,me,42.756205,-71.210258,medium
detroit metro,2017.0,mitsubishi,lancer,gas,95594.0,clean,automatic,mi,42.66029,-83.40542,medium
omaha / council bluffs,2017.0,nissan,pathfinder,gas,45691.0,clean,automatic,ia,41.1345,-96.2458,high
utica-rome-oneida,2015.0,gmc,acadia,gas,70049.0,clean,automatic,ny,43.204762,-75.440834,medium
inland empire,2014.0,ford,focus only 49k miles,gas,49941.0,,automatic,ca,33.873436,-117.542806,low
northwest KS,2014.0,toyota,tundra crewmax sr5 pickup,other,55251.0,clean,other,ks,38.96,-95.25,high
"washington, DC",2014.0,bmw,6 series 640i convertible 2d,gas,40405.0,clean,other,dc,38.87,-77.1,high
salem,2003.0,nissan,350z,gas,100000.0,clean,automatic,or,44.9588,-123.0753,low
chicago,2002.0,pontiac,bonneville,gas,71322.0,clean,automatic,il,41.988977,-87.871739,low
charlotte,2001.0,volvo,xc70,gas,204000.0,clean,automatic,nc,34.983456,-80.717239,low
stockton,2019.0,honda,ridgeline rtl-t pickup 4d,other,13911.0,clean,other,ca,33.7865,-84.4454,high
redding,2018.0,mercedes-benz,mercedes-amg,other,4452.0,clean,other,ca,33.7865,-84.4454,high
rhode island,2009.0,ford,crown victoria,gas,77000.0,clean,automatic,ri,42.571524,-72.158539,medium
gold country,2009.0,chevrolet,silverado,gas,80000.0,clean,automatic,ca,38.7877,-121.2366,medium
memphis,2008.0,toyota,tacoma,gas,163219.0,clean,automatic,tn,35.025913,-89.788637,medium
tri-cities,2013.0,honda,odyssey,gas,203112.0,,automatic,tn,36.541821,-82.234645,low
altoona-johnstown,1966.0,other,AMC Ambassador,gas,76000.0,clean,automatic,pa,40.2926,-79.4103,low
detroit metro,2009.0,jeep,liberty,gas,275915.0,clean,automatic,mi,42.490434,-83.066597,low
northwest GA,2006.0,mercedes-benz,benz slk roadster,gas,143223.0,clean,automatic,ga,34.2507,-85.1465,low
parkersburg-marietta,2016.0,acura,rdx sport utility 4d,other,37793.0,clean,automatic,oh,39.26,-81.54,medium
"washington, DC",2015.0,mazda,3,gas,79000.0,clean,automatic,dc,38.676,-77.3163,medium
spokane / coeur d'alene,2016.0,honda,civic,gas,30744.0,clean,automatic,id,47.664705,-117.310362,medium
"kansas city, MO",2013.0,nissan,pathfinder sl,gas,131436.0,clean,automatic,ks,41.2949,-96.0546,medium
charlotte,2017.0,chevrolet,suburban,gas,120000.0,clean,automatic,nc,35.143166,-80.720837,high
new orleans,2005.0,chevrolet,corvette,gas,105537.0,clean,manual,la,32.964447,-96.918586,medium
roanoke,2008.0,honda,accord lx-p sedan,gas,123043.0,clean,automatic,va,37.338345,-79.955948,low
philadelphia,2011.0,ford,econoline 150,gas,175000.0,clean,automatic,pa,40.15346,-75.00864,low
south jersey,2005.0,ram,slt daytona 4x4,gas,149000.0,clean,automatic,nj,38.9949,-74.838,low
okaloosa / walton,2017.0,mazda,3 touring,gas,46431.0,clean,automatic,fl,30.40959,-86.84216,medium
south jersey,2008.0,other,HUMMER H3,gas,157778.0,clean,automatic,nj,40.185945,-74.749874,medium
stockton,2015.0,lexus,gs,gas,105883.0,clean,automatic,ca,38.605011,-121.401917,high
sheboygan,2020.0,chevrolet,spark activ hatchback,gas,6395.0,clean,other,wi,43.7,-87.74,medium
pittsburgh,2017.0,toyota,rav4 suv,gas,43000.0,clean,automatic,pa,42.198631,-79.880002,medium
gainesville,2016.0,hyundai,veloster hatchback,gas,51747.0,clean,automatic,fl,29.801066,-82.531829,medium
jonesboro,2020.0,cadillac,xt4 sport suv 4d,gas,9624.0,clean,other,ar,35.82,-90.68,high
bend,2018.0,toyota,corolla,gas,26335.0,clean,automatic,or,44.03087,-121.30895,medium
seattle-tacoma,2002.0,ford,focus svt,gas,139000.0,clean,manual,wa,46.0112,-122.8166,low
ft myers / SW florida,2005.0,chevrolet,corvette,gas,14028.0,clean,automatic,fl,26.938293,-82.015343,high
"kansas city, MO",2017.0,audi,a7,gas,28155.0,clean,automatic,ks,38.382623,-93.77344,high
corvallis/albany,2015.0,volkswagen,beetle 1.8t fleet,gas,39649.0,clean,other,or,33.779214,-84.411811,medium
baltimore,1968.0,dodge,dart srt,gas,1.0,clean,automatic,md,42.834,-78.6343,high
topeka,2020.0,bmw,m4,gas,4013.0,clean,automatic,ks,38.990868,-95.233358,high
milwaukee,2013.0,other,gmce sierra,gas,150690.0,clean,automatic,wi,43.010773,-87.949522,medium
cleveland,1999.0,ford,e150,gas,120596.0,clean,automatic,oh,41.353202,-82.019647,low
greenville / upstate,2007.0,dodge,nitro sxt,gas,218000.0,parts only,automatic,sc,34.869165,-82.254124,low
"washington, DC",2005.0,ford,mustang gt premium,gas,40000.0,clean,automatic,dc,38.769309,-77.445717,medium
vermont,2019.0,ford,transit cargo,gas,19233.0,clean,automatic,vt,42.88194,-73.68477,high
santa maria,2016.0,chevrolet,silverado 4x4 z71,gas,84667.0,clean,automatic,ca,34.936662,-120.234777,high
harrisonburg,2007.0,ford,mustang,gas,152000.0,clean,automatic,va,38.3712,-78.7411,low
santa barbara,2005.0,audi,q7,gas,119500.0,clean,automatic,ca,33.811,-117.8493,medium
bozeman,2015.0,mercedes-benz,ml350 4matic,gas,144000.0,clean,automatic,mt,45.57807,-111.126312,medium
tampa bay area,2011.0,nissan,versa,gas,160000.0,clean,automatic,fl,28.3648,-82.6757,low
tulsa,2015.0,jeep,grand cherokee laredo 4x4 1owner well maint*new wheels*deliver 2u,gas,141383.0,clean,automatic,ok,36.434187,-99.43055,medium
bend,2009.0,gmc,sierra,other,162329.0,clean,automatic,or,44.083056,-123.153025,medium
orange county,2016.0,kia,soul,gas,36677.0,clean,automatic,ca,33.7249,-117.909,medium
chattanooga,2016.0,kia,sedona,gas,84817.0,clean,automatic,tn,36.006832,-84.014656,medium
daytona beach,2004.0,pontiac,grand prix gt2,gas,133360.0,clean,automatic,fl,29.208547,-81.027656,low
hudson valley,2013.0,mazda,5,gas,160051.0,clean,automatic,ny,41.3917,-73.4532,low
muskegon,2018.0,honda,civic si coupe 2d,other,31547.0,clean,other,mi,43.22,-86.25,high
oregon coast,2008.0,ford,escape,gas,167151.0,clean,automatic,or,45.578341,-122.337295,low
fort wayne,2017.0,ford,expedition xlt sport,gas,70760.0,clean,other,in,41.07,-85.13,high
lexington,2019.0,gmc,canyon crew cab,gas,24000.0,rebuilt,automatic,ky,37.0995,-84.1131,high
baltimore,2016.0,mazda,3,gas,26397.0,clean,automatic,md,39.3337,-76.6098,medium
pensacola,2006.0,ford,e-350 super duty,gas,178000.0,clean,automatic,fl,30.3962,-87.0274,low
southwest MN,2019.0,toyota,tacoma double cab,gas,69331.0,clean,automatic,mn,30.1237,-95.2686,high
college station,2014.0,chevrolet,1500,gas,96430.0,clean,automatic,tx,30.649402,-97.867069,high
north jersey,2014.0,bmw,428 i,gas,77514.0,clean,automatic,nj,40.923344,-74.143356,high
delaware,2022.0,other,Any make any model,other,283466.0,clean,other,de,39.5725,-75.5957,high
detroit metro,2011.0,ford,f-350 super duty,diesel,155616.0,clean,automatic,mi,42.78985,-83.72596,high
south florida,2012.0,volkswagen,jetta,gas,93000.0,clean,automatic,fl,26.260826,-80.146554,low
indianapolis,1965.0,buick,skylark custom,gas,46792.0,clean,automatic,in,41.23754,-85.82574,medium
visalia-tulare,2020.0,cadillac,ct5 premium luxury,other,15588.0,clean,other,ca,36.4,-119.38,high
fayetteville,1994.0,buick,park ave ultra,gas,93000.0,clean,automatic,nc,34.9174,-79.6835,low
jersey shore,2017.0,bmw,2 series 230i xdrive coupe,gas,21496.0,clean,automatic,nj,39.26,-74.6,high
omaha / council bluffs,2012.0,honda,pilot ex awd,gas,191000.0,clean,automatic,ia,41.252196,-95.984545,medium
spokane / coeur d'alene,2003.0,ford,f350 super duty 4x4,diesel,155778.0,rebuilt,manual,id,47.6686,-117.3049,medium
baltimore,2010.0,ford,f-150,gas,155000.0,clean,automatic,md,38.1574,-79.0651,medium
houston,2013.0,mini,cooper s,gas,51000.0,rebuilt,automatic,tx,29.6625,-95.7272,low
atlanta,2018.0,ram,promaster city wagon van 4d,gas,61066.0,clean,other,ga,33.75,-84.39,medium
orange county,2009.0,subaru,impreza wrx,gas,105000.0,clean,manual,ca,33.718,-118.0505,medium
harrisburg,2012.0,honda,accord,,95674.0,,,pa,41.26154,-78.70452,low
tri-cities,2006.0,dodge,dakota crew cab 4x4,gas,107000.0,rebuilt,automatic,tn,35.962875,-83.821411,low
saginaw-midland-baycity,2017.0,chevrolet,silverado 1500 regular,gas,102.0,clean,other,mi,43.41,-83.94,high
portland,2019.0,ford,f-350 super duty,diesel,7995.0,clean,automatic,or,42.4073,-124.4218,high
gainesville,2013.0,nissan,juke,gas,95674.0,clean,automatic,fl,29.770834,-82.283186,low
kalispell,2014.0,jeep,wrangler,gas,69000.0,clean,other,mt,47.714927,-116.790784,high
dallas / fort worth,2004.0,ford,f650 super excursion,diesel,51000.0,clean,automatic,tx,32.886,-96.4095,high
muskegon,2012.0,toyota,tacoma double cab pickup,gas,43182.0,clean,other,mi,43.22,-86.25,high
fresno / madera,1986.0,other,chevorlet stepvan,gas,42616.0,clean,automatic,ca,33.916305,-118.29652,medium
eugene,2008.0,acura,mdx 4wd 4dr,,156801.0,clean,automatic,or,44.076513,-123.150156,medium
columbia,2011.0,ford,ranger super cab xlt pickup,gas,32652.0,clean,other,sc,34.0,-81.03,medium
stockton,2017.0,mercedes-benz,gls,gas,111689.0,clean,automatic,ca,38.608933,-121.430188,high
worcester / central MA,2006.0,lincoln,mark lt,gas,177000.0,clean,automatic,ma,41.9296,-71.3009,low
louisville,2012.0,lincoln,mkx,gas,85925.0,clean,automatic,ky,38.159627,-85.697708,medium
tampa bay area,2014.0,volkswagen,jetta se,gas,189000.0,clean,automatic,fl,28.1913,-82.7279,low
tulsa,2004.0,nissan,titan,gas,140012.0,clean,automatic,ok,36.146286,-95.761017,low
new haven,2012.0,jeep,liberty,gas,102315.0,clean,automatic,ct,40.857,-73.3146,low
san antonio,2012.0,audi,q5 premium plus,gas,113587.0,clean,automatic,tx,29.451,-98.6169,medium
atlanta,2018.0,audi,q3 sport premium plus,other,13927.0,clean,other,ga,33.75,-84.39,high
sacramento,2008.0,lexus,rx,other,199985.0,clean,automatic,ca,38.61508,-121.271713,low
north jersey,2013.0,nissan,altima,gas,88189.0,clean,automatic,nj,40.880934,-74.081473,medium
north mississippi,2012.0,ford,fusion,hybrid,104644.0,clean,automatic,ms,35.172002,-89.943849,medium
columbus,2012.0,bmw,x5,gas,118110.0,clean,automatic,oh,39.49772,-82.33816,medium
kennewick-pasco-richland,1999.0,toyota,corolla,gas,204787.0,clean,automatic,wa,46.213805,-119.161041,low
san diego,2012.0,mini,cooper hardtop,gas,107000.0,clean,manual,ca,34.0268,-118.4733,low
rhode island,2011.0,gmc,sierra 2500hd,gas,165000.0,clean,automatic,ri,42.02041,-71.577251,medium
boulder,2019.0,bmw,5 series 530i xdrive sedan,gas,25809.0,clean,other,co,40.02104,-105.26465,high
lawton,2018.0,nissan,leaf s hatchback 4d,other,37716.0,clean,other,ok,34.6,-98.42,medium
sandusky,2016.0,ford,f150 regular cab xl pickup,gas,14230.0,clean,other,oh,41.43679,-82.67149,high
little rock,2011.0,chevrolet,equinox,gas,95704.0,clean,automatic,ar,34.816797,-92.330915,low
fort collins / north CO,2015.0,toyota,tacoma,gas,130000.0,lien,automatic,co,40.5384,-105.0547,high
tulsa,2006.0,chevrolet,silverado 2500hd lbz,diesel,47733.0,clean,automatic,ok,38.5128,-90.6306,high
eugene,2013.0,nissan,pathfinder,gas,103867.0,clean,automatic,or,44.083056,-123.153025,medium
missoula,2016.0,ford,f-150 lariat,gas,104500.0,clean,automatic,mt,46.3142,-114.096,high
nashville,2014.0,lexus,rx 350,gas,70800.0,,automatic,tn,36.138022,-86.732261,medium
seattle-tacoma,2007.0,ford,explorer sport trac limited,gas,150045.0,clean,automatic,wa,47.1991,-122.3151,medium
jacksonville,2015.0,ford,f-150 platinum 4x4,gas,56451.0,clean,automatic,fl,30.207288,-81.738969,high
roswell / carlsbad,2018.0,ford,f-250,other,84522.0,clean,automatic,nm,35.17116,-97.41159,high
omaha / council bluffs,2011.0,toyota,rav4,gas,100557.0,clean,automatic,ia,41.4502,-97.0631,low
minneapolis / st paul,2001.0,pontiac,grand prix,other,138245.0,clean,automatic,mn,45.019058,-92.984787,low
omaha / council bluffs,2012.0,chevrolet,sonic ltz,gas,75730.0,clean,manual,ia,41.287778,-95.80018,low
shreveport,2018.0,jeep,wrangler unlimited willys,gas,34636.0,clean,other,la,33.779214,-84.411811,high
cincinnati,2005.0,hyundai,elantra,gas,129550.0,clean,automatic,oh,39.38475,-84.549458,low
san antonio,,other,500,gas,19078.0,clean,automatic,tx,33.458277,-111.92597,high
frederick,1997.0,jeep,cherokee,gas,150000.0,clean,manual,md,39.56107,-77.582831,low
central NJ,2020.0,acura,mdx,gas,22500.0,clean,automatic,nj,40.89333,-74.164125,high
"kansas city, MO",2001.0,saturn,l series,gas,160000.0,clean,automatic,ks,39.0401,-94.4951,low
yakima,2015.0,nissan,pathfinder sv,gas,89122.0,clean,automatic,wa,46.552949,-120.475274,medium
gainesville,2017.0,ford,f150 xlt 4wd f-150 4x4,gas,55254.0,clean,automatic,fl,29.803281,-82.527209,high
madison,2020.0,cadillac,ct5 luxury sedan 4d,gas,369.0,clean,other,wi,43.07,-89.38,high
savannah / hinesville,2006.0,lexus,gx 470,gas,242000.0,,automatic,ga,30.513566,-81.621875,medium
bend,2004.0,chevrolet,colorado,gas,217883.0,clean,automatic,or,44.083056,-123.153025,low
greensboro,2016.0,toyota,prius,other,132750.0,clean,automatic,nc,36.024189,-79.802689,medium
seattle-tacoma,1965.0,pontiac,gto,gas,61009.0,clean,manual,wa,33.6372,-96.6184,high
ocala,2013.0,other,Scion xD Hatchback 4D,gas,91825.0,clean,other,fl,29.18,-82.13,medium
modesto,2002.0,ford,explorer,gas,130000.0,clean,automatic,ca,37.657,-121.019,low
colorado springs,2019.0,toyota,4runner limited sport,gas,36630.0,clean,other,co,38.82108,-104.82311,high
pittsburgh,2005.0,honda,civic ex,gas,123000.0,clean,automatic,pa,40.968,-80.391,low
norfolk / hampton roads,2013.0,ford,f-150 xlt,gas,125412.0,clean,automatic,va,36.84422,-76.034768,medium
santa maria,2019.0,chevrolet,silverado 1500 crew,diesel,21890.0,clean,other,ca,33.779214,-84.411811,high
buffalo,2018.0,mitsubishi,outlander phev sel,other,44422.0,clean,other,ny,42.88,-78.85,medium
treasure coast,2012.0,ford,f250 super duty,gas,37333.0,clean,other,fl,27.5008,-80.36,high
oregon coast,2018.0,toyota,rav4,gas,26492.0,clean,automatic,or,43.390723,-124.263982,high
heartland florida,2011.0,dodge,challenger srt8 coupe 2d,gas,16796.0,clean,other,fl,33.7865,-84.4454,high
san antonio,2011.0,mercedes-benz,sl550 amg sport package,gas,55922.0,clean,automatic,tx,30.3432,-97.738975,high
knoxville,2015.0,chevrolet,tahoe lt sport utility,other,51677.0,clean,other,tn,35.97,-83.94,high
north mississippi,2008.0,chrysler,town and country,gas,164282.0,clean,automatic,ms,34.92929,-88.557959,low
baltimore,2011.0,ford,econoline commercial cutaway,gas,105371.0,clean,automatic,md,40.468785,-74.281707,high
colorado springs,1999.0,subaru,legacy,gas,119338.0,clean,automatic,co,39.71087,-105.00285,low
modesto,2013.0,dodge,challenger,gas,58580.0,clean,manual,ca,37.600004,-120.938713,medium
santa fe / taos,2019.0,toyota,tundra crewmax sr5 pickup,gas,15520.0,clean,other,nm,35.67,-105.95,high
el paso,2002.0,toyota,sequoia,gas,200000.0,salvage,automatic,tx,31.8218,-106.5732,low
albuquerque,2013.0,ford,f-350 super duty 4x2 2dr re,gas,51000.0,clean,automatic,nm,36.1149,-115.2161,high
laredo,2014.0,ford,f350,diesel,205730.0,clean,automatic,tx,30.649549,-97.867069,high
duluth / superior,2014.0,ram,pickup 1500 express,gas,119941.0,rebuilt,automatic,mn,45.0645,-93.3413,medium
new york city,2015.0,mercedes-benz,cls-class,gas,50969.0,clean,automatic,ny,40.834225,-73.338792,high
reno / tahoe,2014.0,audi,s6,gas,69000.0,lien,manual,ca,39.2564,-119.9521,high
jonesboro,2017.0,chevrolet,silverado 1500 regular,gas,40784.0,clean,other,ar,35.82,-90.68,high
omaha / council bluffs,2012.0,ford,fusion se,gas,111000.0,clean,automatic,ia,41.2064,-95.9953,low
albuquerque,2017.0,chevrolet,silverado 1500,gas,28753.0,clean,automatic,nm,35.004363,-106.049794,high
springfield,1974.0,jeep,cj5,gas,10000.0,clean,manual,mo,36.3312,-92.3753,low
vermont,2008.0,ford,super duty f-450 drw,gas,118078.0,clean,automatic,vt,40.468785,-74.281707,high
anchorage / mat-su,2017.0,chevrolet,colorado,gas,43152.0,clean,other,ak,61.13336,-149.86595,high
nashville,2008.0,ford,f-250,diesel,192000.0,clean,automatic,tn,36.2125,-86.7257,medium
manhattan,2011.0,ford,fusion,gas,152364.0,clean,automatic,ks,39.040495,-96.829087,low
raleigh / durham / CH,2012.0,gmc,sierra 2500 hd extended cab,gas,68696.0,clean,other,nc,35.82,-78.65,high
south bend / michiana,2016.0,toyota,tacoma access cab sr5,other,79393.0,clean,other,in,41.67,-86.26,high
south bend / michiana,2015.0,chevrolet,ss,gas,40000.0,clean,automatic,in,42.868175,-85.862086,high
redding,2018.0,toyota,4runner trd off road,gas,115564.0,clean,automatic,ca,38.611373,-121.430328,high
maine,2008.0,hyundai,accent,gas,53781.0,clean,manual,me,42.8874,-71.302,low
denver,2009.0,volkswagen,gti 2.0t,gas,177000.0,clean,manual,co,39.7665,-105.0204,low
cleveland,2003.0,honda,accord lx,gas,238511.0,clean,automatic,oh,41.424479,-81.444098,low
kalamazoo,2012.0,dodge,avenger,gas,103682.0,clean,automatic,mi,42.283725,-85.531691,low
san luis obispo,2005.0,lexus,rx 330,gas,211053.0,clean,automatic,ca,35.122159,-120.626169,low
western massachusetts,2013.0,honda,accord,gas,69009.0,clean,automatic,ma,42.0683,-72.6311,medium
san diego,2018.0,bmw,x2,gas,27786.0,clean,automatic,ca,33.056022,-117.2599,high
pittsburgh,2018.0,mercedes-benz,gle 350 4matic,other,49638.0,clean,other,pa,40.43,-79.97,high
new haven,2014.0,toyota,prius four hatchback 4d,other,17234.0,clean,other,ct,41.31,-72.92,medium
lehigh valley,2013.0,chevrolet,cruze ls,gas,129000.0,clean,automatic,pa,40.62651,-75.426528,low
fort collins / north CO,2011.0,subaru,outback 2.5i limited,gas,119463.0,clean,automatic,co,40.151342,-105.103734,low
rhode island,2018.0,toyota,rav4 hybrid limited sport,gas,14520.0,clean,other,ri,41.82,-71.41,high
north jersey,2007.0,buick,rendezvous,gas,18368.0,clean,automatic,nj,40.702538,-74.197759,low
syracuse,2015.0,bmw,7 series 740li xdrive sedan,other,35113.0,clean,other,ny,43.04,-76.14,high
kennewick-pasco-richland,1997.0,chevrolet,2500,gas,206000.0,clean,automatic,wa,46.0614,-118.3315,low
susanville,2014.0,gmc,sierra 1500 double cab,gas,73547.0,clean,automatic,ca,38.738101,-121.29033,high
dallas / fort worth,2013.0,other,FREIGHTLINER M2 106,diesel,239000.0,clean,automatic,tx,32.807252,-96.860962,high
philadelphia,2008.0,gmc,sierra 1500,gas,97268.0,clean,automatic,pa,40.18157,-74.663384,medium
atlanta,2011.0,jaguar,xf 4dr sedan,gas,176109.0,clean,automatic,ga,33.899031,-84.246876,low
northwest CT,2019.0,acura,rdx sh-awd advance pkg,other,60680.0,clean,other,ct,41.81,-72.9,high
cincinnati,2005.0,ford,excursion 2005,diesel,210000.0,clean,automatic,oh,,,low
greenville / upstate,2018.0,toyota,tundra,gas,34446.0,clean,automatic,sc,34.9352,-81.9654,high
reading,2016.0,chrysler,town country touring,gas,136070.0,clean,automatic,pa,40.057044,-76.313026,low
fort collins / north CO,2013.0,subaru,impreza,gas,102753.0,clean,manual,co,40.182151,-105.102373,medium
champaign urbana,2007.0,toyota,camry,gas,179000.0,clean,automatic,il,40.116427,-88.219402,low
denver,2007.0,ford,escape xlt,gas,123329.0,clean,automatic,co,39.67958,-104.932222,low
chico,1994.0,ford,f250,gas,32500.0,clean,automatic,ca,39.7458,-121.8444,medium
monterey bay,2020.0,chevrolet,silverado 2500 hd crew,diesel,11130.0,clean,other,ca,36.6,-121.88,high
chico,2011.0,bmw,5 series,gas,,clean,automatic,ca,38.6239,-121.3837,medium
reno / tahoe,2009.0,chevrolet,malibu,gas,92000.0,salvage,automatic,ca,39.522043,-119.699568,low
bakersfield,2005.0,chevrolet,silverado,gas,115532.0,clean,automatic,ca,35.463637,-118.789785,medium
tulsa,2017.0,rover,,gas,47000.0,clean,automatic,ok,36.1262,-95.9408,high
indianapolis,2011.0,audi,q7 premium plus,gas,140014.0,clean,automatic,in,39.684534,-86.133499,medium
spokane / coeur d'alene,2015.0,dodge,durangon r/t,gas,58346.0,clean,automatic,id,47.699801,-116.791488,high
springfield,2008.0,mercury,milan,gas,97669.0,clean,automatic,il,39.81138,-89.60592,low
worcester / central MA,2005.0,subaru,forester xs awd,gas,124310.0,clean,manual,ma,42.542331,-71.747107,low
rochester,2009.0,chevrolet,hhr,gas,143250.0,clean,automatic,ny,43.157309,-77.847851,low
SF bay area,2012.0,bmw,750i / alpina b7,gas,99135.0,clean,automatic,ca,38.574553,-121.25758,medium
boise,2015.0,mini,paceman,gas,58219.0,clean,automatic,id,43.60536,-116.2868,medium
cleveland,2012.0,jeep,grand cherokee,gas,98000.0,salvage,other,oh,40.810152,-80.425219,low
indianapolis,2012.0,audi,q5,gas,78000.0,clean,automatic,in,39.811194,-86.155472,medium
lansing,2012.0,other,Suzuki Grand Vitara,gas,105001.0,clean,automatic,mi,42.912954,-85.680286,low
green bay,2018.0,honda,civic lx coupe 2d,gas,35931.0,clean,other,wi,44.52,-87.98,medium
columbus,2004.0,lincoln,navigator 4x4,gas,129000.0,clean,automatic,oh,39.956004,-82.771275,low
fort collins / north CO,2019.0,kia,niro lx wagon 4d,gas,42727.0,clean,other,co,40.55,-105.06,medium
seattle-tacoma,2012.0,volkswagen,jetta,gas,152546.0,clean,automatic,wa,47.4889,-122.3012,low
albany,2018.0,chevrolet,silverado 3500hd lt,gas,1655.0,clean,automatic,ny,43.220454,-77.819038,high
anchorage / mat-su,2017.0,kia,sorento,gas,54832.0,clean,automatic,ak,61.154907,-149.865365,medium
elmira-corning,2017.0,chevrolet,silverado 2500hd,gas,100100.0,clean,automatic,ny,43.002421,-77.667238,high
reno / tahoe,1984.0,chevrolet,silverado,gas,38751.0,clean,automatic,ca,33.6372,-96.6184,high
tulsa,2012.0,nissan,versa s,gas,121949.0,clean,automatic,ok,35.990855,-95.886397,low
chicago,2009.0,audi,q7 3.6 premium quattro,gas,152000.0,clean,automatic,il,41.8721,-87.6578,low
san diego,2017.0,mercedes-benz,s 550 sedan,gas,65335.0,clean,automatic,ca,32.8933,-117.118915,high
athens,2013.0,ford,f-150,gas,99500.0,clean,automatic,ga,34.553667,-83.378348,high
sioux falls / SE SD,2013.0,hyundai,santa fe sport,gas,72000.0,rebuilt,automatic,sd,43.4711,-96.8177,medium
boston,2012.0,acura,mdx sh-awd technology,gas,76314.0,clean,automatic,ma,42.603904,-71.029671,medium
lakeland,2012.0,gmc,acadia slt,gas,108000.0,clean,automatic,fl,28.0381,-81.9392,low
anchorage / mat-su,2005.0,dodge,dakota club cab,gas,141514.0,clean,automatic,ak,61.19,-149.8938,low
inland empire,,other,F-150,gas,180.0,clean,automatic,ca,33.458277,-111.92597,high
colorado springs,2005.0,toyota,sequoia limited,gas,176556.0,clean,automatic,co,39.740286,-105.04986,medium
palm springs,2016.0,ram,2500,diesel,61130.0,clean,automatic,ca,34.10722,-117.45531,high
missoula,2016.0,volkswagen,jetta 1.4t se,gas,72586.0,clean,automatic,mt,47.696062,-116.781406,medium
space coast,2019.0,ram,1500 laramie,gas,26052.0,clean,automatic,fl,28.098181,-80.672801,high
austin,2016.0,toyota,prius v two wagon 4d,hybrid,26808.0,clean,other,tx,30.26,-97.74,medium
erie,2014.0,kia,sorento,gas,127204.0,clean,automatic,pa,41.8018,-81.048149,medium
fredericksburg,2013.0,volkswagen,jetta,gas,63655.0,clean,automatic,va,38.352426,-77.753506,low
modesto,2019.0,hyundai,elantra se sedan 4d,gas,19797.0,clean,other,ca,33.7865,-84.4454,medium
killeen / temple / ft hood,2017.0,chevrolet,corvette stingray z51,gas,14712.0,clean,other,tx,31.06,-97.65,high
poconos,2016.0,volkswagen,tiguan se 4motion,gas,137552.0,clean,automatic,pa,41.135956,-75.364945,medium
toledo,2014.0,lexus,ls 460 sedan 4d,gas,60820.0,clean,automatic,oh,41.66,-83.58,high
lexington,2001.0,bmw,x5 4.4i,gas,145500.0,clean,automatic,ky,37.8808,-84.5646,low
rhode island,2017.0,lincoln,navigator select sport,other,62655.0,clean,other,ri,41.82,-71.41,high
corvallis/albany,2013.0,subaru,impreza sedan wrx,gas,94345.0,clean,manual,or,47.81247,-122.32164,medium
fort collins / north CO,2016.0,nissan,frontier crew cab sv,gas,38282.0,clean,other,co,40.55,-105.06,high
eau claire,2017.0,lincoln,navigator l select sport,gas,76216.0,clean,automatic,wi,44.82,-91.49,high
minneapolis / st paul,2018.0,jeep,compass,gas,41862.0,clean,automatic,mn,44.785945,-93.287012,medium
spokane / coeur d'alene,2017.0,ford,f450 super duty crew cab,diesel,16806.0,clean,automatic,id,47.197304,-122.291776,high
portland,1972.0,chevrolet,,gas,75000.0,clean,automatic,or,45.49496,-122.666988,medium
fort wayne,2011.0,jeep,grand cherokee,gas,141844.0,clean,automatic,in,40.573231,-84.184755,medium
maine,2015.0,toyota,tundra 4wd truck,gas,126046.0,clean,automatic,me,44.104246,-70.086285,high
jonesboro,2017.0,toyota,tacoma access cab sr,gas,22820.0,clean,other,ar,35.82,-90.68,high
southeast alaska,2016.0,dodge,grand caravan sxt,gas,61493.0,clean,automatic,ak,58.3628,-134.5294,medium
jonesboro,2019.0,nissan,370z nismo coupe 2d,gas,8373.0,clean,other,ar,35.82,-90.68,high
holland,2020.0,gmc,sierra 1500,gas,5894.0,clean,automatic,mi,42.448987,-85.661948,high
zanesville / cambridge,2016.0,nissan,altima,gas,95177.0,clean,automatic,oh,39.748631,-82.660598,low
fresno / madera,2004.0,honda,cr-v,gas,72000.0,clean,automatic,ca,33.811,-117.8493,low
minneapolis / st paul,2008.0,ford,f750 super duty - 55ft,diesel,81214.0,,automatic,mn,45.082884,-94.33476,high
fort collins / north CO,2020.0,buick,encore gx select sport,gas,1113.0,clean,automatic,co,40.55,-105.06,high
baltimore,2013.0,ford,mustang,gas,53800.0,clean,manual,md,39.1618,-76.6297,high
south jersey,2005.0,subaru,forester (natl),gas,155220.0,clean,automatic,nj,40.185945,-74.749874,low
orlando,2008.0,ford,f250 super duty 4x4,diesel,262000.0,clean,automatic,fl,28.3112,-81.6643,low
oklahoma city,2007.0,rover,sport,gas,205000.0,clean,automatic,ok,35.529798,-97.565518,low
rochester,2013.0,volkswagen,eos sport convertible,gas,24294.0,clean,automatic,mn,44.01,-92.47,medium
redding,2018.0,lincoln,navigator reserve,gas,28200.0,clean,automatic,ca,40.5605,-122.4116,high
orange county,2007.0,lexus,gs350,gas,160230.0,clean,automatic,ca,33.725427,-117.96914,medium
orange county,1988.0,other,1988 Nisan,gas,120000.0,clean,manual,ca,33.654019,-117.980606,low
kalamazoo,2013.0,ford,f-150,gas,120996.0,clean,automatic,mi,42.447943,-85.660118,medium
central NJ,2000.0,lincoln,ls,gas,161969.0,clean,automatic,nj,40.18157,-74.663384,low
appleton-oshkosh-FDL,2013.0,dodge,grand caravan,gas,114730.0,clean,automatic,wi,43.790599,-88.446483,low
fayetteville,2015.0,ram,1500,diesel,151942.0,clean,automatic,ar,36.2554,-94.1308,high
chautauqua,2002.0,toyota,rav4,gas,150000.0,clean,automatic,ny,42.1239,-79.1895,low
binghamton,2008.0,jeep,wrangler,gas,113573.0,clean,other,ny,43.21699,-77.75561,medium
salem,2011.0,audi,a3 2.0t premium plus pzev,gas,150184.0,clean,automatic,or,44.925908,-122.982753,low
madison,2015.0,porsche,cayenne,hybrid,61943.0,clean,automatic,wi,43.029559,-89.397796,high
norfolk / hampton roads,2017.0,ram,1500 crew cab big horn,gas,35921.0,clean,other,va,36.67,-76.3,high
